12,125561082,A,G
12,125618592,C,T
12,125612781,C,T
12,125626718,C,G
12,125613930,C,T
12,125609313,C,G
12,125626689,G,T
12,125626690,G,T
12,125613889,G,T
12,125619373,C,T
12,125618604,C,T
12,125612799,G,T
12,125576036,C,G
12,125609323,T,A
12,125621357,G,T
12,125613888,G,T
12,125621346,C,T
12,125621282,C,G
17,67215830,C,A
17,67181702,C,A
17,67161127,C,A
17,67170860,C,A
17,67186585,T,A
17,67170797,T,A
17,67190529,C,T
17,67170783,C,A
17,67170784,C,A
17,67186584,C,A
17,67178860,C,A
17,67188758,C,T
17,67190585,T,G
17,67197798,G,T
17,67151277,C,A
17,67215886,C,A
17,67178890,C,T
17,67197767,G,C
17,67171589,G,T
17,67197703,C,A
17,67197793,C,A
17,67150045,T,C
17,67152030,C,A
17,67218773,C,T
17,67212137,G,T
17,67149676,G,A
17,67178412,G,T
17,67215832,C,T
17,67178393,C,A
17,67190544,A,G
17,67197662,A,G
17,67148534,G,A
17,67186559,C,A
17,67188717,C,A
17,67161197,C,A
17,67161198,C,T
17,67170434,A,C
17,67197675,C,A
17,67148553,C,A
17,67190582,C,A
17,67098996,T,C
17,67124866,A,T
17,67103890,G,C
17,67079063,C,G
17,67133539,C,T
17,67136823,C,T
17,67129836,C,G
17,67079099,C,G
17,67132284,A,T
17,67109503,T,C
17,67079439,C,T
17,67092911,C,A
17,67081858,C,A
17,67098978,T,A
17,67082829,C,A
17,67079363,C,A
17,67129976,C,T
17,67081803,C,A
17,67114099,T,A
17,67111003,C,A
17,67108373,C,T
17,67136851,T,A
17,67101833,C,T
17,67132165,C,A
17,67081770,C,A
17,67077229,C,A
17,67130881,G,T
17,67092780,C,A
17,67102072,G,T
17,67119514,G,A
17,67083546,T,A
17,67081325,T,G
17,67031813,A,G
17,66979867,C,A
17,66982438,C,T
17,66985997,C,T
17,66980199,C,A
17,67045515,A,G
17,67003946,C,T
17,66982403,C,A
17,67017992,C,A
17,67047243,C,A
17,67031811,C,T
17,66982457,C,T
17,66978702,C,G
17,67023203,C,G
17,67023852,G,A
17,67031800,C,G
17,66972083,C,A
17,67031487,C,A
17,67039769,C,A
17,67014665,C,T
17,66982325,G,A
17,67016573,A,T
17,67023829,C,A
17,66982403,C,G
17,67023491,C,T
17,67013932,T,C
17,66986005,T,C
17,67008177,C,A
17,66985243,C,A
17,67047172,C,A
17,66986013,C,A
17,67012515,A,T
17,67031405,G,A
17,67039722,T,A
17,67016539,G,T
17,67031860,C,T
17,67039705,G,A
17,67023539,C,A
X,74284929,C,T
X,74288884,C,A
X,74291423,C,A
X,74295409,C,G
X,74291487,C,A
X,74375975,G,T
X,74273222,C,T
X,74290242,C,T
X,74273171,C,A
X,74280087,C,G
X,74332752,C,G
X,74293742,C,T
X,74318789,C,A
X,74289225,A,T
6,43415620,G,A
6,43415472,G,A
6,43400666,G,C
6,43400872,G,T
6,43411937,G,T
6,43410855,G,T
6,43411736,G,A
6,43411980,G,T
6,43399993,G,T
6,43413494,G,C
6,43413337,G,T
6,43417878,G,T
6,43417772,C,A
6,43417225,C,T
6,43395680,G,T
6,43406298,G,T
16,16297269,G,A
16,16267179,C,A
16,16248520,C,T
16,16302622,C,G
16,16278829,G,C
16,16276354,C,A
16,16267233,G,C
16,16284195,C,A
16,16297439,C,A
16,16256971,C,A
16,16297293,G,A
16,16267190,G,C
12,22078928,C,A
12,22063152,T,C
12,21971084,C,A
12,22012543,G,A
12,22013934,A,T
12,21958111,C,A
12,21958120,C,G
12,22048235,C,A
12,22068801,T,A
12,22086858,C,A
12,21970121,C,A
12,22025639,T,C
12,22068699,T,C
12,22025600,G,A
12,22063216,A,G
12,22028652,A,G
12,22063861,C,G
12,22063913,C,T
12,22069878,C,T
12,22089557,C,G
12,21970224,A,T
12,22086768,C,G
12,22069983,T,C
12,22028585,T,C
12,21997461,G,T
12,22012531,T,C
12,22040803,T,G
12,21998656,G,T
12,21981911,C,G
12,22068796,G,T
12,22068791,C,G
12,22035700,C,A
12,21970206,C,A
12,22065815,G,T
12,22015965,T,A
12,22086820,G,T
12,22063859,T,A
12,22005368,C,A
3,183907380,C,A
3,183905743,G,C
3,183911183,A,T
3,183907648,C,G
3,183906918,G,T
3,183909032,C,A
3,183906908,C,G
3,183903929,G,T
3,183909004,C,T
3,183910606,G,A
3,183905677,G,T
3,183910685,G,T
3,183909039,G,A
21,43711290,C,T
21,43706010,A,T
21,43708309,G,T
21,43706065,G,T
21,43705992,T,C
21,43708163,C,T
21,43704715,A,T
21,43621828,C,G
21,43716393,T,C
21,43706075,G,T
21,43645931,C,T
21,43645891,A,T
21,43706025,G,T
4,89020572,C,T
4,89020602,T,A
4,89018623,G,A
4,89018658,T,A
4,89016684,T,A
4,89042903,T,C
4,89022469,G,T
4,89013464,G,T
4,89013502,C,T
4,89034705,G,A
4,89042865,G,A
4,89052318,G,A
4,89036201,C,G
4,89052258,G,A
4,89034566,G,T
20,25300871,G,C
14,23072500,G,C
14,23078735,C,A
14,23072799,G,T
14,23072417,G,T
3,43744032,C,A
3,43743798,G,A
3,43760116,C,G
5,148586662,C,A
5,148563037,C,A
5,148627386,G,A
5,148620262,C,A
5,148618808,A,T
5,148627393,C,T
5,148617109,T,A
5,148632354,G,A
5,148626046,G,T
5,148586668,C,A
5,148632393,G,T
5,148579953,T,C
5,148627361,G,T
5,148620251,G,T
5,148627394,G,T
5,148624548,G,A
5,148626096,G,A
5,148586668,C,A
5,148596606,A,G
5,148617020,G,C
5,148521551,G,A
9,136131529,C,A
9,136136720,C,A
9,136131636,C,T
9,136135254,G,A
3,127394816,C,G
3,127399219,C,G
3,127395387,C,T
3,127395254,G,A
3,127393268,G,T
3,127395174,G,A
12,109613743,A,T
12,109680251,C,A
12,109577742,G,T
12,109577747,T,C
12,109577466,G,T
12,109609686,G,T
12,109680382,G,T
12,109611946,G,T
12,109680336,G,T
12,109577565,G,T
12,109577566,G,T
12,109694035,G,T
12,109577645,C,A
12,109679000,C,T
12,109679001,C,T
12,109617030,G,T
12,109654629,C,T
12,109614007,G,A
12,109639376,T,C
12,109678885,C,T
12,109644622,G,T
12,109577604,G,T
12,109644547,G,T
12,109670472,A,G
12,109613747,G,A
12,109703289,C,T
12,109698352,C,A
12,109613836,G,T
12,109698455,G,C
12,109577486,A,C
12,109654631,G,T
12,109654632,G,T
12,109671560,G,C
12,109605836,G,T
12,109637270,G,A
12,109674996,C,T
12,109678897,G,A
12,109700163,G,T
12,109577847,C,T
12,112147407,G,T
12,112167688,A,T
12,112182571,G,T
12,112159472,C,A
12,112147546,C,T
12,112153654,G,A
12,112186168,G,T
12,112159498,C,T
12,112184050,C,T
12,112184988,C,G
12,112147373,G,C
12,112191590,G,T
12,112191591,G,C
12,112130648,G,C
12,112184978,G,A
3,128598521,G,C
3,128631652,C,G
3,128623262,G,A
3,128621414,A,T
3,128623263,T,C
3,128598589,G,A
3,128621404,G,C
3,128631436,G,T
3,128622927,C,T
3,128623218,G,A
3,128631655,A,T
12,121175683,C,T
12,121177209,G,T
15,89400747,C,T
15,89392725,T,A
15,89400993,G,T
15,89401853,A,T
15,89400555,C,A
15,89401209,A,G
15,89417156,C,A
15,89400720,G,A
15,89414627,G,A
15,89386832,C,T
15,89400503,G,C
15,89392759,C,A
15,89389063,A,G
15,89416218,G,T
15,89402294,G,C
15,89392931,A,G
15,89385009,A,G
15,89415260,G,T
15,89392886,G,A
15,89401263,T,A
15,89398511,C,G
15,89382144,C,T
15,89382102,C,A
15,89398465,T,A
15,89401784,G,T
15,89383305,C,T
15,89383370,C,G
15,89383359,G,A
15,89401532,G,A
15,89382207,T,A
15,89392926,G,T
15,89403616,G,T
15,89415265,G,T
15,89386758,C,T
15,89401655,C,A
15,89400400,C,T
15,89401396,C,A
15,89381966,C,T
15,89390529,G,T
15,89392775,C,A
15,89382237,C,A
15,89388874,T,C
15,89386810,G,A
15,89386626,C,T
15,89386683,G,T
15,89385034,G,A
15,89417110,G,T
15,89386810,G,A
15,89395200,C,A
15,89400832,C,A
15,89402517,T,C
15,89401738,G,A
15,89401442,G,A
15,89386860,C,T
15,89417108,A,G
17,7246801,C,G
17,7246853,G,T
17,7250478,C,G
17,7249762,G,T
11,108016991,T,C
11,108004609,G,A
11,108010912,G,T
11,108002667,A,C
1,226349305,C,G
1,180257587,G,A
1,180257516,G,A
1,180257594,G,T
1,180257631,T,A
16,67694282,G,A
16,67693419,G,A
16,67693452,C,A
16,67694252,C,A
16,67692248,C,A
16,67692391,T,A
16,67691946,C,T
6,24698141,G,A
X,23722069,T,C
X,23740786,C,A
X,23740787,C,A
X,23723693,G,T
X,23749030,G,C
17,73945404,T,C
17,73944525,G,C
17,73956347,C,A
17,73945907,T,C
17,73945656,G,A
17,73975108,G,A
2,111691108,G,T
2,111542323,G,T
2,111721234,A,C
2,111850516,C,A
2,111542308,G,T
2,111542309,G,T
2,111691150,G,T
2,111691125,G,T
2,111691148,G,T
2,111789245,G,T
2,111556667,G,A
2,111850528,G,T
2,275160,C,T
2,272282,C,T
2,277071,G,C
2,264964,G,A
2,272088,G,T
2,277226,G,T
19,11685955,T,C
19,11687681,G,A
19,11687567,G,A
19,11687568,A,T
19,11687316,T,A
19,11687570,A,T
1,147126372,C,A
1,147124193,C,A
12,6748154,C,G
12,6756075,C,G
12,6747364,G,T
12,6749349,G,A
12,6754460,G,A
16,89178649,A,T
16,89211809,G,T
16,89211799,C,T
16,89180750,G,A
16,89169122,G,A
16,89187217,G,C
16,89212441,C,T
16,89220592,A,C
16,89178532,G,T
16,89187304,G,T
16,89167225,G,T
16,89180747,G,C
20,24994697,A,T
20,25038481,G,C
20,24995868,T,C
20,25003719,T,A
20,24994617,G,A
20,24988421,C,A
17,79479369,C,A
17,79478006,C,T
17,79478702,C,T
17,79478070,G,T
17,79479283,G,A
17,79479155,C,A
17,79479022,G,C
3,179287864,C,A
3,179287926,C,T
3,179294442,T,C
3,179287990,G,A
3,179298699,C,G
3,179287650,A,G
3,179292203,G,C
3,179298679,C,A
14,69349271,C,A
14,69345187,C,A
14,69349638,G,C
14,69378902,C,A
14,69356961,C,A
14,69346715,C,T
14,69376758,C,G
14,69354646,T,A
14,69347566,C,A
14,69341722,T,C
14,69445737,T,C
14,69341514,G,A
14,69347641,C,T
14,58681922,G,A
14,58690364,T,G
14,58666919,C,G
2,114699825,G,T
2,114685027,C,G
2,114691893,A,C
2,114709124,T,A
20,37394929,A,G
20,37394972,G,A
20,37384544,G,A
20,37400489,C,T
20,37384668,G,C
20,37400434,G,T
3,53908366,C,G
3,53910669,T,A
3,53905326,G,A
3,53905380,C,T
3,53911340,T,A
3,53908248,T,C
3,53904143,T,A
2,158626933,A,G
2,158622628,A,G
2,158617506,G,A
2,158634730,G,T
2,158622640,C,T
2,158637031,C,A
2,158656003,C,A
2,158626930,C,T
2,158617481,T,A
3,38519453,G,T
3,38524706,G,T
3,38524628,G,T
3,38519355,G,T
2,54365808,G,T
2,54365795,G,C
15,58938268,C,G
15,58971391,G,A
15,58902554,C,A
15,58933072,C,A
15,58957351,G,C
15,58902605,C,T
15,58974496,A,T
15,58889786,C,A
5,156920071,C,A
5,156918897,C,T
5,156964958,G,A
5,156964947,G,T
5,156991421,C,G
5,156957869,G,C
5,156918894,G,T
5,156915298,G,T
5,156915450,G,T
5,156915334,G,T
5,156916183,C,A
5,156923992,C,A
5,156997940,G,T
5,156934092,G,T
5,156926626,C,A
5,156946889,C,A
5,156917428,G,T
5,156917429,G,T
5,156920137,G,C
5,156946857,C,A
5,156917449,C,A
5,156916128,C,T
5,156921695,C,G
5,156929912,A,T
5,156921692,C,A
5,156932741,C,A
5,156915443,G,T
5,156929856,G,T
5,156921727,G,T
5,156934148,C,A
5,156923986,T,C
5,156907982,C,T
5,156915349,A,C
5,156920037,C,A
5,156964936,G,C
5,156907911,C,A
5,156917346,G,A
5,156915444,G,T
5,156997941,G,A
5,156997967,G,T
5,156915310,C,T
8,38884267,T,A
8,38884248,G,T
8,38961283,G,T
8,38934810,G,T
8,38912024,G,T
8,38899496,G,T
8,38913229,C,A
5,5146296,C,A
5,5146295,C,A
5,5182300,G,T
5,5239326,C,T
5,5237117,G,T
5,5237198,G,A
5,5239830,G,A
5,5303785,C,A
5,5182313,C,A
5,5186342,A,T
5,5191905,T,G
5,5303568,G,T
5,5191879,C,A
5,5191880,C,A
5,5190192,C,A
5,5209325,A,T
5,5190105,C,T
5,5146398,G,C
5,5239937,C,T
5,5235125,A,G
5,5232579,G,T
5,5191805,A,T
5,5146425,G,A
5,5186188,G,T
5,5239336,T,G
5,5239824,G,C
5,5239860,C,G
5,5319167,C,A
5,5239332,T,C
5,5306772,C,A
5,5239824,G,T
5,5237155,A,T
5,5182283,G,A
5,5239922,G,C
5,5303493,A,G
5,5232627,C,A
5,5190086,A,G
5,5303444,C,A
5,5237092,A,C
5,5239362,C,T
5,5146362,C,A
5,5146311,C,G
5,5200294,G,A
5,5303727,G,T
5,5237160,G,A
5,5303853,C,A
5,5200305,G,A
5,5235286,C,A
5,5232586,G,A
5,5146374,G,A
5,5182390,G,T
5,5303571,C,T
5,5318377,C,A
5,5191887,C,T
5,5319161,C,A
5,5242179,G,T
5,5242206,A,T
5,64766967,C,A
5,64510496,A,T
5,64510611,G,A
5,64492849,T,A
5,64511296,T,A
5,64587178,G,T
5,64538006,G,A
5,64483995,G,A
5,64748738,T,G
5,64466556,C,A
5,64447678,G,T
5,64556443,C,T
5,64747409,G,A
5,64587157,C,A
5,64587158,C,A
5,64769486,C,A
5,64748737,T,C
5,64520212,A,C
5,64537948,C,A
5,64492968,T,A
5,64587275,C,A
5,64747992,C,G
5,64511240,C,T
5,64625273,C,G
9,18706887,G,T
9,18817158,C,A
9,18770629,G,C
9,18574179,T,A
9,18681848,G,C
9,18776906,G,T
9,18681811,G,A
9,18622297,C,A
9,18662029,A,T
9,18777678,G,T
9,18635992,T,C
9,18662046,T,A
9,18889718,G,T
9,18681948,A,G
9,18777140,C,T
9,18770771,T,A
9,18706942,A,G
9,18776831,G,T
9,18777150,A,C
9,18795486,G,T
9,18574147,T,C
9,18906997,A,T
9,18680333,C,A
9,18661978,G,T
9,18636003,C,A
9,18826354,G,C
9,18639360,A,C
9,18889700,C,A
9,18706841,G,T
9,18684735,A,C
9,18622307,G,A
9,18777725,C,A
9,18777726,C,T
9,18905849,G,A
9,18504846,C,A
9,18775881,G,T
9,18680585,C,A
9,18905638,G,T
9,18622356,C,G
9,18504846,C,G
9,18474251,A,T
9,18680332,G,T
9,18829950,G,T
9,18657655,G,C
9,18770633,C,G
9,18777002,G,T
9,136420825,C,G
9,136438987,G,T
9,136406063,G,C
9,136406064,G,T
9,136402557,G,T
9,136405802,C,A
9,136412196,G,A
9,136401770,G,T
9,136420762,C,T
9,136432118,A,T
9,136439935,C,A
9,136405847,C,A
9,136420807,C,G
9,136403486,G,C
9,136403486,G,T
9,136406041,G,T
9,136433834,C,T
9,136439009,G,A
9,136439100,G,T
9,136433596,G,T
16,75634134,C,A
16,75634051,G,T
2,25043713,C,T
2,25064493,C,A
2,25061491,C,A
2,25059851,C,T
2,25050872,G,A
2,25057763,G,A
2,25054603,A,G
2,25057771,C,T
2,25044490,T,A
16,4164582,G,A
16,4057537,C,A
16,4165292,G,A
16,4016167,T,C
16,4015805,T,A
16,4042218,G,C
16,4164189,G,A
16,4016478,C,T
16,4016268,G,A
16,4016222,T,A
16,4164490,C,A
16,4164501,G,C
16,4164240,C,A
16,4165247,C,T
16,4165069,G,A
16,4164527,G,A
16,4164782,A,G
16,4057495,G,A
16,4164474,C,T
8,67366010,C,A
8,67366062,G,T
8,67366044,G,T
8,67357514,G,T
8,67357583,G,C
8,67364273,G,T
8,67361160,A,T
8,67355077,G,A
8,67365981,G,C
5,159344024,C,T
5,159344182,C,T
5,159344165,G,T
5,159344455,C,A
5,159344430,C,G
5,159344154,A,G
5,159344009,A,T
5,159344042,A,G
5,159344726,G,T
5,159344556,C,T
5,159344583,G,T
5,148691761,G,A
5,148712329,C,A
5,148685935,C,A
5,148712357,C,T
5,148712379,G,T
5,148699197,T,A
5,148712335,G,C
5,148695460,G,T
5,148709278,G,T
5,148680744,C,A
5,148689530,C,A
5,148712329,C,T
5,148679077,G,C
7,150815701,G,T
7,150784108,G,C
7,150784029,G,T
7,150839652,A,G
7,150825706,G,C
7,150841027,A,G
7,150839674,G,C
7,150817157,C,T
7,150831588,G,T
7,150817200,A,G
7,150814462,G,C
7,150840846,G,T
7,150817229,C,T
7,150839138,A,T
7,150841002,A,T
7,150839715,C,T
10,75435270,C,A
10,75434251,T,C
10,75434642,C,A
10,75434611,C,A
10,75435507,T,C
6,161567608,G,C
6,161565243,C,T
6,161653134,G,A
6,161575295,G,C
6,161565250,G,T
6,161653138,G,A
6,161574506,C,A
6,161575192,C,A
6,161574502,G,A
6,161557463,C,T
6,161560499,C,T
6,161575173,C,A
6,161575121,G,A
6,161574506,C,T
6,161653260,C,A
6,161587281,C,A
7,16900155,C,A
7,16900125,T,A
16,67516688,A,C
16,67517006,G,C
9,88292465,T,A
9,88193913,T,C
9,88247589,T,A
9,88247825,T,C
9,88292350,C,A
9,88200404,C,T
9,88236124,T,C
1,247013073,C,T
1,247004160,C,G
1,247014516,C,A
1,247013698,C,T
1,247057967,T,C
1,247065836,C,A
1,247014498,C,A
1,247004094,A,G
1,247039463,C,G
1,247048798,T,C
1,247065950,T,C
1,247063503,T,A
1,247025359,C,G
1,247024452,C,A
1,247024416,C,A
1,247063718,C,A
1,247068858,T,C
1,247068885,C,G
1,247058024,G,A
1,247013113,T,A
1,247076619,A,T
1,247065962,C,T
1,247051502,T,A
1,247013838,C,A
1,247063772,C,A
1,247063773,T,A
1,247068840,T,A
1,247013024,C,T
1,247014368,C,A
1,247014369,T,A
7,129049331,G,A
7,129062682,C,A
7,129046264,G,C
7,129045719,G,C
7,129053479,A,T
7,129067072,G,T
7,129049354,A,G
7,129008294,T,G
7,129064950,A,T
7,129043237,G,C
20,32881905,C,A
20,32878141,C,T
20,32879309,C,A
20,32878564,T,C
20,32873372,C,T
20,32878562,G,A
6,135784321,G,A
6,135776961,C,G
6,135778795,C,A
6,135778818,C,A
6,135776901,C,T
6,135787419,C,A
6,135763846,G,T
6,135776873,T,A
6,135611635,C,T
6,135763829,G,C
1,159043057,G,T
1,159036095,G,T
1,159036096,G,T
1,159035799,C,A
1,159032508,C,A
1,159035974,A,C
1,159035705,G,A
1,159035755,G,A
1,159036024,G,T
1,159035745,A,G
1,159035710,A,G
1,159035876,G,C
1,159033403,A,G
1,159038400,G,A
4,107258088,A,T
4,107268722,G,T
4,107249400,G,C
9,130635071,G,A
9,130630759,G,A
12,4736765,A,T
12,4737738,G,C
12,4737626,C,T
12,4736589,G,C
12,4736526,C,A
12,4736589,G,A
12,4737964,G,T
12,4737400,C,T
12,4737285,A,T
12,4737207,G,A
12,4735925,A,C
12,4737038,C,T
12,4737038,C,G
12,4736114,C,A
12,4736530,G,C
12,4737269,T,C
12,4724963,T,G
12,4736536,T,C
12,4747357,T,C
12,4736204,C,A
14,33068651,C,G
14,33291465,G,A
14,33293407,G,C
14,33291219,A,G
14,33291383,G,C
14,33242894,G,A
14,33292940,G,T
14,33004780,T,G
14,32902910,C,G
14,33014499,A,G
14,33014557,G,T
14,32902814,G,T
14,33015051,G,T
14,33290675,G,A
14,33046325,G,T
14,33290934,G,T
14,33014719,G,T
14,33046386,G,T
14,33293096,G,T
14,33015751,T,C
14,33291653,A,G
14,33292084,A,T
14,33015074,G,A
14,33165245,G,T
14,33015208,C,T
14,33014693,T,A
14,33005003,A,T
14,33014449,C,T
14,33291952,C,T
14,33242896,G,T
14,33015676,G,T
14,33291320,G,C
14,33291826,T,A
14,33291371,C,T
14,32902804,G,T
14,33291214,G,C
14,33292102,G,A
14,33292074,G,A
14,33292194,A,T
14,33242914,C,T
14,33147594,G,T
14,33290767,A,T
14,33015819,C,T
14,33015129,A,T
14,33016066,A,T
14,33291281,A,T
14,33165317,G,T
14,33205041,G,T
7,134260294,G,T
7,134252980,C,A
7,134254279,A,G
7,134253022,A,T
7,134254480,G,A
7,134252977,G,C
7,134254360,T,A
7,134261132,G,T
7,134260652,G,T
7,134260625,C,A
7,134260657,C,A
7,134254400,G,T
7,134260294,G,T
7,134260639,G,A
10,4879695,G,T
10,4889419,C,T
10,4875556,C,A
10,4879674,C,T
10,4889810,G,A
10,4877928,G,T
10,4872963,G,T
10,4877971,C,G
10,4872896,G,A
10,4872893,A,G
19,50373285,C,T
19,50375081,C,T
19,50374892,T,C
1,243727068,G,T
1,243675703,A,T
1,243809209,G,A
1,243736282,A,G
1,243708818,A,G
1,243828134,C,A
1,243800930,C,A
1,243668538,G,T
1,243663046,T,G
1,243809238,C,T
1,243858929,C,G
1,243778452,T,A
9,116154500,G,A
3,52236729,G,T
3,52248317,T,G
3,105264032,G,T
3,105269047,C,G
3,105243211,G,A
3,105252472,G,T
3,105086291,C,A
3,105086174,C,A
3,105266233,G,T
3,105266234,G,T
3,105271017,G,C
19,49967388,C,T
19,49964104,C,T
19,49964950,G,T
19,49967389,G,T
19,49967889,G,T
19,49968019,G,T
19,49965973,C,G
19,49965148,G,A
19,49967495,G,T
19,49969066,T,A
19,49973632,C,G
9,75543859,G,A
9,75531945,A,G
9,75533738,C,A
9,75545838,T,C
9,75526923,G,T
9,75526897,C,T
9,75545883,G,A
9,75526984,C,G
15,58285002,G,A
15,58247366,G,T
15,58247262,G,T
15,58257929,C,A
15,58306089,T,A
15,58302882,C,A
15,58302865,C,G
15,58247428,C,A
15,58247337,A,G
15,58306126,T,C
15,58253451,C,A
15,58306388,T,C
15,58285171,G,T
15,58247323,G,C
12,112237742,C,A
12,112237854,G,T
12,112235926,G,T
5,125885926,G,C
5,125912853,T,A
5,125896781,T,C
5,125912887,C,T
5,125930857,C,A
12,34179612,G,T
12,34179644,G,T
12,34179850,A,T
12,34175689,A,T
12,34177036,G,C
12,34179903,A,G
12,34179154,G,T
12,34175454,C,T
12,34175368,G,A
12,34175352,C,T
12,34175705,G,T
12,34175706,G,T
12,34179527,G,C
12,34175383,G,A
12,34179442,G,T
12,34176900,G,A
12,34179422,G,A
12,34175705,G,T
12,34179132,A,T
12,34179118,C,T
12,34178815,G,T
12,34179553,A,T
12,34175423,G,C
13,52598371,C,G
13,52598366,G,T
13,52602505,G,T
13,52586564,G,T
13,52593196,G,T
13,52602691,A,G
13,52598305,T,G
22,50302925,G,A
22,50301555,G,T
22,50297408,T,A
X,110951467,C,A
X,110979968,A,T
X,110996020,A,T
X,110924591,C,T
X,110978350,G,T
X,110988103,G,A
X,110970074,G,T
X,110951607,G,T
X,110928266,C,T
X,110951510,C,T
X,111002979,G,A
X,110980041,A,G
X,110924591,C,G
X,110980035,A,T
X,110988105,G,C
1,95530454,G,C
11,77825338,G,C
11,77832145,T,C
11,77830262,C,A
11,77823813,G,A
12,109527870,G,C
12,109530431,C,G
12,109530601,A,G
7,102097954,C,A
7,102100065,C,G
7,102097955,G,A
17,7950631,G,A
17,7943288,C,A
17,7945724,G,A
17,7942594,C,T
17,7951097,C,T
17,7950584,C,G
17,4534833,C,A
17,4539076,G,A
17,4536185,T,C
17,4536575,C,G
17,4536467,C,A
17,4536594,C,A
1,21902329,C,A
1,21900252,C,G
1,21889729,A,T
1,21902372,G,A
2,233245182,C,G
2,233246399,C,G
2,233245131,G,A
2,233245175,C,T
2,233245150,C,A
2,233244495,C,T
2,233244520,G,T
2,233245181,C,A
2,233246361,C,A
2,233243985,C,A
2,233243986,C,A
2,233246046,C,T
2,233243998,C,G
2,233244593,C,T
2,202588118,T,C
2,202591213,T,C
2,202582828,C,T
2,202611433,G,A
2,202625644,C,G
2,202625946,G,A
2,202626448,C,T
2,202593271,C,A
2,202609145,T,C
2,202603421,C,A
2,202588165,C,A
2,202626489,C,A
2,202614485,C,A
2,202614475,C,A
2,202626359,C,A
2,202572615,G,A
2,202611466,G,A
2,202598062,C,A
2,202582933,C,A
2,202606351,G,C
2,202633663,C,G
2,202571685,C,A
11,46563725,G,A
11,46455142,C,A
11,46564402,C,G
11,46563784,C,T
11,46418995,T,G
11,46430094,C,A
11,46455071,G,A
11,46455144,C,A
11,46455146,T,A
11,46515726,C,G
11,46568663,G,A
11,46419198,C,A
1,110168300,C,A
1,110171966,C,T
1,110168292,C,G
1,110168960,G,T
1,110163670,G,A
1,110172893,C,T
1,110163646,G,T
1,110168042,A,T
1,110170757,G,T
11,10500113,C,T
11,10500167,A,G
11,10514898,G,A
10,73992792,G,T
10,73992776,A,T
10,73990158,T,C
2,112545811,C,A
2,112604723,G,C
2,112545896,A,G
2,112540062,C,A
2,112540063,C,A
2,112605391,C,T
2,112615883,C,A
2,112592273,G,T
2,112625635,A,G
2,112545863,C,T
2,112545812,G,A
2,112601107,C,T
2,112588917,C,A
2,112566589,C,A
2,112566590,C,A
4,25395985,G,C
4,25408818,G,T
4,25416101,C,T
4,25398363,G,T
4,25382048,A,G
4,25417102,G,T
4,25394003,G,A
12,121747580,T,C
12,121773445,G,A
12,121790164,C,A
12,121747584,T,C
12,121784752,A,G
12,121766213,C,G
12,121775093,C,A
12,121746298,C,G
12,121766252,C,A
12,121764982,C,A
12,121766294,C,G
9,129870628,C,T
9,129870961,A,G
9,129870489,G,T
4,114171000,C,T
4,114286205,C,A
4,114288811,C,T
4,114290745,T,A
4,114179548,C,A
4,114278467,C,A
4,114278468,T,C
4,114278765,C,G
4,114294557,C,A
4,114251454,A,T
4,114276714,G,T
4,114163317,G,T
4,114277965,G,A
4,114294601,C,T
4,114294602,A,C
4,114257903,T,C
4,114277294,C,G
4,114274342,C,A
4,114276758,A,T
4,114280096,G,A
4,114275786,T,C
4,114277008,G,T
4,114176923,G,T
4,114244917,G,T
4,114278434,C,T
4,114279550,C,A
4,114279551,C,A
4,114163342,G,A
4,114257891,T,C
4,114158219,C,T
4,114278095,G,T
4,114275159,G,T
4,114275770,C,T
4,114179473,G,T
4,114179244,C,A
4,114179245,C,A
4,114254280,A,T
4,114274590,A,T
4,114278501,C,A
4,114203953,G,T
4,114276175,C,A
4,114280399,C,A
4,114199072,C,T
4,114158246,T,A
4,114275193,C,A
4,114278824,C,A
4,114279970,C,A
4,114274486,G,A
4,114257162,G,C
4,114161692,G,C
4,114153332,T,A
4,114274319,C,G
4,114275674,G,C
4,114195639,G,T
4,114199020,G,T
4,114195799,T,A
4,114280154,A,T
4,114276327,G,T
4,114277762,C,A
4,114253221,C,G
4,114276239,G,A
4,114277491,G,A
4,114179283,T,A
4,114278461,C,A
4,114120178,C,A
4,114278688,G,T
4,114290868,C,A
4,114251482,C,A
4,114284504,A,C
4,114279715,C,A
4,114288814,C,A
4,114279001,A,T
4,114274912,A,T
4,114195692,G,T
4,114177071,C,A
4,114294519,C,A
4,114275990,C,G
4,114288739,G,C
4,114290746,G,T
4,114279144,T,A
4,114290956,G,A
4,114278909,G,T
4,114244938,G,T
4,114275528,C,A
4,114274506,G,T
4,114279122,C,T
4,114179250,C,T
4,114274474,G,T
4,114275247,C,A
4,114276431,G,T
4,114276896,C,A
4,113970948,A,G
4,114275488,C,A
4,114276613,C,A
4,114251569,G,T
4,114275020,C,T
4,114278096,C,T
4,114276041,C,A
4,114278223,A,T
4,114257896,G,T
4,114278492,G,T
4,114279530,A,G
4,114117535,C,A
4,114195680,A,T
4,114254323,C,A
4,114179230,G,T
4,114277345,A,T
4,114277143,C,A
4,114275061,A,T
4,114274602,G,T
4,114279870,A,T
4,114286264,C,A
4,114275531,C,A
4,114264221,C,A
4,114277274,G,A
4,114278877,A,G
4,114279344,A,T
4,114257807,G,T
4,114238882,G,T
4,114170951,G,A
4,114274827,G,T
4,114257896,G,T
4,114278296,G,T
4,114279468,G,C
4,114208779,C,T
4,114278125,G,T
4,114277786,C,T
4,114153409,T,A
4,114275100,C,T
4,114274568,G,T
4,114195618,C,T
4,114239702,G,T
4,114254316,G,C
4,114275772,G,C
4,114290764,G,C
4,114262855,T,C
4,114279580,G,A
4,114279809,G,T
4,114276798,G,T
4,114279924,C,G
4,113970941,T,A
4,114254230,C,A
4,114251464,G,T
4,114264292,T,C
4,114278606,C,A
4,114276323,G,A
4,114278911,G,A
4,114276807,G,A
4,114276332,G,T
4,114279001,A,T
4,114294269,C,A
4,114279055,C,A
4,114276281,A,T
4,114276441,C,A
4,114277412,C,A
4,114199055,C,A
4,114158754,G,T
4,114275390,G,A
4,114095577,C,A
4,114238920,G,T
4,114209548,G,T
4,114288770,A,C
4,114278719,T,C
4,114170985,G,T
4,114120256,A,T
4,114274375,T,A
4,114279402,A,G
10,62038534,G,A
10,61833198,C,T
10,62023774,C,G
10,61894041,T,A
10,61946480,C,A
10,61844362,C,T
10,61830562,T,G
10,61830089,T,A
10,61829658,G,A
10,62038579,C,A
10,61836183,T,A
10,61833291,C,T
10,61874084,T,C
10,61932732,C,T
10,61834508,C,A
10,61802447,T,C
10,61833745,C,A
10,61836088,G,A
10,61829653,T,C
10,61835250,C,A
10,61844979,T,C
10,61832818,C,A
10,61832647,C,T
10,61834532,T,A
10,61846462,T,C
10,62038859,C,A
10,61946575,G,A
10,62149354,C,A
10,61846512,G,A
10,61840373,C,A
10,61835663,G,A
10,61830817,G,A
10,61832577,T,C
10,61834117,C,A
10,61956332,C,T
10,61822944,T,C
10,61958143,G,A
10,61835269,C,A
10,61829755,C,G
10,61829123,C,A
10,61898827,C,A
10,61844435,C,T
10,62039305,A,C
10,61822989,T,C
10,61829077,C,G
10,61844939,G,A
10,61844412,G,A
10,62038898,C,G
7,91980320,A,T
7,92027978,C,T
7,92017170,G,T
7,92027963,A,T
7,91972526,G,A
7,91972513,C,A
7,92020624,G,C
7,92017135,T,C
7,92017137,A,C
7,91972523,C,T
7,92027877,G,T
7,92000845,C,A
7,92028306,G,T
7,92027912,C,T
7,91980363,A,C
7,92027594,T,C
7,92015842,G,T
7,92000797,G,C
10,27303608,C,G
10,27329008,T,A
10,27366275,G,C
10,27322273,C,T
10,27389139,G,T
10,27306605,A,G
10,27322179,T,A
10,27326211,T,C
10,27382712,C,G
10,27301833,C,A
10,27306526,C,T
10,27335364,C,G
10,27368065,C,T
10,27294557,C,A
10,27324243,C,A
10,27324282,C,G
10,27389088,C,G
10,27329051,C,T
10,27303640,C,A
10,27375513,T,G
10,27328913,G,A
10,27389173,C,A
10,27355419,A,G
4,186321021,C,A
4,186320857,T,A
4,186318034,T,C
4,186317996,C,T
4,186320739,C,A
12,56638476,C,A
12,56639370,C,G
12,56638527,C,T
12,56642588,A,T
12,56647906,T,A
12,56648430,G,C
22,38229004,A,G
22,38229026,A,G
6,90340611,G,A
6,90333173,G,A
6,90337325,G,T
11,69995881,G,T
11,69972210,G,T
11,69978181,C,T
11,70033898,A,G
11,69933926,G,T
11,70013415,G,T
11,69950160,A,T
11,69950235,T,A
11,70007788,A,G
11,69972201,G,C
11,70007391,C,T
11,69933921,G,T
11,69970497,G,C
11,69924787,C,T
11,69972209,G,T
11,70028779,G,C
11,69933978,C,A
11,69957863,C,G
11,22271871,G,T
11,22294524,G,A
11,22257741,C,T
11,22272361,G,T
11,22242707,T,C
11,22257783,A,G
11,22296152,G,T
11,22272548,G,C
11,22272555,G,A
11,22281108,G,A
11,22249049,G,T
11,22294475,T,C
11,22248963,G,A
11,22301127,T,A
11,22248895,G,C
11,22276990,A,T
11,22248881,A,C
11,22248885,A,C
11,22294412,G,T
11,22281166,G,A
11,22225380,C,T
11,22281220,G,A
11,22248914,G,T
11,22272336,C,A
11,22291917,G,A
11,22232823,G,C
11,22249096,G,T
11,22294457,T,G
11,22283832,G,T
11,22248963,G,A
11,433355,G,T
11,433392,C,T
1,150201429,C,A
1,150199078,C,G
1,150208140,C,T
4,80828601,G,A
4,80954628,G,A
4,80993620,C,A
4,80905035,C,A
4,80828115,G,A
4,169105768,A,T
4,169108669,G,A
4,169086414,C,A
4,169086376,T,A
4,169083786,C,A
4,169049310,G,T
4,169102871,T,C
4,79516565,G,A
4,79512740,C,G
4,79522677,G,T
4,79507466,G,T
4,79525509,G,C
4,79503387,G,T
4,79522696,G,A
2,70052627,C,G
2,70047830,G,T
2,70043264,G,A
17,41003334,G,C
17,41004682,G,T
17,41004694,C,G
17,41003744,C,T
17,41003599,G,T
17,41004733,C,T
17,41003387,C,A
17,41004563,G,T
17,41004452,C,A
17,41004383,C,T
17,41004468,G,T
17,41004815,A,G
17,41008369,G,T
17,41006663,C,G
14,24035477,G,A
14,24034374,C,T
14,24030622,G,C
14,24034281,T,C
14,24030508,G,C
14,24031721,G,C
14,24028973,C,T
14,24035356,G,T
19,16344406,T,A
19,16338502,G,T
19,16339676,G,A
19,16319899,G,A
19,16339013,G,C
19,16314346,A,T
5,115205814,G,T
5,115205762,G,T
5,115249134,A,G
5,115202398,A,T
5,115238678,G,T
5,115205752,A,G
7,99699374,G,C
7,99701314,A,T
7,99700362,C,T
7,99700561,A,T
7,99704334,C,G
7,99704526,G,T
7,99700336,C,T
9,72130977,C,A
9,72071250,G,T
9,72131361,C,T
9,72082745,C,A
9,72131552,C,G
9,72086608,T,A
9,72046228,C,T
9,72067157,T,C
9,72131799,G,A
9,72131966,C,A
9,72131967,C,A
9,72055918,A,G
X,55033666,G,T
X,55033565,G,C
X,55033574,C,G
X,55033653,G,T
X,55033271,G,C
X,55033387,A,G
X,55033290,C,A
X,55029451,C,A
X,55028735,G,T
X,55033449,C,T
2,68804988,G,T
2,68765342,T,A
2,68765343,G,T
2,68804987,G,T
2,68772346,T,C
2,68753263,A,G
11,57003303,C,A
11,57003454,T,A
11,57004350,G,A
11,57004333,A,T
11,57003807,G,C
11,57003843,C,A
11,57004114,C,T
11,57004438,T,A
11,57003413,G,T
11,57003841,G,C
11,57003659,C,T
1,183616935,G,T
1,183617680,C,A
1,183616734,A,C
1,183617477,C,A
1,183616967,A,G
1,183617876,G,A
1,183616705,C,G
1,183617857,G,T
19,45412291,C,T
19,45412583,C,T
17,64216808,A,T
17,64208278,A,C
17,64210681,A,G
17,64210617,A,T
17,64216781,G,C
17,64210622,C,A
22,36624296,C,G
22,36629211,T,A
22,36624070,G,A
22,36537717,G,C
22,36556832,T,C
22,36537881,G,T
22,36537076,T,A
22,36556806,C,T
22,36055215,A,C
22,36055321,G,T
22,36055359,G,T
X,23876836,T,A
X,23897136,C,G
X,23897065,T,C
16,88876515,C,G
16,88876515,C,G
9,33386153,G,A
9,33395131,T,A
9,33385097,G,A
9,33385102,C,A
9,33384951,C,T
9,33386974,G,T
9,33385685,G,C
11,72406093,C,A
11,72410115,G,A
11,72397194,G,A
11,72398509,C,A
11,72418409,C,G
11,72406623,C,T
11,72408101,G,C
11,72412759,T,G
11,72421536,C,A
11,72410139,A,T
11,72407648,C,A
11,72408407,C,T
5,141041418,G,T
5,141050078,C,A
5,141059692,C,A
5,141046008,C,A
5,141041471,C,A
5,141059632,G,A
5,141050083,C,A
5,141035760,C,T
5,141041814,G,T
5,141041628,G,A
5,141049520,C,A
5,141051722,C,T
5,141035435,C,T
5,141052161,T,C
5,141036183,C,A
5,141050076,C,A
5,141049581,T,C
5,141049581,T,C
5,141039358,G,A
5,141051832,C,A
8,143695036,G,A
8,143694493,C,G
8,143695349,A,T
8,143694774,C,T
8,143694573,C,A
8,143695607,C,A
8,143695608,C,A
12,49334812,C,T
7,127230161,C,T
7,127231266,G,T
7,127229589,G,T
7,127230076,G,T
7,127231284,C,T
8,68188219,T,C
8,68131673,T,G
8,68131718,C,A
8,68152514,C,A
8,68111132,G,C
8,68139538,T,A
8,68111060,C,G
8,68139522,C,A
8,68150629,G,A
8,68170321,C,A
8,68138279,T,C
8,68184169,G,A
8,68178260,T,C
8,68204157,C,A
8,68139489,G,A
8,68178245,C,T
8,68138360,C,T
8,68131671,T,C
8,68111195,G,C
8,68165702,T,C
8,68208794,C,A
8,68151123,C,A
8,68188307,T,A
8,68112480,C,T
8,68140474,C,A
8,68179364,C,A
8,68200218,T,C
8,68114002,G,A
15,32928865,G,T
15,32917828,G,T
15,32928108,C,T
15,32929215,C,G
15,32917434,A,T
15,32929036,A,G
15,32928496,A,G
15,32912349,C,G
15,32929737,G,T
15,32915737,C,A
15,32915726,C,G
15,32929861,G,T
10,49654495,T,C
10,49654610,C,T
10,49662178,C,T
10,49658571,G,C
10,49812824,G,A
10,49687739,G,C
10,49791063,G,T
5,142273824,G,C
5,142152409,G,A
5,142437235,T,A
5,142500605,G,T
5,142513603,C,T
5,142264928,T,G
5,142500655,C,T
1,94649796,G,A
1,94639514,G,C
1,94670650,T,C
1,94645423,T,G
1,94655614,T,C
1,94670703,G,C
1,94667361,C,G
1,94685949,C,A
1,94639786,C,A
1,94668018,G,C
1,94643704,C,A
1,94645484,C,A
1,94654402,T,C
1,94639653,G,C
12,15095548,A,G
12,15095518,C,T
12,15095501,G,A
1,156910149,T,C
1,156910211,C,T
1,156913793,C,T
1,156909582,G,A
1,156917973,C,A
1,156907157,C,G
1,156955931,G,A
1,156948103,C,T
1,156914841,C,A
1,157014200,G,A
1,156911687,C,A
1,156933010,C,T
1,156914894,G,A
1,156917106,T,C
1,156917203,C,T
1,156913871,C,T
1,156906671,C,T
1,156908257,T,A
1,156926306,C,T
1,156906634,T,G
1,156914953,C,A
1,156911756,C,A
1,156917216,G,A
1,157014172,G,A
1,156941609,C,T
1,157014261,G,A
1,156909460,C,A
1,156909461,C,A
1,156941544,C,A
1,156912534,C,A
1,156914841,C,A
1,156931505,C,T
1,156946817,C,T
1,156918256,T,A
1,155935547,G,A
1,155920787,G,A
1,155932776,C,A
1,155931973,T,A
1,155921320,G,A
1,155932975,C,T
1,155922485,G,C
1,155935421,C,A
1,155935171,C,A
1,155920075,C,A
1,155920061,T,A
4,106600617,C,T
4,106473981,C,T
4,106601112,T,G
4,106587438,G,T
4,106601218,T,A
3,56779328,G,A
3,56779265,C,T
3,56789124,C,A
3,56779427,C,G
3,56779345,C,A
3,56771215,C,A
3,56807778,C,T
3,56763635,C,A
14,58820404,G,A
14,58831552,A,G
14,58785450,A,T
14,58772772,T,C
14,58814512,A,T
14,58820527,G,T
14,58817917,G,T
14,58785524,G,T
14,58772783,A,G
14,58813176,C,G
14,58831658,C,G
14,58831101,A,G
10,63661442,T,G
10,63850762,C,A
10,63810695,G,T
10,63852413,G,C
10,63662049,G,C
10,63852789,G,C
10,63851672,G,T
10,63852624,G,A
10,63850816,G,T
10,63850781,C,A
15,72873134,G,T
15,72873113,T,C
15,72810415,C,T
15,72873191,G,T
3,93772114,C,T
3,93722539,C,T
3,93722578,T,C
3,93755486,G,T
3,93699219,G,A
3,93699181,T,A
3,93754267,G,T
3,93699304,A,C
3,93761947,A,T
3,93761927,G,A
16,57282508,G,C
16,57286145,C,T
16,57284415,G,A
6,109179403,C,T
6,109190162,G,T
6,109274530,G,T
6,109294742,C,T
16,31471247,C,A
16,31476282,A,G
16,31471207,C,T
16,31476170,G,A
16,31473803,G,A
16,31478178,G,T
16,31473940,G,A
16,31476156,T,C
16,31471185,G,T
16,31470938,G,T
16,31476036,A,T
16,31471201,C,T
16,31473953,G,C
16,31477831,G,T
16,31471321,G,T
16,31473825,C,T
16,31471198,G,T
16,31477400,G,T
16,31473869,G,A
16,31471167,G,T
16,31476451,A,T
16,31474186,C,G
16,31476359,A,T
16,31471244,C,T
16,31475978,G,T
16,31477280,G,T
X,101858806,T,C
X,101858809,A,G
X,101857109,G,A
X,101858476,G,T
X,101857939,G,T
X,101858468,A,G
X,101858906,G,T
X,101858564,G,T
X,101857295,G,T
X,101857749,C,A
X,101857412,A,G
X,100871688,G,T
X,100871508,C,A
X,100871496,C,G
X,100871220,G,A
7,98951633,G,T
7,98951635,G,T
7,98956026,C,T
7,98988657,G,C
7,98985702,C,A
7,98988802,G,A
7,98987630,G,C
3,9839447,G,A
9,140508328,G,A
9,140508500,C,G
1,231124163,T,G
1,231131652,T,C
1,231115007,G,T
1,231114909,G,T
X,66941747,G,A
X,66941689,A,C
X,66943742,C,A
X,66937402,G,C
X,66788864,G,T
X,66931264,G,T
X,66863140,C,G
X,66765344,C,A
X,66766100,T,A
X,66931457,C,T
X,66863122,T,G
X,66931407,A,T
X,66943716,C,G
X,66765999,G,A
X,66863200,A,T
X,66931530,T,A
1,23763945,G,T
1,23762248,G,C
1,23763631,C,G
1,23761031,C,A
1,23769112,C,T
1,23759638,G,A
9,132397454,G,T
9,132400147,G,C
9,132397750,G,A
9,132401737,G,A
9,132404236,G,T
9,132402830,G,A
9,132400455,C,G
6,101037629,C,A
6,100957385,C,G
6,100957984,C,A
6,101075586,T,G
6,100964172,C,G
6,101075568,G,A
6,101214441,C,A
6,100964120,C,A
6,100964121,C,A
6,101053528,T,A
6,100960595,C,A
6,100960596,C,A
6,100965956,C,G
6,100960719,C,G
6,101090599,C,A
6,101090536,A,T
6,101049771,C,T
6,101166053,T,A
6,101095196,T,A
6,101073156,C,A
6,101307034,C,A
6,101053536,G,A
6,101296580,C,T
6,101098455,C,G
6,101248359,C,A
6,100964152,G,T
6,101095322,T,A
6,101103674,A,G
6,101095256,C,A
14,104578930,T,A
14,104552164,C,A
14,104561903,C,A
14,104565240,G,A
14,104571736,C,A
8,62491158,A,G
8,62550537,A,G
8,62577795,G,A
8,62593548,C,A
8,62491210,C,T
8,62475342,C,G
8,62602342,C,T
8,62490944,G,A
8,62465608,C,G
8,62430195,C,A
8,62430179,C,T
8,62491261,G,A
8,62578140,G,C
8,62596661,G,C
8,62492211,C,G
8,62491087,C,A
8,62438643,C,A
8,62465664,C,A
9,133376380,G,A
9,133364724,C,G
9,133355279,G,T
9,133333866,G,T
9,133342122,C,G
9,133376431,G,T
2,24103532,T,A
2,24056803,G,C
2,23980357,A,T
2,24021139,C,A
2,23985107,C,A
2,23980771,C,T
2,24005766,C,A
1,1455541,G,T
1,1463089,T,C
17,29221104,C,G
17,29204497,C,T
17,29219790,T,G
17,29220630,G,A
17,29171879,C,G
17,29205039,G,A
17,29159372,G,C
17,29159217,C,T
17,29161767,C,T
17,29159327,G,T
17,29219774,T,G
11,72533520,A,T
11,72535874,C,T
X,107335029,G,C
X,107397076,G,T
X,107377577,G,T
X,107381362,A,T
X,107369381,G,T
X,107381398,C,A
3,11382132,A,G
3,11400036,A,T
3,11402238,G,T
3,11350491,G,C
3,11400018,G,T
3,11348451,A,G
3,11389429,G,T
3,11348421,G,T
2,38570580,G,A
2,38537523,G,C
2,38542463,G,C
2,38542443,C,T
2,38525564,T,A
16,81076028,G,A
16,81077107,G,T
16,81078195,G,A
16,81069732,G,T
1,17327033,G,A
1,17316433,G,A
1,17331936,C,A
1,17323579,C,A
1,17322508,T,C
1,17326506,C,G
1,17313590,C,A
1,17322923,A,G
1,17322790,G,A
1,17331296,G,A
1,17331961,G,A
1,17332023,C,A
3,193176932,G,A
3,193182868,G,A
3,193166055,C,G
3,193220354,G,T
3,193132463,G,C
3,193209136,C,G
3,193156355,C,T
3,193201780,G,A
3,193210752,G,T
3,193132429,T,A
3,193158420,T,A
3,193120654,C,A
3,193156814,C,A
3,193201744,G,A
3,193153456,C,A
3,193176992,C,A
3,193130049,C,T
3,193188773,T,A
3,193210950,C,A
3,193156315,G,A
19,42474669,C,G
19,42492704,T,C
19,42492722,G,T
19,42490070,C,T
19,42479927,C,T
19,42489545,C,A
19,42471882,C,A
19,42490150,G,T
19,42472957,C,T
19,42473734,T,A
19,42482328,C,A
19,42480646,C,T
19,42492226,C,T
19,42489502,A,G
19,42473061,C,G
19,42479787,C,A
19,42489244,G,T
19,42473627,C,A
19,42471895,C,A
3,130698177,T,C
3,130659481,G,A
3,130694302,A,C
3,130683838,G,C
3,130678149,G,T
3,130735084,G,T
3,130698120,T,A
3,130682828,G,A
3,130714886,G,T
3,130698184,A,C
16,84456064,C,A
16,84497390,G,C
17,40673079,G,T
17,40673156,G,T
17,40666439,A,T
17,40652822,A,T
17,40666456,C,T
17,40612870,G,T
17,40666370,G,A
17,40653296,C,T
16,67472494,C,A
16,67514999,G,A
16,67515001,G,A
16,67487552,G,T
5,172410837,G,T
5,172447784,G,C
5,172447277,C,G
7,149575840,G,C
7,149575787,C,T
22,18083885,T,G
22,18082862,C,A
22,18075206,G,C
22,18075414,G,C
22,18096048,C,G
2,46739523,C,G
2,46739532,C,A
2,46739287,C,A
2,46739754,T,G
2,46739161,C,A
2,46739162,C,A
7,128505563,A,T
7,128503116,G,T
7,128502970,G,T
7,128505565,A,G
4,42457409,G,C
4,42577639,C,A
4,42509121,T,C
4,42554575,G,C
4,42487601,C,A
4,42580345,G,A
4,42509100,C,T
4,42590276,C,G
4,42576725,C,A
4,42596337,T,C
4,42583650,G,T
13,26144947,G,A
13,26116088,G,T
13,26273388,C,T
13,26116075,G,T
13,26163785,G,T
13,26411405,C,G
13,26127951,G,T
13,26127952,G,T
13,26114522,G,C
13,26112159,G,C
13,26148945,G,C
13,26343230,C,A
13,26112159,G,T
13,26104202,C,A
13,26153001,G,T
13,26273380,G,T
13,26535801,C,G
13,26116057,G,A
13,26138170,G,T
13,26112177,G,T
13,26402301,G,C
13,26343364,A,G
13,26535737,C,T
13,26043143,G,A
13,26436463,A,C
13,26155990,G,T
13,26116178,G,A
13,26535748,G,A
13,26273477,G,T
13,26273433,G,A
13,26129181,C,A
13,26128042,C,A
13,26273402,C,A
13,26043257,C,A
13,26542719,G,T
15,50154564,G,T
15,50158550,T,A
15,50168579,C,A
15,50399202,C,T
15,50168535,A,T
15,50339591,T,C
15,50271825,G,A
15,50211081,A,C
15,50168549,C,A
15,50168528,G,A
15,50271905,C,A
15,50294357,G,C
15,50190289,C,A
15,50154462,A,G
15,50399200,G,T
15,50211114,G,A
15,50303081,C,A
15,50190352,C,A
15,50168628,G,A
15,50168682,G,T
15,50226286,C,G
15,50279673,C,A
15,50154509,G,A
15,50226286,C,A
15,50158585,T,A
15,50211116,A,G
15,50279605,C,A
15,50264909,A,T
15,50171572,C,A
15,50215579,G,T
15,50168506,G,T
15,50264945,C,A
15,50264946,C,A
15,50154487,T,C
15,50215688,C,T
15,50288949,T,C
15,50152668,C,A
15,50152670,G,A
15,50168722,T,A
20,50255930,C,G
20,50230268,G,A
20,50241769,G,A
20,50310572,C,A
20,50245520,T,A
20,50292705,C,A
20,50287704,G,A
20,50217734,C,A
20,50224125,T,A
20,50329530,C,A
20,50273536,C,T
20,50235517,C,G
20,50273592,G,A
20,50235292,C,A
20,50241757,C,G
20,50235227,C,A
20,50346457,C,A
20,50234086,T,A
20,50244178,T,C
20,50226671,C,A
20,50346370,T,C
20,50241784,G,A
20,50329578,C,A
20,3542927,G,A
20,3556573,A,G
20,3559354,A,T
20,3529977,G,T
20,3529820,C,A
20,3584857,A,G
20,3565369,G,C
20,3571954,G,T
20,3553468,A,C
20,3541497,C,G
20,3527985,T,C
12,111923133,A,C
12,111893881,G,T
12,111951340,G,A
12,111954056,G,C
12,111926358,G,T
12,111951265,C,A
12,111908388,G,C
12,111923117,T,C
12,111956183,G,A
12,111956154,C,G
12,111956120,T,G
12,111954044,G,A
12,111907921,C,T
12,111923603,G,A
12,111923112,C,T
12,111954043,C,A
12,111902513,G,A
17,42275500,T,A
20,54948488,C,A
17,8110582,C,A
17,8108672,G,A
17,8109862,C,A
17,8108705,C,A
15,34295248,G,T
15,34295296,C,A
15,34168175,C,A
7,32598970,T,A
7,32598191,A,T
7,32609734,C,A
7,32598881,G,A
19,41727831,C,T
19,41765594,A,G
19,41765541,C,A
19,41758860,G,A
19,41748808,G,T
19,41765633,G,A
19,41745210,T,C
19,41765522,C,A
19,41745202,T,A
11,62384543,C,T
11,62384046,C,A
11,62384573,G,T
11,62389348,C,A
11,62384607,C,A
11,62389435,C,A
11,62389441,C,G
11,62389442,G,A
11,62389341,G,C
2,232262926,G,T
2,232262715,G,C
2,232262811,G,C
2,232263016,G,A
2,232262571,G,T
2,232263211,G,T
19,41932338,G,T
19,41932627,G,C
19,41936984,C,T
19,41931472,C,A
11,117162484,G,A
11,117186290,G,C
11,117160510,G,T
11,117163809,C,T
21,42615398,G,T
21,42647496,G,T
21,42598273,C,A
21,42622723,G,A
21,42629148,C,T
21,42613778,C,G
21,42613791,G,T
6,57048723,T,G
22,38504295,G,T
22,38503887,C,T
22,38484879,G,C
6,33543631,C,A
6,33541875,C,A
11,65770766,G,T
4,102946533,G,C
4,102839186,G,T
4,102783751,A,C
4,102839230,C,T
4,102994847,G,T
4,102942739,A,G
4,102951124,G,T
4,102791747,A,T
4,102992455,C,A
2,215595145,C,G
2,215645577,G,C
2,215645935,C,A
2,215632326,T,C
2,215645722,C,T
2,215661801,C,T
2,215646023,G,A
2,215645633,C,T
2,215645838,T,A
2,215646105,T,A
2,215595194,C,A
7,72891683,T,A
7,72891855,C,A
7,72877286,C,G
7,72903707,C,A
7,72861646,C,T
7,72925073,C,A
7,72861596,C,A
7,72891462,A,T
7,72892218,G,A
7,72892675,C,G
7,72892701,C,G
7,72891240,G,C
7,72892280,C,A
7,72883886,C,A
7,33313482,C,A
7,33217115,G,T
7,33423310,G,C
7,33313545,A,T
7,33545098,G,A
7,33427654,A,C
7,33185939,G,T
7,33645040,C,T
7,33573735,G,T
7,33312624,G,T
7,33384214,G,A
7,33427662,G,A
7,33384242,T,G
7,33217091,A,C
7,33644768,C,T
7,33427748,T,A
7,33644806,G,T
7,33380516,G,T
7,33545232,C,T
3,107517556,G,A
3,107517465,G,A
3,107491895,G,A
3,107491490,G,A
3,107492238,G,T
3,107492456,A,T
3,107524268,G,T
3,107447683,C,A
3,107524311,C,T
3,107491536,C,T
3,107435487,G,T
3,107474505,G,T
3,107524319,G,C
3,107491504,G,T
3,107492114,A,T
3,107492115,G,A
3,107435617,G,C
3,107492007,A,T
3,107491703,G,A
3,107493684,A,G
20,49457090,G,T
20,49446832,C,T
20,49457185,C,T
20,49458380,C,T
20,49458367,G,T
20,49457117,G,T
10,127524887,C,G
10,127512280,G,C
12,50236719,G,A
12,50236683,G,A
14,99642443,G,T
14,99641781,G,T
14,99640777,T,A
14,99641339,C,G
14,99724031,C,A
14,99642361,G,T
14,99641022,C,A
14,99723932,G,A
14,99642343,G,T
14,99641033,C,G
14,99723900,G,A
14,99641484,G,T
14,99642046,G,A
14,99724153,C,A
14,99640474,C,A
14,99723952,T,A
14,99640725,C,A
14,99724081,C,A
14,99641437,G,T
14,99641943,C,T
14,99723967,C,T
14,99640499,C,A
14,99641428,C,A
14,99642483,G,A
14,99723898,C,A
14,99641922,C,A
14,99724120,C,T
19,50170394,C,T
22,18165977,C,G
22,18185106,A,G
22,18209923,G,T
22,18178955,T,A
22,18171845,G,A
22,18138482,C,T
22,18210164,C,G
14,23778060,G,T
19,45260649,C,T
19,45262867,A,T
19,45262858,C,T
17,6929781,G,T
17,6927438,A,G
17,6927527,G,T
17,6927841,C,G
17,6930310,G,A
17,6927597,G,A
3,187440292,C,T
3,187446979,G,A
3,187440305,T,C
3,187444586,C,A
3,187447543,C,T
3,187442823,T,C
3,187447224,C,A
3,187446181,C,T
3,187447539,C,A
3,187447552,C,A
3,187447128,G,T
12,122473321,A,G
12,122492852,A,T
6,136599628,G,A
6,136599569,A,G
6,136599609,C,A
6,136582447,T,C
6,136599312,G,T
6,136599576,G,T
6,136582546,C,A
6,136596984,T,C
6,136582513,T,A
6,136599694,G,T
6,136599485,C,A
6,136599636,C,A
6,136599486,G,A
6,136600952,T,A
6,136589451,G,A
6,136590641,C,A
11,112085561,A,G
11,112084521,G,T
11,112065407,G,T
11,112088525,T,C
11,112071445,G,C
11,112088566,A,T
11,112088544,G,A
11,112064282,C,A
11,112065384,G,T
11,112070550,G,T
11,112064516,T,A
11,112089381,G,T
14,96730746,C,A
14,96730966,G,T
14,96730467,C,A
14,96730898,C,A
14,96706899,C,A
14,96707718,C,T
14,96707548,C,A
14,96706538,A,G
14,96707667,C,A
14,96707415,G,T
14,96707445,G,T
14,96707445,G,A
14,96707170,C,T
14,96703407,C,A
17,40975821,C,T
17,40966604,A,G
17,40970911,C,G
17,40963010,G,A
17,40962838,G,A
17,40962818,C,A
6,56819243,G,T
6,56857346,G,T
6,56846713,C,A
6,56846632,T,A
6,56880051,C,T
6,56819367,G,T
6,56880084,C,T
6,56857323,C,T
6,56846716,G,A
6,56880067,C,T
6,56880096,C,G
6,56882024,A,T
6,56857338,T,A
6,56819393,G,C
6,56857308,C,A
6,56846670,G,A
11,61732193,C,A
11,61725787,C,A
11,61725666,C,T
11,61725728,C,A
11,61726970,G,A
11,61722625,C,A
11,61729910,C,A
X,102471522,G,T
12,26276042,G,A
10,60573865,C,A
10,60577388,G,A
10,60548170,G,A
10,60588535,C,T
10,60272971,G,T
10,60546724,A,G
10,60573602,T,C
10,60549635,C,T
10,60549467,A,T
10,60273081,G,T
10,60566792,G,A
10,60577398,T,C
10,60556202,C,A
10,60549116,C,T
10,60588635,T,A
10,60475324,G,A
10,60577385,G,T
10,60475334,G,T
10,60559983,C,T
10,60588570,C,T
10,60558294,C,T
10,60548183,G,T
10,60566883,G,T
10,60588583,G,T
10,60562852,G,T
10,60475457,A,G
10,60549113,T,A
10,60566378,C,T
10,60549174,T,A
10,60573725,A,C
17,76210855,C,T
17,76210845,G,T
17,76210464,A,G
8,11412861,C,T
8,11412886,G,C
8,11418838,C,A
8,11412873,C,G
8,11418941,G,T
8,11420538,G,T
8,11418808,C,T
8,11415514,G,T
8,11414294,C,T
8,11421475,C,T
8,11406563,C,A
8,11420536,G,T
8,11412354,G,A
8,11406632,G,A
8,11412989,G,T
8,11400758,C,A
8,11400748,T,A
15,91292763,T,C
15,91310173,G,A
15,91312742,G,A
15,91293069,A,G
15,91337466,G,T
15,91303889,G,A
15,91341491,A,G
15,40398001,A,T
8,22054229,C,G
8,22034084,T,G
8,22067158,G,A
8,22035416,G,C
8,22035417,G,T
8,22023023,G,C
8,22033772,G,T
8,22033679,A,T
8,22058779,G,A
8,22058878,C,T
8,22065020,C,T
8,22067195,A,T
8,22059403,G,C
8,22035099,G,A
8,22023023,G,C
20,6750998,G,C
20,6759010,A,G
20,6759046,C,G
4,81974526,A,G
4,81974563,G,C
4,81952498,G,T
4,81967195,G,T
4,81967524,G,T
4,81967473,A,T
4,81967347,A,G
4,81974740,T,A
4,81967765,A,T
4,81967389,A,G
4,81974563,G,T
4,81967361,C,T
1,39991331,T,C
1,39957981,G,C
2,203424500,G,A
2,203384882,A,G
2,203332400,A,T
2,203407114,G,T
2,203329636,T,A
2,203397329,G,A
2,203242242,A,G
2,203424702,T,C
2,203424452,C,T
2,203424547,G,T
2,203421050,G,T
2,203332383,A,G
9,16436690,A,G
9,16435580,G,T
9,16436723,C,A
9,16552658,T,A
9,16552765,T,A
9,16419245,G,A
9,16727921,C,T
9,16552758,C,A
9,16436214,G,T
9,16436469,T,G
9,16436590,A,T
9,16728095,G,A
9,16437286,C,T
9,16437487,G,A
9,16437286,C,T
9,16437347,A,T
9,16435886,T,A
9,16436625,C,T
9,16419110,C,G
9,16436509,A,C
9,16419598,C,A
9,16436720,G,C
9,16419222,G,T
9,16552724,G,T
9,16552726,G,T
9,16738407,G,T
9,16436330,T,A
9,16437217,G,T
9,16870732,G,T
9,16738391,G,T
9,16419339,C,A
9,16727855,T,A
9,16437384,C,G
9,16419146,C,A
1,151010080,G,T
2,242511798,C,T
1,149871659,G,A
1,149871694,G,T
1,149871826,G,C
1,149871606,G,T
8,145318956,G,A
8,145512868,C,A
8,145512941,G,T
1,220236169,T,C
1,220242743,G,T
1,220236296,C,A
1,220232113,C,A
1,220232232,T,A
1,220232120,C,A
1,220253150,G,T
1,220232160,C,A
1,220246208,G,C
1,220232157,C,A
1,220232313,C,A
12,112121073,G,C
12,112093415,G,A
12,112103546,T,C
17,41243908,C,A
17,41243619,G,A
17,41215964,A,T
17,41244550,C,G
17,41246314,C,A
17,41258529,G,T
17,41222996,C,A
17,41222985,C,G
17,41243499,C,G
17,41199690,C,G
17,41243708,A,G
17,41226442,C,A
17,41234512,C,A
17,41234513,C,A
17,41246294,C,G
17,41223043,C,G
17,41209101,G,A
17,41245945,C,A
17,41244214,C,A
17,41276130,G,A
17,41251814,C,A
17,41245203,C,T
17,41245429,C,G
17,41243327,C,T
17,41256153,C,G
17,41258541,C,G
17,41222993,G,A
17,41245544,G,A
17,41226380,G,A
17,41246510,G,T
17,41243034,C,A
13,32936676,C,T
13,32914849,C,T
13,32944679,A,T
13,32911850,G,T
13,32910782,G,A
13,32914679,G,A
13,32929161,G,A
13,32913437,A,G
13,32911425,A,G
13,32913803,G,T
13,32915277,T,C
13,32954225,C,T
13,32913737,T,C
13,32968918,C,A
13,32972777,C,G
13,32937423,C,A
13,32906483,G,A
13,32972372,C,G
13,32972857,G,C
13,32906434,A,T
13,32912687,T,C
13,32914374,G,C
13,32915220,C,G
13,32913113,A,G
13,32907344,G,T
13,32910990,T,G
13,32907276,G,T
13,32953976,A,T
13,32893277,C,G
13,32913247,C,T
13,32913546,C,T
13,32937491,A,G
13,32914805,A,T
13,32914807,A,C
13,32914937,A,G
13,32930636,G,T
13,32912408,G,T
13,32937356,A,G
13,32913428,G,C
5,886837,T,A
5,870664,G,A
5,884136,C,T
5,865601,G,A
5,865602,C,A
5,887578,G,A
5,870522,C,A
5,881275,C,T
5,878500,C,A
5,878501,C,A
5,876252,G,A
17,59760697,G,A
17,59760758,A,C
17,59760881,T,G
17,59861693,T,A
17,59821926,C,G
17,59853848,C,G
17,59820497,T,A
17,59934533,C,A
17,59924471,C,T
17,59760748,T,A
17,59885879,G,A
17,59760806,T,C
17,59878620,C,G
17,59870991,C,G
17,59937249,C,A
17,59853777,G,C
17,59938841,T,C
17,59876591,C,T
17,59878761,C,A
17,59760869,C,G
17,59763348,G,A
17,59878764,C,T
19,55815089,G,T
19,55805488,G,A
19,55816220,G,T
19,55816221,G,T
19,55805585,C,A
19,55815433,T,C
19,55800959,G,C
19,55817686,G,T
19,55816205,G,T
19,55816287,G,T
19,55823303,G,T
19,55816696,C,A
19,55814152,G,A
19,55814218,C,A
19,55816206,G,T
19,55816254,G,A
19,55815149,C,T
19,55815116,T,C
19,55817713,C,T
19,55816195,G,A
19,55816900,A,G
19,55798406,G,T
1,32843616,C,A
1,32842006,G,A
1,32842197,C,T
1,32842119,C,G
1,32842055,C,A
1,32841926,A,T
19,17516254,A,T
19,17516358,G,T
19,17516356,C,G
19,17514602,C,A
12,108010913,C,A
12,108010922,C,A
12,107914306,C,A
12,108051465,C,T
12,108011167,C,G
12,108012088,G,T
12,107914368,G,T
12,107713182,C,A
12,108011113,G,A
12,108003971,G,A
12,108010866,C,A
12,107937905,C,A
12,108042999,T,A
12,108051342,G,A
12,108006582,G,T
12,108008883,C,G
12,107712990,G,T
12,108043084,G,T
12,107937911,G,C
12,108012033,C,G
12,107713770,G,A
12,107713142,G,C
12,108045504,G,T
12,108051373,C,T
12,107937716,C,A
12,107914364,C,A
12,108042981,A,T
3,15677002,C,T
3,15686657,A,G
3,15686094,C,T
3,15643476,A,T
3,15677126,A,T
3,15677046,G,T
3,15686794,G,A
3,15683559,A,T
3,15687019,G,T
3,15686685,G,T
1,52552474,C,T
5,72801092,G,A
5,72798404,A,G
3,112198407,G,C
3,112190193,C,A
6,26408110,G,T
6,26413455,G,T
6,26413336,G,T
6,26406352,C,T
6,26413990,G,T
6,26413540,G,A
6,26414010,G,T
6,26410254,G,A
6,26413844,C,G
6,26413835,T,C
5,180477186,C,A
5,180477111,T,A
5,180481246,C,T
5,180486751,C,T
5,180477370,G,T
5,180486720,G,T
5,180486301,C,A
5,180477326,T,A
15,40504704,C,G
15,40462863,T,A
15,40512981,A,T
15,40500957,C,G
15,40505533,G,A
15,40500858,G,A
15,40462321,A,T
15,40475921,C,G
15,40512823,G,A
15,40462866,A,G
15,40498599,A,T
10,124921812,G,A
10,124922385,C,T
10,124922239,C,G
10,124914503,C,T
10,124920023,G,C
2,201683065,G,T
2,201683537,C,T
2,201683039,C,T
2,201680413,G,T
10,104210870,T,A
11,8948517,A,C
11,8942930,C,T
11,8951044,G,T
11,68029342,T,A
11,68030132,C,A
11,68031265,C,G
11,68029452,C,A
11,128774402,C,T
11,93492964,G,T
11,16760379,A,T
11,66605891,T,A
14,23567325,A,T
16,67179530,A,T
16,67154014,G,T
16,67181131,G,A
16,67168097,T,C
16,67702446,G,C
16,67702293,C,T
16,5110325,C,G
16,5106094,G,C
16,5115926,C,T
16,5110370,G,C
17,4805142,C,A
17,4805203,G,T
17,4804508,G,C
17,71241367,A,C
18,51904651,C,A
18,51887198,T,A
18,51887022,G,T
19,41248552,G,A
19,41250511,C,G
X,119760772,C,A
X,119760949,G,T
X,119761028,T,A
X,119760065,T,A
X,119760088,G,T
1,22964187,C,A
1,22965741,C,A
1,22965637,T,C
1,22965763,G,T
1,22965874,G,A
1,22965875,G,T
1,22965758,A,T
12,7173260,G,A
12,7175004,G,A
12,7178038,C,T
12,7177423,C,T
1,169812836,C,T
1,169816850,C,T
1,169773226,C,A
1,169773439,A,C
1,169798490,G,A
1,169816858,A,G
1,220870193,T,A
1,220870126,G,A
1,184446562,T,A
1,184567578,G,A
1,184588761,A,G
1,184446573,G,C
1,184446685,T,C
1,184446595,G,C
1,85724262,T,C
1,85718351,G,T
1,85718325,T,C
1,85725280,C,A
1,151020365,G,A
1,151020762,G,T
1,151020578,C,G
1,151021310,G,A
1,151020753,C,A
1,151020974,C,A
1,60456394,C,A
1,60505791,C,G
1,60538214,T,A
1,60463291,C,A
1,60499246,C,A
1,60505798,G,A
1,60520941,G,T
1,60476125,C,A
1,60456394,C,G
1,60456410,G,T
20,3236720,G,T
20,3233116,C,A
20,3251131,T,C
20,3362107,C,A
20,3324334,T,A
20,3278717,G,C
20,3340199,C,T
20,3299041,T,A
20,3321201,C,A
20,3240632,C,A
20,3262307,C,T
20,3354734,C,A
20,3285094,T,C
21,43319393,C,A
21,43321743,T,A
21,43309134,C,A
21,43309335,C,A
21,43327262,T,C
21,43309441,C,T
21,43321826,C,A
2,99767377,A,T
2,99767207,G,C
2,99763880,G,T
6,31902163,C,G
6,31913078,A,G
6,31901508,G,A
6,31903837,A,G
6,31903772,G,C
3,49308858,T,C
3,49308495,T,A
3,184801010,G,T
3,184800747,T,A
3,184800918,T,C
3,184801030,C,T
3,184801039,G,C
6,31964305,C,A
6,31962307,G,A
1,207300151,G,T
1,207286344,A,C
1,207287595,C,A
1,207318134,C,T
1,207307917,G,T
1,207297525,A,T
1,207286463,A,G
1,207307858,A,C
1,207317924,C,A
5,43509410,T,C
5,43490815,T,C
5,43506192,T,A
5,2752838,G,T
5,2753469,G,T
5,41904501,G,C
5,41904560,G,A
5,41909947,C,G
5,41917195,G,C
5,41904478,C,G
9,123776293,A,C
9,123785720,G,A
9,123779771,C,G
9,123808522,C,A
9,123753526,T,A
9,123776208,C,T
9,123783854,C,A
9,123731377,G,A
9,123716130,C,T
6,30619070,G,A
6,30619113,C,T
6,30617664,C,G
5,41201792,G,T
5,41154084,C,T
5,41160350,G,T
5,41142976,C,A
5,41181563,C,A
5,41149524,G,T
5,41203279,C,A
5,41160309,A,C
5,41181494,G,A
5,41195961,C,A
5,41143053,G,T
5,41160328,G,T
5,41199958,C,T
5,41181643,C,T
5,41196022,G,T
5,41176734,G,C
5,41186174,C,G
5,41161794,C,T
5,41176655,G,T
5,41195923,G,T
5,41176625,C,G
5,41201723,G,T
5,41201730,C,T
5,41142944,C,T
5,41195894,C,A
5,41149434,T,A
5,41160437,G,T
5,41150094,A,T
5,41195937,G,T
5,41199916,G,A
5,41142965,T,G
5,41149523,C,A
5,41149361,C,A
5,41199909,C,A
5,41186284,C,A
5,41158800,A,T
5,41160261,G,T
5,41154099,C,A
7,1040160,C,T
7,1049627,G,A
1,57406634,C,A
1,57399130,G,T
1,57411654,G,T
1,57411562,G,T
1,57431597,A,T
1,57411516,G,T
1,57415345,T,A
1,57415346,G,T
1,57409484,G,T
1,57406675,C,A
1,57425840,C,A
1,57420396,T,G
1,57417726,G,T
1,57411544,C,A
1,57420395,A,G
1,57409447,C,G
1,57425747,A,C
1,57399075,C,A
1,57397542,C,A
8,146278517,C,T
8,146278275,G,A
8,146279475,C,T
8,146278737,C,G
8,146278072,G,T
8,146279402,A,T
8,146279589,G,T
8,146279590,G,A
9,72520897,A,G
9,72459539,C,T
9,72435815,C,T
9,72520885,G,A
9,112969802,G,A
9,34397704,C,A
9,34397705,C,A
9,34381439,C,A
9,34385780,C,G
9,34379708,G,C
9,77567246,T,A
9,27556654,C,T
9,27566843,C,A
9,27548256,C,A
9,27561600,A,G
9,27558529,A,C
9,27562475,C,A
8,86392932,G,T
8,86393097,T,G
8,86393056,G,T
8,86385979,G,T
8,86388024,T,C
8,86389423,A,G
X,15768256,A,T
X,15782715,G,T
X,15794885,A,G
9,35679275,C,T
9,35676078,C,G
9,35674368,T,C
9,35674214,G,C
9,35674215,G,T
9,35679284,C,T
9,35681094,G,A
9,35675515,C,T
9,35675706,C,T
9,35675710,G,A
9,35674171,C,A
9,35673821,G,T
9,35677844,G,T
9,35675908,T,G
9,35673978,C,A
18,20716526,G,T
18,20716572,G,T
18,20716393,G,A
18,20832975,G,A
20,60971600,G,C
1,65117912,G,A
1,65157011,A,T
1,65145388,C,T
1,65098382,G,C
1,65129453,G,A
1,65147015,A,G
1,65098301,G,C
1,65157012,G,T
1,65047888,A,G
1,65098409,A,G
1,64936557,G,A
1,65099811,G,A
1,65143951,G,T
1,65107576,G,A
1,65119459,C,T
1,181480507,G,T
1,181725202,C,A
1,181689992,G,C
1,181741329,G,A
1,181701820,C,T
1,181620471,C,A
1,181727186,C,T
1,181745234,C,T
1,181767841,C,A
1,181701977,C,A
1,181727143,A,C
1,181745256,C,A
1,181707533,G,A
1,181725136,G,T
1,181480642,A,G
1,181700366,C,G
1,181702613,G,T
1,181768003,C,A
1,181764058,C,T
1,181701955,G,C
1,181719609,T,C
1,181690944,C,G
1,181705562,C,T
1,181680155,A,G
1,181706743,G,A
1,181727910,G,A
1,181765963,G,T
1,181745315,C,G
1,181702858,C,T
1,181765960,C,A
1,181706779,G,C
1,181745277,A,T
1,181702695,A,G
1,181706782,C,T
1,181767984,C,T
1,181453016,A,T
1,181693670,C,A
1,181764047,G,C
1,181620493,C,A
1,181767574,C,T
1,181620564,G,C
1,181686252,A,T
1,181708286,A,T
1,181741231,T,C
1,181725204,G,A
1,181546975,C,A
1,181721322,G,T
1,181732609,T,A
1,181735735,C,A
1,181549863,C,G
1,181480554,G,A
1,181701927,G,A
1,181767568,C,A
1,181701970,G,C
1,181690897,C,A
1,181701863,C,G
1,181765848,C,G
1,181727929,G,C
1,181765911,G,T
1,181706767,C,A
1,181706768,T,A
1,181765861,G,A
1,181689959,A,C
1,181759585,G,T
1,181732649,C,A
1,181701834,G,A
1,181767590,G,T
1,181702596,G,T
1,181480531,G,A
1,181725177,A,T
1,181707532,G,T
1,181686274,G,T
1,181480531,G,A
1,181732621,G,C
1,181767606,C,G
1,181687190,G,C
1,181727100,C,T
1,181754913,C,T
1,181680125,G,A
1,181620507,C,A
1,181452944,A,T
1,181548222,T,C
1,181767623,G,T
1,181767904,G,T
1,181708314,G,T
1,181452842,G,A
1,181764028,G,T
1,181701867,C,A
1,181726102,G,A
1,181754455,C,A
1,181702053,A,T
1,181727135,C,T
1,181702170,G,T
1,181705475,G,C
1,181727990,G,C
1,181549788,G,A
1,181745281,C,A
1,181765801,C,A
1,181754858,C,T
1,181620524,C,T
1,181680202,G,C
1,181549852,T,A
1,181452923,G,T
1,181764180,G,T
1,181725098,C,A
1,181701996,G,C
1,181684491,G,T
1,181763998,A,T
1,181708384,T,A
1,181767486,G,T
1,181705478,G,T
1,181689367,G,A
1,181705572,T,A
1,181549889,G,T
1,181702006,A,T
1,181764118,C,A
1,181620521,C,T
1,181708376,G,T
1,181753820,G,T
1,181686415,C,A
1,181686417,C,A
1,181727944,C,G
1,181695252,G,T
1,181705535,C,T
1,181480627,T,A
1,181767564,C,A
1,181764126,C,T
1,181726077,G,T
1,181741334,C,A
1,181546938,C,A
1,181724430,T,C
12,49220592,G,T
12,49218665,G,A
12,49217131,C,G
12,49221499,C,T
17,65027117,G,T
17,65028026,C,A
17,65021095,G,T
17,65026856,A,T
17,65026904,G,T
17,64961111,C,T
17,65026879,G,A
17,65026640,T,A
17,65021068,C,A
19,54501528,G,T
19,54515480,C,G
19,54502940,C,A
19,54502988,C,A
19,54515347,G,T
19,54515405,G,T
19,54515330,G,A
19,54496161,G,A
19,54496020,G,T
19,54496021,G,T
19,54496081,G,T
19,54515421,A,G
19,54495979,G,A
19,54515470,A,G
19,54515349,T,A
19,54496139,G,T
19,54496075,C,A
19,54515519,C,A
19,54502970,C,A
19,54515431,C,A
19,54515433,G,T
19,54515511,C,G
19,54501559,C,A
1,174969257,G,T
1,174973839,G,T
1,174979302,A,C
11,115049436,C,A
11,115069138,G,C
11,115102140,G,T
11,115085397,C,A
11,115080337,G,A
11,115049441,C,A
11,115085438,C,T
19,44127413,G,C
19,44129230,C,A
2,27454872,C,T
2,27456644,G,T
2,27457406,T,A
2,27465789,A,G
2,27462299,G,A
2,27456987,C,T
2,27446491,G,A
2,27462666,G,T
2,27465740,G,T
2,27456887,G,A
2,27461359,C,T
2,27465587,A,C
2,27461929,G,A
2,27446888,G,T
2,27445767,G,T
2,27446822,G,T
2,27440873,G,C
2,27463139,G,C
2,27449776,C,T
2,27447744,G,C
2,27448030,G,T
2,27462235,A,T
2,27466162,T,A
2,27458430,G,T
2,27465212,G,A
2,27464950,G,A
2,27455010,G,T
2,27458235,G,A
2,27454929,G,A
12,54119004,C,A
12,54109067,G,A
12,54115252,T,A
12,54110043,C,T
12,54110077,C,T
12,54115361,C,G
12,54105846,C,A
12,54109682,C,A
12,54109766,C,T
19,13050438,C,T
19,13051205,C,T
19,13051264,G,A
12,121712118,T,G
12,121687629,G,A
12,121686512,C,A
12,121701685,C,A
1,7724790,G,A
1,7527931,C,T
1,6880310,G,A
1,7797434,G,T
1,7725216,T,A
1,7811344,A,G
1,7792638,G,T
1,7724158,C,A
1,7725036,C,A
1,7723444,C,A
1,7811339,C,G
1,7724960,G,T
1,7797473,G,C
1,7527927,C,T
1,7724090,G,T
1,7811314,G,A
1,7737696,C,G
1,7792506,A,G
1,7797500,G,A
1,7309632,A,T
1,7721796,C,G
1,7723642,C,T
1,7724662,G,T
1,7723976,C,T
1,7724846,G,A
1,7724188,C,T
1,7723720,C,A
1,7725205,G,C
1,7724300,G,A
1,7724722,C,T
1,7737720,G,T
1,7805972,A,G
1,7730968,C,A
1,7737753,C,A
1,7805999,C,A
1,7725168,C,G
1,7796531,G,C
1,7700570,G,A
1,7527940,G,C
1,7527948,A,T
1,7724999,G,T
1,7805036,A,G
12,67696315,A,T
12,67699358,G,T
12,67699249,G,T
12,67675815,A,C
12,67696182,A,C
12,67706663,G,C
12,67691560,G,T
12,67696279,G,C
12,67675717,G,T
12,67686403,C,T
12,67699344,G,A
12,67696342,G,A
12,67698483,A,T
12,67696224,C,T
12,67699360,T,C
12,67688923,G,A
2,85628374,C,T
2,85628669,G,A
2,85628669,G,A
2,85628971,C,A
19,39228217,C,G
19,39226098,C,G
19,39228214,C,T
15,42676714,G,T
15,42678468,G,A
15,42695111,C,T
15,42676731,C,T
15,42684893,C,G
15,42678003,G,A
15,42689048,A,T
15,42682218,T,A
15,42682219,G,T
15,42652037,A,G
15,42695961,G,A
15,42680049,G,A
15,42677889,G,A
11,76823721,C,T
11,76826529,G,T
11,76835008,G,T
11,76833670,C,A
11,76830197,A,G
11,76834940,G,T
11,76825355,G,A
11,76826513,G,A
11,76830106,G,A
11,76834862,G,A
11,76830158,G,T
11,76829300,G,C
11,76834850,G,T
11,76833722,C,G
1,230883330,G,C
1,230895275,G,A
1,230916350,C,T
1,230910379,T,A
1,230883296,C,A
19,36634000,C,T
19,36634015,G,T
7,2983857,G,C
7,2974224,C,A
7,2976727,C,T
7,2983995,G,A
7,2969697,C,T
7,2949749,G,C
7,2984041,C,G
7,2974154,G,T
7,2954905,C,G
7,2987266,G,A
7,2962384,C,A
7,2959040,C,A
7,2959089,C,T
7,2949713,C,T
7,2962845,C,G
7,2953038,C,T
7,2979403,C,T
7,2962898,C,G
7,2976714,C,G
7,2984046,C,T
7,2953041,G,A
7,2946328,C,T
7,2968248,C,A
7,2998208,G,T
7,2954949,T,C
7,2987300,C,A
7,2984049,C,A
7,2959200,C,G
7,2979524,C,A
7,2983872,T,A
7,2972221,C,T
7,2946267,C,A
7,2962949,G,A
7,2946434,G,T
7,2952982,C,A
7,2952980,G,A
7,2987387,C,T
7,2954996,C,G
7,2984046,C,T
7,2946269,G,T
11,104912157,C,A
11,104915304,A,C
11,104916050,G,T
11,104915260,G,A
11,104912156,A,G
11,104912370,T,A
19,11024580,G,A
19,11024705,C,T
19,11032406,G,A
19,11022860,A,G
19,11022908,G,C
13,111329336,C,A
13,111340150,C,G
13,111293892,C,T
13,111353784,C,A
6,90572173,G,T
6,90578701,C,G
6,90573971,A,G
6,90556331,G,T
6,90577910,C,T
6,90576933,A,T
6,90577282,G,T
6,90577112,C,T
6,90577104,G,T
6,90572233,G,T
6,90572234,G,T
6,90566859,C,G
6,90573714,C,T
6,90577735,G,T
6,90577242,G,T
16,67070584,C,T
16,67132743,A,C
19,45303666,C,G
21,37518591,G,C
21,37518645,G,T
4,169923276,C,A
4,169923215,C,T
9,70913949,G,T
9,70912690,T,A
17,46148849,G,T
7,26251814,G,T
7,26242643,G,A
7,26251377,G,T
7,26248098,G,C
7,26246107,C,T
7,26248069,C,T
22,39069240,G,A
1,52828382,G,C
1,52824708,G,A
1,52819274,C,A
1,52824928,T,A
1,52823569,C,A
1,52823548,G,C
10,70513691,T,A
10,70513692,G,T
10,70516155,C,G
10,70513758,A,T
10,70514971,G,T
10,70516189,G,A
10,70531197,A,T
10,70532744,G,C
10,70514515,G,T
10,70551132,A,T
2,131098605,C,A
2,131096756,C,A
2,131099249,G,T
2,131099431,C,A
2,131098596,C,G
22,29177022,A,T
22,29182289,G,T
2,109463283,G,T
2,109463246,G,T
2,109455669,A,C
2,109415023,G,A
2,109455678,C,T
2,109429360,G,T
2,109408185,A,G
2,109415040,G,T
2,179718292,T,C
2,179702053,G,T
2,179702335,T,A
2,179732787,A,G
2,179737000,A,T
2,179718180,G,C
2,179718348,G,C
2,179702359,A,T
2,179732906,C,G
2,179732896,C,T
2,179736237,C,A
2,179733928,G,A
2,179720986,G,T
2,179736233,G,A
2,179736949,T,C
2,179714841,T,A
2,179742647,G,A
2,179702272,G,C
2,179742775,C,A
2,179736895,G,A
2,179742850,G,T
2,179701637,C,A
2,179736888,C,A
2,179701812,G,T
2,179701621,C,A
2,179742780,C,A
2,179733891,C,G
2,179702023,T,A
7,76889471,G,C
7,76916169,G,A
7,76912065,G,A
7,76891544,A,T
7,76916146,T,A
7,76891577,G,A
7,76924258,G,A
7,76891586,A,T
7,76871034,T,A
3,123633773,A,C
3,123634422,G,T
3,123663717,C,G
3,123665764,C,A
3,123666039,T,A
3,123633788,A,G
3,123634519,C,A
3,123634225,T,A
3,123633813,T,A
11,124857874,T,G
11,124857934,G,T
11,124873844,G,T
11,124829042,A,T
11,124847487,G,T
11,124857317,G,T
11,124857980,C,G
11,124857203,C,T
6,139106455,G,T
6,139094885,T,A
6,139094912,A,C
6,139097279,A,G
6,139106442,A,C
6,139100986,G,T
6,139094796,C,A
6,139094796,C,A
1,32667694,T,C
1,32670827,C,A
1,32670241,C,A
15,74574148,G,T
15,74554835,G,C
15,74623070,A,C
15,74560766,C,A
15,74560767,C,A
15,74573106,C,T
15,74625100,C,A
15,74628287,G,T
15,74572368,G,A
15,74628408,C,A
15,74559018,G,C
15,74623568,C,T
15,74610981,C,A
15,74574130,G,C
15,74623621,G,T
15,74554862,C,T
11,27371933,T,C
11,27384611,C,A
11,27379046,C,T
11,27378962,C,T
11,27379014,C,A
11,27379015,A,T
11,27371802,C,A
3,180381752,C,T
3,180377314,C,A
3,180372645,A,G
3,180377327,A,T
3,180377471,G,T
3,180366130,C,A
3,180372601,A,T
3,180377362,A,T
3,180334372,C,T
3,180378460,C,A
3,180378429,C,T
3,180366116,C,A
3,180337699,G,T
3,180381658,T,A
3,180381717,C,G
3,180377270,C,A
3,180377345,T,G
3,180378511,G,T
3,180366106,A,T
3,180334325,G,T
3,180372586,C,A
3,180364997,G,A
3,180397269,G,T
3,180381730,T,G
3,180359854,C,A
17,42759450,G,A
17,61843460,C,A
17,61833645,G,A
17,61833629,C,A
17,61842180,C,T
17,61842114,T,C
17,80129584,C,T
17,80159587,G,A
17,80159691,C,T
17,80151979,C,T
17,80059641,T,C
17,80156237,C,T
17,80146200,C,T
17,80137053,C,T
17,80130706,T,C
17,80151915,C,A
5,150565642,G,T
11,32724484,G,A
11,32636042,G,T
11,32636212,T,C
11,32635665,C,T
11,32634980,C,T
11,32781805,C,T
11,32674751,T,C
11,32676475,G,T
11,32781656,C,A
11,32635142,C,T
11,32635205,C,G
11,32705004,C,A
11,32636068,T,C
11,32663549,T,C
11,32657241,C,A
11,32635190,C,A
11,32635143,G,A
11,32635535,G,C
11,32657326,G,T
11,32657327,G,T
11,32676433,A,T
11,32657332,T,A
11,32724418,C,A
11,32636029,T,C
11,32674742,T,A
11,86131094,C,T
11,86126174,G,T
11,86086261,C,T
11,86130969,G,T
11,86131086,C,A
11,86086208,G,T
11,86086236,G,T
11,86086284,G,A
14,91772188,T,G
14,91804433,C,T
14,91810001,C,A
14,91770194,C,A
14,91739123,G,A
14,91804492,C,A
14,91755660,G,A
14,91780046,T,C
14,91772124,C,A
14,91875058,T,A
14,91739806,G,T
14,91770243,T,C
14,91749723,G,A
11,85396231,C,G
11,85396403,C,T
11,85396473,T,A
11,85396854,T,A
11,85396236,C,A
11,85396657,C,T
11,85396455,T,A
11,85396673,C,A
11,85396370,G,A
11,85396655,C,A
11,85396449,T,A
11,85396517,G,T
11,85396024,C,A
11,85397123,C,T
12,124428133,C,A
12,124428010,T,C
12,124421890,C,A
12,124421651,C,T
4,7042892,C,A
4,7043399,C,T
4,7043945,G,A
4,7043210,C,A
9,34691127,G,T
9,34689810,C,T
16,57392777,G,A
17,34344875,C,A
17,34340159,T,A
17,34340926,G,T
17,34340789,A,C
17,34344969,C,T
17,34340259,C,T
17,34340339,G,C
17,34340812,T,A
5,43381982,C,A
5,43388480,C,G
5,43388579,C,A
5,43382065,C,A
5,43381991,C,A
5,43381978,T,A
17,32583819,C,A
17,32583785,A,G
17,32583777,C,T
17,34432753,T,C
17,34432678,G,T
17,34432714,G,T
17,34431942,C,T
6,41908796,C,A
6,41903779,G,C
6,41903662,G,C
15,43483674,G,T
15,43483789,G,A
15,43486931,T,A
15,43483839,G,A
15,43478086,G,T
19,30303884,G,A
19,30314759,T,C
19,30314607,G,T
19,30313407,T,C
19,30308449,G,T
19,30314605,G,C
19,30314606,G,T
19,30312666,T,A
16,2489405,C,T
16,2503251,C,G
16,2481129,A,T
16,2499292,G,A
4,78081897,C,T
4,78087113,G,A
5,159680645,C,T
5,159680488,T,C
5,159707701,C,T
5,159680412,C,A
12,49099550,C,A
12,49110580,C,A
12,49110484,G,A
12,49088075,T,A
12,49089837,G,A
12,49087591,C,T
12,49087120,G,C
2,135677405,A,G
2,135710914,A,G
2,135711659,G,A
2,135711220,A,G
2,135710263,G,T
2,135705409,A,G
3,46414769,A,G
3,46414426,C,T
3,46415423,G,A
3,46414395,T,C
3,46414775,C,A
17,38710799,T,C
17,38711510,C,T
3,46450106,A,T
12,69991453,C,G
12,69987387,G,A
12,69983324,C,G
12,69982006,C,T
12,69993722,G,C
12,69991418,G,T
2,62103366,C,T
2,62107456,G,C
2,62096610,C,T
2,62104098,T,G
2,62099300,C,A
2,62112193,T,C
2,62107478,A,C
2,73478400,C,A
2,73476217,C,T
2,73479952,C,G
2,73467575,A,C
2,73461436,A,G
2,73479815,C,A
2,73476214,C,A
2,73467590,G,T
2,73461511,T,A
2,73467659,C,A
5,140012043,T,G
5,140012478,C,T
5,140012311,G,T
5,140011760,G,T
5,140011407,C,T
12,7556286,C,T
12,7526095,A,T
12,7527343,C,T
12,7585988,C,A
12,7586146,C,A
12,7522016,G,T
12,7559427,C,A
12,7551110,G,C
12,7527333,T,C
12,7531644,C,A
12,7586192,C,T
12,7522232,C,A
12,7531839,T,G
12,7551135,C,G
12,7586213,G,C
12,7528081,C,T
12,7556223,G,T
12,7585029,A,G
12,7585940,C,G
12,7531738,G,T
12,7528087,G,T
12,7586276,C,G
12,7548949,C,A
12,7586288,C,A
12,7548916,C,G
12,7531657,T,C
12,7531658,C,A
12,7526177,C,G
12,7585062,C,A
12,7521996,C,G
12,7522072,G,T
12,7586010,A,G
12,7527243,G,T
12,7531614,A,T
12,7522158,G,T
12,7585997,C,A
12,7548878,A,T
12,7528361,C,A
12,7559189,T,C
2,71058202,G,C
2,71058869,C,A
2,71058870,C,A
2,71058896,C,T
2,71062729,G,T
2,71058894,T,A
2,71062642,A,T
18,67614064,C,A
18,67614144,C,A
18,67614118,C,G
18,67540474,C,G
18,67562943,C,G
18,67563079,T,A
18,67534622,G,C
18,67531511,A,T
18,67563198,T,C
18,67563206,T,A
18,67614224,C,G
18,67563020,G,A
18,67563048,C,T
18,67563049,G,T
18,67563260,G,T
19,35832311,G,T
19,35827001,C,G
19,35827116,C,A
19,35827111,C,G
19,35832450,G,A
19,35832283,C,A
19,35832319,C,T
19,35823807,G,C
19,35832310,G,T
19,35836516,C,A
19,35823740,G,T
19,35829190,A,C
19,35823583,C,T
19,35829151,C,A
19,35828663,C,A
19,35832688,G,T
19,35831821,C,A
19,35823621,C,G
19,35823739,G,T
19,35823644,T,C
19,35829249,C,G
19,35829208,G,A
19,35832042,G,T
19,35831821,C,T
2,204571379,G,T
2,204599581,C,G
2,204591407,C,T
2,204591409,G,T
2,204591706,G,A
2,204599693,G,T
2,204599743,G,A
2,204591549,G,T
2,204591649,G,T
2,204599661,C,A
2,204599666,G,T
1,117311375,A,G
1,117311453,C,T
1,117303199,C,T
1,117311203,C,T
1,117297470,A,T
1,117311268,C,T
1,117311190,C,A
1,117311298,G,A
1,208084357,C,T
1,208072542,C,A
1,208084384,C,T
1,208072464,G,T
1,208062055,C,A
1,208062945,C,A
1,208072370,G,A
1,208061237,C,A
1,208073292,G,T
1,208062847,C,A
1,208061141,G,T
1,208061058,C,G
1,208062810,C,A
1,208070868,G,A
1,208062964,C,T
1,208062055,C,A
7,80302097,C,T
7,80303324,C,A
7,80292390,G,T
7,80286000,G,A
7,80301303,G,A
7,80295773,G,T
7,80286010,C,T
11,118210617,G,A
11,118210558,A,G
11,118213394,C,T
11,118210177,G,T
11,118210166,C,G
3,107798937,C,A
3,107799048,C,G
3,107778371,C,A
1,26644516,G,A
1,207510124,C,G
1,207504639,G,T
1,157801728,G,A
1,157804200,C,A
1,157805936,G,T
1,157803097,G,C
1,157804213,C,T
1,157805889,C,A
1,157803248,T,A
1,157803200,C,T
1,157805895,G,T
1,157803102,G,T
1,157803263,C,A
1,157805822,A,G
1,157811523,T,G
1,157805829,C,A
1,157803231,C,G
1,157804351,T,G
1,157803126,T,A
1,157805847,C,A
1,157805682,C,A
1,157802987,C,A
1,157809178,G,T
1,157804304,C,T
1,157804439,C,A
1,157805925,G,A
1,157805926,C,A
1,157803090,C,A
12,56120552,G,A
5,149782841,G,A
19,42381319,G,A
19,42385013,T,C
19,42383065,G,A
11,2417125,G,C
11,2411664,G,T
11,2415357,A,G
11,2398821,C,T
6,14135350,G,T
6,14131775,A,T
6,14135362,C,T
6,14133895,G,T
12,6344465,G,T
12,6309607,C,A
13,49841839,A,C
13,49841802,G,T
13,49823042,A,G
13,49852582,G,A
13,49866002,G,T
13,49841903,A,G
15,43017718,A,G
15,43028533,G,A
15,43021435,C,T
15,43027805,C,G
15,43020192,T,C
15,43028100,T,C
15,43021262,G,A
15,43019893,C,A
15,43025385,C,A
15,43017368,T,C
15,43020852,C,T
10,12272994,A,G
10,12292308,A,G
1,100889851,C,T
1,100960421,G,C
1,100960422,G,T
1,100889855,C,G
1,100843119,G,T
1,100950007,G,T
1,100960462,G,T
1,100928388,C,G
1,100928221,G,T
1,100983869,C,G
1,100928316,C,T
3,48207330,A,T
3,48207217,G,C
3,48209371,T,C
3,48215895,C,G
20,3782985,G,C
20,3778396,G,T
17,45214547,G,A
17,45206824,C,A
17,45219643,T,C
17,45219283,T,C
17,45232085,T,A
19,537015,C,T
19,537086,G,T
1,227504797,C,A
1,227348290,C,G
1,227192614,C,A
1,227333230,G,A
1,227216485,G,A
1,227219179,A,G
1,227218999,C,G
1,227381578,C,A
1,227348267,G,C
1,227198703,A,C
1,227268619,C,A
1,227348297,G,C
1,227300077,C,A
1,227192648,G,A
1,227192649,G,A
1,227216501,T,A
1,227504937,A,G
1,227333438,C,G
1,227300084,T,C
1,227192630,C,A
1,227219083,T,G
1,227441855,A,G
11,65088480,C,A
11,65088676,C,G
1,151026786,A,C
6,44390392,C,G
6,44371653,T,G
6,44387332,C,T
6,44376295,G,C
6,44361284,G,T
6,44397514,C,G
6,44371573,A,G
1,193205393,G,T
1,193219878,C,T
1,193218922,G,T
1,193091309,G,A
1,193121524,A,G
1,193218895,C,T
1,193111176,A,G
1,193094313,A,G
1,193099332,C,G
1,193218933,A,T
1,193117052,G,T
8,25325745,G,T
8,25337499,A,C
8,25364831,G,T
8,25337527,G,T
8,25365090,G,C
8,25346171,A,G
8,25346185,G,A
8,25340958,G,T
11,64846867,G,T
11,64846930,G,A
11,64851485,C,A
1,38171195,G,A
1,38168972,G,A
1,38158352,C,T
16,89245975,T,C
16,89246675,A,T
16,89251647,G,T
16,89245971,C,A
16,89245841,G,T
16,89245906,G,A
16,89245932,C,A
16,89253873,G,A
16,89258091,C,A
16,89261522,C,G
16,89259965,G,C
16,68862085,C,T
16,68835796,G,T
16,68867467,G,T
16,68862125,A,G
16,68857305,A,T
16,68847300,G,C
14,23517600,G,A
14,23518334,C,T
14,23521746,T,C
14,23521747,G,T
14,23517504,G,C
14,23523504,C,G
14,23523778,C,T
14,23521729,C,T
14,23524511,C,A
14,23517554,C,A
14,23521286,C,A
14,23517525,C,G
16,68721553,A,T
16,68716298,G,T
16,68712528,C,T
16,68713832,G,T
16,68714952,G,T
16,68732298,G,T
16,68719187,G,A
16,68721600,G,T
16,68712482,G,A
16,68712778,C,T
16,68713715,G,T
1,1572836,C,G
1,1573207,C,A
17,37667826,C,T
17,37657618,A,C
17,37650802,G,A
17,37657640,A,C
17,37627359,T,C
17,37619292,C,T
17,37687195,G,A
17,37673787,C,T
17,37646907,G,T
17,37646908,G,A
17,37619172,C,T
17,37619304,A,G
17,37687195,G,C
17,37676281,A,G
17,37618986,G,A
17,37627398,A,G
17,37619117,A,C
X,47083885,C,T
X,47086599,G,A
X,47087980,G,T
X,47086816,G,T
X,47085945,A,G
10,62553756,A,T
10,62553757,T,A
10,62544595,A,T
10,62545585,G,T
10,62544479,G,C
12,56360777,G,A
17,30815150,C,G
17,30814988,C,T
17,30815606,A,C
2,219825656,G,T
2,219825610,C,A
2,219825306,C,A
9,123201727,G,A
9,123202072,T,C
9,123170639,T,A
9,123170668,C,T
9,123177335,C,A
9,123220760,G,A
9,123202029,C,T
9,123249605,T,C
9,123253683,T,A
9,123165239,G,A
9,123206000,C,A
9,123169402,G,A
9,123220813,C,A
9,123170593,C,A
9,123215791,C,A
9,123216048,G,A
9,123253737,C,G
9,123215988,C,A
9,123298731,C,T
9,123165113,T,A
9,123170627,C,A
7,92244466,C,T
7,92300767,C,A
7,92404042,G,T
7,92300778,C,A
7,92300779,C,G
7,92244469,C,A
7,92247458,A,G
5,68558102,G,T
5,68531237,A,G
5,68558042,G,A
6,21108643,G,C
6,20781382,C,T
6,21000597,A,G
6,20758835,A,G
6,21065370,G,C
6,21000533,G,T
6,20758841,C,T
14,50862540,C,A
14,50801307,A,G
14,50877348,C,G
14,50845129,G,A
14,50802720,A,G
14,50877254,G,A
14,50844996,C,T
14,50802858,G,T
4,76523301,T,C
4,76532444,C,A
4,76532502,T,A
4,76525509,C,T
4,76551107,C,T
4,76530806,C,A
4,76530808,C,A
X,18646665,C,A
X,18606111,G,T
X,18622687,A,G
X,18622562,C,A
X,18622582,C,T
X,18671675,C,G
X,18627664,C,A
X,18646679,G,A
X,18668699,A,T
X,18668587,G,A
X,18600059,T,A
X,18622843,G,C
X,18622571,G,T
6,36653568,G,T
6,36652159,G,C
9,21971209,T,A
9,21971145,G,C
9,21971107,T,A
9,21971199,C,G
9,21974623,C,T
9,21971111,G,A
9,21971056,C,A
9,21974523,G,T
9,21971047,A,T
9,21971077,A,G
9,21971186,G,A
9,21974487,C,T
9,21974560,A,T
9,21971003,C,A
9,21970914,C,T
9,21971057,C,A
9,21971108,C,T
9,21971203,A,C
9,21974780,A,T
9,21971059,G,C
9,21971108,C,T
9,21971025,G,A
9,21971140,G,T
9,21971056,C,A
9,21971108,C,T
9,22008863,C,T
9,22008887,C,T
9,22006055,G,A
14,54884582,A,G
5,115151930,C,A
5,115152142,G,T
5,115141129,C,A
5,115152132,G,A
5,115152106,C,A
20,5170746,A,G
20,5167503,G,A
20,5167438,C,T
20,5170484,G,T
20,5170919,C,T
20,5159590,C,G
16,88871952,G,T
16,88873493,C,T
16,88873713,C,T
16,88872177,G,T
16,88872241,G,C
3,133306891,G,A
13,28537437,G,C
13,28537312,G,T
13,28542667,G,T
13,28537263,C,T
13,28537263,C,A
19,43023300,G,C
19,43026327,C,A
19,43025290,G,C
19,42222239,G,T
19,42218935,T,G
19,42221645,T,G
19,42213867,C,T
19,42224083,C,T
19,42222257,C,T
19,42213709,C,A
19,42213710,C,A
19,42224947,C,G
19,42219069,C,A
19,42221548,T,A
19,42231194,C,T
19,42219494,G,A
19,42219636,C,A
19,43097973,C,A
19,43097975,C,A
19,43093016,T,A
19,43098047,G,T
19,43093607,A,G
19,43097784,G,T
19,43093034,G,T
19,43097712,A,T
19,43099055,G,C
19,33870449,G,T
19,33870107,A,G
10,11299746,G,T
10,11371046,T,G
10,11047364,A,G
10,11367850,A,G
10,11047331,G,A
10,11207591,G,T
10,11363183,G,C
10,11299787,C,A
10,11047380,G,A
3,48697443,G,T
3,48689956,C,A
3,48688359,A,T
3,48696795,T,G
3,48697224,C,A
3,48697225,T,A
3,48697339,G,A
3,48677227,G,A
3,48699025,A,G
3,48688477,G,C
3,48697117,G,C
3,48697420,G,C
3,48691216,C,T
3,48697761,T,A
3,48688384,C,A
3,48685886,C,T
3,48691198,G,A
3,48697067,G,A
3,48697556,G,T
3,48680236,A,C
3,48697504,C,T
3,48689382,C,G
3,48693266,C,G
3,48696507,G,T
3,48682975,G,C
3,48686568,C,T
3,48696534,G,C
3,48697251,T,C
3,48697690,A,G
3,48690480,C,G
3,48678894,C,T
3,48699679,C,G
3,48689456,G,A
3,48679335,G,A
3,48697796,T,C
3,48689361,G,C
2,27015103,C,T
2,27015104,G,T
2,27016114,G,T
2,27016112,C,T
2,27016122,G,T
4,104070561,T,A
4,104082500,C,A
4,104067249,T,C
4,104027425,C,A
4,104061195,C,G
4,104101486,C,A
4,104061453,T,G
4,104041347,A,T
4,104116370,G,A
4,104116268,C,T
4,104074252,T,C
4,104062166,C,T
4,104061004,T,C
4,104059534,G,T
4,104029995,C,A
4,104081905,C,G
4,104070561,T,A
4,104032029,C,A
4,104066267,C,A
4,104084360,C,T
4,104065532,C,A
4,104079483,C,G
4,104103946,A,G
4,104037814,T,C
4,104037816,T,A
4,104027392,C,A
4,104070553,G,A
4,104027348,C,A
4,104067201,T,C
4,104067129,G,C
4,104082591,T,A
4,104066825,T,A
4,104101595,T,A
4,104116363,C,A
1,214828619,G,A
1,214836933,G,T
1,214818975,C,G
1,214818975,C,T
1,214818194,G,C
1,214816222,G,T
1,214803903,C,G
1,214814818,C,T
1,214815414,C,T
1,214818275,C,T
1,214818772,C,T
1,214818774,C,T
1,214819658,C,A
1,214825149,G,C
1,214826243,G,A
1,214819010,C,G
1,214815230,T,A
1,214818160,G,A
1,214795485,G,T
1,214821312,G,A
1,214782037,C,G
1,214788230,T,C
1,214813858,C,G
1,214814216,G,T
1,214788275,A,T
1,214779212,G,T
1,214816606,G,T
1,214819878,A,C
1,214816525,G,A
1,214791961,A,T
1,214788297,A,G
1,214811235,T,C
1,214818844,G,T
1,214818845,G,T
1,214814252,G,T
1,214820057,G,A
1,214813740,G,T
1,214803990,G,C
1,214802428,G,A
1,214818608,G,C
1,214818923,G,T
1,214813604,G,C
1,214830338,C,T
1,214818013,G,T
1,214830292,C,T
1,214819355,G,T
1,214818473,C,T
1,214816089,G,C
1,214816078,T,C
1,214818865,G,A
1,214794039,C,T
1,214822055,G,A
1,214819597,A,G
1,214815962,G,A
1,214818476,G,T
1,214802421,G,A
1,214779197,G,T
1,214832293,G,T
1,214816616,A,G
1,214822111,G,T
1,214815375,G,T
1,214820452,C,A
1,214832271,G,T
1,214826278,C,T
1,214787134,C,G
1,214814636,C,T
1,214788288,C,G
1,214832299,C,T
5,68491555,A,T
5,68491617,A,T
5,68491566,G,C
5,68505620,G,T
5,68505708,C,G
X,100402979,T,A
X,100382593,C,T
X,100417903,C,T
X,100364529,G,T
X,100381766,A,G
X,100401267,G,C
X,100403112,C,A
X,100403113,C,A
X,100402800,G,T
X,100357331,G,T
X,100364527,G,A
X,100356187,C,T
13,25458536,C,T
13,25479865,C,T
13,25480995,T,A
13,25479796,C,A
13,25479993,C,G
13,25480420,C,G
13,25480126,C,G
13,25459510,C,A
13,25466834,T,A
13,25480248,G,A
13,25487104,C,G
2,25016319,G,T
16,67865182,G,A
16,67862182,G,T
16,67864378,G,A
16,67862267,G,A
16,67863681,G,A
6,126661425,G,T
20,34089777,A,G
20,34090885,A,T
20,34061702,G,T
20,34078568,A,G
20,34092529,T,A
20,34091361,G,T
20,34079134,C,T
20,34092400,G,T
20,34091823,G,T
20,34081266,G,T
20,34090953,C,T
20,34091725,T,C
20,34091626,G,C
20,34065799,C,G
20,34067214,C,T
20,34090820,G,C
10,95276880,G,C
10,95279445,G,A
10,95263058,G,T
10,95287973,C,A
10,95287974,A,C
10,95275299,G,T
10,95276916,G,T
18,12680707,C,T
18,12695285,G,C
18,12699187,G,T
18,12686344,C,G
9,80851553,G,T
9,80851438,C,G
9,80869758,G,T
9,80851430,G,T
9,80869844,G,A
9,80861637,A,T
9,80851322,A,T
9,80858483,A,T
3,101477085,T,C
3,101443556,C,T
3,101447769,G,T
3,101476618,G,A
3,101446312,G,A
3,101476616,C,T
1,111726191,T,G
9,131197999,G,C
9,131185252,G,T
9,131196737,G,C
9,131191045,C,T
9,131186815,G,C
9,131193497,C,T
9,131191103,G,T
X,151998262,G,T
X,151996243,A,G
X,151997692,C,A
X,151997693,C,A
X,151997126,G,A
X,151996333,A,T
X,151996441,C,T
6,31913981,C,T
14,35182575,C,T
14,35182632,T,A
14,35182544,G,A
6,87797884,A,G
6,87796106,C,A
6,87796136,C,A
6,87795419,T,A
6,87795510,C,T
6,87796049,T,A
6,87796136,C,T
15,57823948,T,C
15,57730633,C,T
15,57731072,G,T
15,57809044,G,A
15,57838327,A,T
15,57731566,G,T
15,57730535,C,A
15,57730351,C,T
15,57734609,A,G
15,57743763,G,A
15,57730401,G,T
15,57731244,A,G
15,41247885,G,T
19,4418042,C,G
19,4433496,G,T
19,4431958,G,A
19,4418063,G,C
19,4423358,A,G
19,4423818,A,G
19,4409421,G,A
19,4433137,G,T
19,4408903,G,T
19,4430546,G,A
19,4429522,G,C
19,4432137,G,A
19,4433427,G,C
19,4428734,G,A
7,132709316,C,T
7,132481310,C,A
7,132659949,G,A
7,132470374,G,A
7,132481247,C,A
7,132470256,T,C
7,132720639,C,A
7,132720641,T,A
3,126445943,G,T
3,126676372,G,A
3,126423156,A,C
14,93399080,C,G
16,89712979,C,A
16,89712461,C,A
3,87303014,G,A
3,87276700,G,T
3,87302634,G,A
3,87302615,T,C
3,87295012,T,A
21,19628934,G,T
21,19629135,G,T
21,19635105,T,C
21,19628912,G,A
21,19629022,A,T
21,19638304,T,A
21,19638270,G,T
21,19628834,G,T
21,19638462,G,T
21,19632525,C,T
11,74413894,G,T
11,74417561,C,T
11,74421994,C,G
11,74441865,G,A
3,184105183,G,A
3,184102866,G,T
3,184106522,G,T
3,184099382,G,A
3,184100892,G,A
3,184100663,G,C
3,184104849,T,C
3,184103926,C,G
3,184098578,G,C
3,184104715,C,A
3,184099529,G,A
3,184105721,G,T
3,184102332,G,C
3,184104519,G,T
3,184105199,G,A
3,184106429,G,T
3,184103942,G,A
3,184104390,G,T
3,184103932,G,T
3,184104523,T,C
3,184104632,G,T
3,184106393,C,A
11,62678510,A,T
11,62677634,G,A
11,62678371,C,T
11,62677484,C,A
11,62678102,C,A
11,62677713,G,T
11,62678649,A,T
11,62678015,G,T
1,240070926,C,A
1,240070921,A,C
1,240070814,A,T
1,240071724,G,T
1,240072501,C,A
1,240071545,T,A
1,240071141,C,T
1,240072406,G,T
1,240072465,C,A
1,240071207,C,G
1,240071253,T,A
1,240072433,G,T
1,240071185,T,G
1,240071237,C,A
1,240072567,C,A
1,240071330,G,T
1,240071045,G,T
1,240071031,A,T
1,240071054,G,T
1,240070879,C,G
1,240070932,G,T
1,240071510,G,T
1,240071283,G,T
1,240072434,C,A
1,240072216,G,T
1,240070927,C,A
1,240071406,G,T
1,240070931,G,A
1,240072267,C,G
1,240072343,G,T
1,240071680,G,T
1,240071400,C,A
1,240072190,G,A
1,240071786,C,T
1,240072435,C,A
1,240072343,G,C
1,240072344,G,T
17,7358971,A,G
17,7350841,A,T
17,7350939,G,A
17,7357633,T,C
17,7348744,G,T
17,7358600,C,G
16,75513075,G,T
16,75513263,C,G
16,75512953,G,C
16,75513169,C,T
16,75512650,C,A
16,75513022,G,A
16,75513129,G,T
16,75512678,G,A
16,75513271,C,A
16,75513272,A,G
16,75513268,G,A
16,75512560,G,T
16,75512743,G,A
16,75513119,T,A
16,75513169,C,T
16,75513122,C,A
16,75513447,C,A
16,841226,G,T
16,844112,G,A
16,848017,A,T
10,101980343,A,T
10,101978830,C,A
10,101964386,A,C
10,101982738,C,A
10,101961868,C,G
10,101982729,T,C
10,101977791,T,A
10,101959779,T,C
10,101960516,C,A
14,65392786,G,T
14,65381189,G,T
14,24775613,C,T
14,24774918,A,T
14,24774860,C,T
14,24774945,A,G
16,11002979,C,T
16,11000999,G,T
16,11016071,G,T
16,11000871,G,C
16,11000948,C,G
16,10997612,T,C
16,10996625,G,T
14,102825902,C,A
14,102825812,G,A
14,102822165,C,A
19,1272009,G,A
19,1270019,G,T
19,1270962,T,G
10,60037063,G,T
6,139694840,C,A
6,139694818,G,A
6,139694476,G,A
6,139694781,G,A
13,53039580,G,A
13,53030734,G,T
13,53036592,G,A
13,53036058,G,C
13,53029722,C,A
13,53036658,A,T
13,53039445,G,A
13,53049190,A,T
13,53035933,G,T
12,106632981,T,C
12,106633080,G,T
12,106632707,G,C
12,106633389,C,A
12,106634022,C,T
12,106633263,C,A
12,106633456,G,A
12,106633722,G,A
12,106633563,G,A
12,106633401,G,C
11,46784287,C,A
11,46812053,C,T
11,46780964,C,T
11,46785064,C,T
11,46765563,T,A
11,46774957,G,A
11,46774958,A,G
11,46792440,T,G
11,46783552,T,C
11,46772739,T,C
11,46819519,T,C
11,46839864,C,A
11,46842770,T,A
11,46786761,C,G
11,46784048,C,A
11,46831310,C,A
11,46776449,T,A
11,46782195,T,A
15,43891507,G,A
15,43891573,C,A
1,154950548,C,T
1,109479738,T,C
1,109493041,G,A
3,184076898,C,A
3,184071977,C,A
3,184076081,G,A
3,184071086,T,C
3,184076836,C,A
3,184072029,C,G
4,170618824,G,A
4,170634343,C,G
4,170611783,T,C
4,170610315,A,T
4,170601243,C,T
4,170613428,A,G
4,170641086,G,A
4,170618416,C,A
4,170613432,C,G
4,170613336,C,G
4,170610350,C,A
4,170618398,C,A
4,170628234,G,T
X,10174600,G,T
X,10162990,T,C
X,10174510,A,G
X,10181855,A,G
X,10165983,C,G
X,10188801,G,T
X,10180534,A,G
X,10176257,G,C
X,10176261,C,G
X,10180535,T,C
X,10180644,C,A
X,10182002,G,A
X,10155566,G,T
X,10174804,C,T
X,10176537,G,C
X,10182101,G,T
X,10181882,G,T
16,1509178,G,A
16,1499236,C,A
16,1498742,A,C
16,1510477,C,A
16,1498464,C,G
16,1503889,A,T
16,1510920,C,A
16,1499037,T,A
16,1507298,C,A
16,1503888,C,G
3,137742562,C,T
3,137717766,C,G
3,137742593,G,A
3,137717893,C,A
3,137717751,C,T
3,137717828,G,A
3,137749854,C,A
3,137717810,G,A
3,137742522,C,A
7,73245716,T,C
7,73245979,C,T
7,73245707,C,T
17,7164150,G,A
17,7163586,G,C
17,7163726,G,A
21,31588042,C,A
21,31588141,A,T
21,31587929,G,C
21,31588044,T,C
21,31587557,C,A
21,31588216,C,A
21,31587816,G,T
21,31588002,C,T
21,31587992,C,A
16,3063924,G,A
16,3063831,C,T
16,3063874,G,T
16,3063820,G,C
19,51228646,G,T
19,51226755,G,A
19,51226709,C,A
19,51228604,C,T
12,10124250,G,T
12,10131747,G,T
12,10124236,A,G
12,10133289,C,T
12,8276531,A,T
12,8276539,A,G
12,8291015,G,T
12,8287250,C,G
12,8288251,A,G
12,8289466,G,T
12,10277985,T,A
12,10280406,C,G
12,10280406,C,T
12,10271056,C,A
12,10271128,C,A
19,36518058,G,T
19,36517911,C,T
19,36506996,G,T
19,36523157,G,T
19,36517903,G,A
19,36517093,C,T
19,36509865,G,A
19,36509848,G,T
19,36508345,C,A
1,155235708,C,G
1,155239391,C,A
1,155233067,C,A
1,155237835,C,G
1,155238556,C,G
1,155238094,C,A
1,155237843,T,C
1,155239366,C,G
1,155233108,C,A
8,1719663,G,T
8,1719242,G,C
8,1719333,T,C
8,1728673,G,T
8,1728796,G,C
8,1728532,C,G
5,1323907,A,G
5,1339046,C,T
5,1323018,G,T
5,1318499,C,T
5,1323949,G,C
5,1334426,G,A
5,1323984,C,A
5,1318506,G,A
1,9811657,C,T
1,9791826,C,T
1,9801204,C,A
1,9795604,T,A
1,9811657,C,T
18,644961,A,C
18,645015,G,A
18,641480,G,T
18,641487,G,A
18,633349,G,T
18,633357,G,T
18,627315,A,T
18,633426,C,T
18,641426,G,A
18,627251,C,T
12,22215287,G,A
12,22211632,C,T
12,22214339,G,T
12,22215219,G,T
12,22208502,G,A
12,22208541,G,T
12,22208542,G,T
5,10290834,T,C
5,10288614,C,T
5,10288575,G,A
12,108686252,A,T
12,108685692,G,T
12,108686330,C,A
12,108686144,C,A
12,108686396,C,A
12,108686630,C,A
12,108686241,C,T
12,108686093,C,A
12,108686656,C,T
12,108686420,A,G
12,108685647,T,C
12,108685800,T,A
12,108685961,T,C
12,108686013,T,C
12,108685637,C,A
12,108686249,C,A
12,108686090,T,A
12,108685534,G,A
12,108685616,G,T
12,108686360,A,T
12,108684889,G,T
12,108686401,C,A
12,108686033,A,C
16,66612743,C,G
16,66612833,G,A
16,66643345,T,C
3,32495741,G,T
18,72173175,A,G
18,72183560,G,T
18,72173246,G,T
18,72187372,C,T
18,72183517,G,T
18,72176088,G,A
18,72180810,G,A
18,72178086,G,A
18,72180861,G,T
19,11657493,C,T
19,11660455,A,T
19,11651957,C,T
19,11660260,G,A
19,11660568,C,A
19,11649688,C,A
19,11649689,C,T
19,11651909,C,G
19,11657746,A,G
19,1037755,C,T
19,1037793,C,T
1,95363333,C,G
1,95363271,T,C
8,17102606,T,A
8,17092352,T,C
17,40120102,G,A
17,40125781,C,T
6,88854096,T,A
6,88854149,A,T
6,88854039,T,A
6,88854698,C,G
6,88854043,G,T
6,88854818,T,A
6,88854965,T,C
6,88854765,T,A
6,88853845,A,G
6,88855026,T,G
6,88853545,T,A
6,88854258,C,T
6,88853946,C,G
6,88854124,G,A
6,88854435,T,A
6,88853926,C,A
6,88854203,C,A
6,88854814,C,G
9,17416187,G,T
9,17298312,G,T
9,17464561,G,C
9,17388159,G,C
9,17298270,C,G
9,17464545,A,G
9,17394937,A,T
9,17340936,G,A
9,17273806,C,A
9,17409325,G,T
9,17394905,G,T
9,17395013,G,T
9,17330758,G,T
9,17409351,G,C
9,17135352,G,T
9,17340936,G,T
9,17340937,G,T
9,17484328,G,A
9,17466001,G,T
9,17135215,A,G
9,17395056,G,T
9,17415873,A,T
12,41316172,T,C
12,41414184,C,T
12,41333204,G,C
12,41318400,G,C
12,41312565,G,A
12,41374864,A,T
12,41337488,G,T
12,41410654,G,T
12,41421699,T,A
12,41418949,C,A
12,41365318,G,A
12,41410554,A,T
12,41323638,A,G
12,41316138,C,A
12,41421754,A,G
12,41327516,G,C
12,41337832,G,T
12,41408078,G,C
12,41327314,A,G
12,41408096,G,T
12,41337796,G,T
12,41353010,C,T
12,41463834,C,T
12,41463807,C,T
12,41323682,G,T
12,41410621,G,A
12,41422924,C,A
12,41419053,C,A
12,41316083,G,T
12,41337491,G,T
12,41337492,G,T
12,41386975,C,G
12,41419119,G,T
12,41463812,G,C
12,41387065,G,T
12,41410667,A,G
12,41419022,C,A
12,41422964,G,T
12,41337888,C,A
12,41365289,T,A
12,41365291,T,C
12,41331482,G,T
12,41386972,A,C
12,41323782,C,A
12,41410526,A,G
12,41463902,A,G
12,41386967,A,T
12,41419071,C,A
12,41330595,G,T
12,41323804,C,A
12,41327572,G,T
12,41422935,C,G
12,41323651,G,T
12,41337841,G,T
12,41374759,C,T
7,146536853,G,T
7,146536876,G,C
7,146536868,C,T
7,146471471,G,A
7,147336253,C,T
7,147336213,C,T
7,146829583,C,A
7,147092857,G,A
7,146741135,G,T
7,147914546,G,T
7,146536874,C,A
7,146536801,A,T
7,147183026,G,T
7,146829511,G,T
7,146997282,G,T
7,146997279,C,A
7,146741138,G,C
7,146471396,C,T
7,148112658,C,T
7,146536982,G,C
7,147336367,C,T
7,146997278,C,A
7,146829576,G,A
7,147914552,C,G
7,146997243,G,C
7,147869451,C,A
7,146536856,G,A
7,147259229,G,T
7,147914548,C,A
7,146818198,G,T
7,146536953,C,T
7,146471378,C,A
7,147259301,G,C
7,147926772,C,A
7,147926773,C,T
7,147336298,C,A
7,147600746,T,C
7,147092834,C,A
7,146536993,C,T
7,147600733,C,A
7,147183130,A,G
7,147259322,C,A
7,146471385,C,A
7,147675037,C,A
7,147869463,C,T
7,148080953,C,A
7,146829410,T,A
7,146805379,C,G
7,146997300,C,T
7,147183029,G,T
7,146741074,C,A
7,146829572,C,A
7,146536993,C,A
7,148112618,G,A
7,146829491,G,T
7,147092811,G,C
7,146818215,G,T
7,146997306,C,G
7,146829427,C,A
7,147259256,T,A
7,147914435,A,G
7,147869548,T,C
7,148112563,G,T
7,147336206,G,T
7,146829416,G,C
7,146829394,A,G
7,148112634,G,T
7,147259350,G,T
7,148080826,C,A
7,146818184,C,A
7,147183117,G,T
7,146805426,C,A
7,148112699,G,T
7,147600678,G,T
7,148112638,C,G
7,146818081,G,C
7,146825825,C,A
7,146536868,C,A
7,146818108,A,T
7,146997363,C,T
7,147675022,C,T
7,146471405,C,A
7,148080900,C,A
7,146536856,G,C
7,146818172,C,T
7,147336349,G,T
7,147869345,G,A
7,147914554,G,T
7,147914516,G,T
7,147869567,A,G
7,146818111,G,C
7,147336343,C,A
7,146825926,G,T
7,146997361,G,T
7,147092701,G,T
7,147815276,G,A
7,146825897,C,A
7,147869430,C,G
7,147926752,C,T
7,146741088,G,T
7,146825920,T,G
7,147815290,G,A
17,40716755,A,G
17,40715990,C,T
17,40716806,A,C
17,40716788,G,A
17,40716080,C,T
17,40716076,C,T
17,40714589,C,G
17,40717805,G,C
7,51203935,C,A
7,51097085,C,A
7,51261203,G,A
7,51094361,G,A
7,51287625,G,A
7,51287547,C,A
7,51111375,C,A
7,51258706,G,A
7,51203960,C,A
7,51111321,C,A
7,51095861,G,C
7,51258590,G,A
7,51096651,C,A
7,51111277,C,A
7,51258724,G,A
7,51096499,C,A
7,51096500,C,A
7,51095655,G,A
7,51098622,G,T
7,51085181,G,C
7,51261079,A,G
7,51096436,C,A
7,51095939,C,T
7,51096453,C,G
7,51098753,C,A
7,51098647,C,A
7,51261234,G,T
7,51204028,C,A
7,51258687,G,A
7,51095701,G,C
7,51095726,G,A
7,51096452,C,G
7,51097172,C,A
7,51096213,C,G
7,51096593,C,T
7,51096328,T,A
7,51092955,G,A
7,51096323,C,T
14,31346828,A,G
14,31346907,C,A
14,31346777,G,A
14,31354999,T,A
14,31354228,T,A
14,31354229,G,A
14,31355424,A,C
14,31349909,G,A
14,31348048,C,A
14,31348034,C,T
14,31359017,G,T
14,31355160,T,A
14,31354733,C,T
16,23400180,T,C
16,23457175,C,A
16,23430062,C,T
16,23428349,T,A
16,23403743,C,T
16,23404669,C,A
17,55027858,C,A
17,55027464,C,A
17,55027940,A,C
17,55038405,G,T
17,55028031,C,T
17,55027749,G,C
6,75841753,G,A
6,75818746,C,A
6,75811368,C,A
6,75847209,C,A
6,75829168,C,G
6,75799933,C,A
6,75797413,C,A
6,75861583,C,G
6,75815000,C,T
6,75827165,G,T
6,75875431,C,A
6,75861589,C,G
6,75875304,C,T
6,75898142,C,A
6,75875472,C,A
6,75892889,G,A
6,75840695,T,A
6,75843645,C,A
6,75834885,C,A
6,75797446,T,C
6,75843620,T,A
6,75804895,C,A
6,75799844,C,A
6,75892912,G,C
6,75884986,C,A
6,75848594,C,A
6,75890796,C,A
6,75862069,C,A
6,75839938,C,A
6,75857478,G,C
6,75844451,C,A
6,75827262,C,T
6,75806981,T,C
6,75847172,C,G
6,75855921,C,A
6,75798880,T,A
6,75898087,C,T
6,75851876,A,G
6,75812383,A,G
6,75860867,G,C
6,75887502,G,A
6,75898156,C,A
6,75861710,C,A
6,75898122,G,T
6,75865471,T,A
6,75796120,G,T
6,75836172,G,A
6,75823356,T,A
6,75815007,C,A
6,75812360,G,T
6,75834047,C,A
6,75848603,C,T
6,75818835,A,T
6,75818867,G,C
6,75884869,T,A
6,75875291,C,A
6,75831100,C,T
6,75838065,A,G
6,75827178,A,G
6,75812366,G,A
6,75836119,C,A
6,75825563,C,A
6,75823384,C,A
6,75893333,C,A
6,75813501,C,A
6,75860873,G,T
6,75841736,G,A
6,75885000,C,A
6,75890769,T,A
6,75890755,G,C
6,75862093,C,A
6,75813479,C,G
6,75825638,C,A
6,75840577,C,A
6,75828759,C,A
6,75893229,C,A
6,75899098,C,A
8,121344948,G,A
8,121295927,C,T
8,121238908,C,T
8,121224717,G,T
8,121328190,C,T
8,121267580,A,G
8,121262859,C,G
8,121210169,G,A
8,121262964,C,G
8,121344966,G,A
8,121228707,C,G
8,121301936,C,T
8,121219331,G,C
8,121243835,C,A
8,121220565,C,A
8,121267478,G,C
8,121170441,G,C
8,121259871,G,T
8,121357730,G,A
8,121224795,G,A
8,121219212,C,A
8,121239565,A,G
8,121239508,C,G
8,121239521,T,C
8,121237374,T,A
8,121381596,G,T
8,121262899,C,A
8,121357762,C,T
8,121170434,G,C
8,121239003,G,T
8,121228646,C,T
8,121219204,G,A
8,121344423,C,G
8,121267591,C,G
8,121209165,G,T
8,121216051,G,T
8,121259915,C,T
8,121174765,C,T
8,121228657,G,T
8,121219295,G,C
8,121279204,A,T
8,121239570,G,A
8,121295936,C,G
8,121262880,T,G
8,121243825,C,G
8,121354682,C,T
8,121180455,A,C
8,121209086,G,T
8,121170441,G,C
8,121160097,C,A
8,121180457,G,T
8,121222024,C,A
8,121267516,T,G
8,121309761,G,C
8,121381709,G,C
8,121309824,C,A
8,121357758,G,T
8,121224770,G,C
8,121222052,G,A
8,121290443,A,G
8,121243756,A,T
8,121220515,G,A
8,121344966,G,C
1,32162668,C,A
1,32167741,G,A
1,32167798,G,T
1,32167799,G,T
1,32164183,C,T
1,32162599,G,A
1,32148584,C,A
1,32156786,C,A
1,32127277,C,T
1,32133192,C,A
1,32138038,C,T
1,32155342,C,A
1,32120447,T,G
1,32163665,G,T
1,32162567,G,A
1,32157092,G,A
1,32167811,C,T
1,32163648,C,T
1,32150129,C,T
1,32154671,G,A
1,32130777,T,C
1,32162598,C,A
1,32154676,C,G
1,32163594,G,T
7,94059592,G,C
7,94054961,C,T
7,94028386,G,T
7,94040229,G,T
7,94059741,G,C
7,94024229,T,G
7,94024230,C,A
7,94058669,G,C
7,94054501,G,T
7,94057055,C,A
7,94058582,C,A
7,94052404,G,A
7,94038733,G,T
7,94057003,G,T
7,94034181,C,A
7,94059660,T,A
7,94053707,C,T
7,94039100,T,C
7,94037547,C,T
7,94057622,C,A
7,94039035,G,T
7,94038720,C,A
7,94040217,G,T
7,94049556,G,T
7,94049898,G,T
7,94057032,C,A
7,94041990,C,T
7,94053727,G,A
7,94037200,A,C
7,94055338,G,A
7,94041939,C,A
7,94043576,C,T
7,94058538,G,T
7,94040380,A,T
7,94055082,C,T
7,94043556,C,T
7,94049850,C,T
7,94057008,G,A
7,94033913,G,A
7,94048810,G,T
7,94053648,G,T
7,94040417,C,A
7,94039086,C,A
7,94049940,G,T
7,94050358,G,C
7,94059612,A,G
7,94049890,G,T
7,94048850,C,A
7,94024365,C,A
7,94056964,C,T
7,94054489,G,C
8,139791781,G,T
8,139614393,C,T
8,139674293,G,T
8,139890499,T,A
8,139707123,C,T
8,139606259,C,A
8,139793222,C,A
8,139737681,G,A
8,139749775,C,A
8,139768047,G,A
8,139824120,G,T
8,139788254,C,G
8,139824060,G,T
8,139609156,G,T
8,139629183,C,A
8,139890307,G,T
8,139705901,T,A
8,139820048,A,T
8,139606339,G,T
8,139809090,G,T
8,139603727,C,T
8,139606328,G,T
8,139838901,C,A
8,139895355,C,A
8,139629185,G,A
8,139636013,C,G
8,139736904,G,T
8,139839014,G,A
8,139620186,C,A
8,139767420,G,T
8,139635992,C,A
8,139642992,C,A
8,139601504,C,A
8,139820032,G,T
8,139629199,G,A
8,139620214,C,T
8,139824060,G,T
8,139890230,C,G
8,139691879,A,T
8,139609199,G,T
8,139616995,T,G
8,139629192,C,A
8,139675983,C,A
8,139611077,C,A
8,139763750,G,T
8,139890388,G,T
8,139611104,C,A
8,139790633,G,A
8,139833460,T,A
8,139629164,C,A
8,139629166,G,T
8,139833476,G,T
8,139733012,T,C
8,139603681,G,T
8,139601558,G,A
8,139767453,C,A
8,139642963,C,A
8,139768066,C,G
8,139889990,C,A
8,139706771,G,T
8,139890335,G,A
8,139737670,G,T
8,139890292,G,T
8,139712386,G,A
8,139662021,C,G
8,139635992,C,G
8,139774680,C,T
8,139701166,A,T
8,139890122,C,T
8,139606332,C,A
8,139833475,C,A
8,139737644,G,T
8,139606341,C,A
8,139614397,G,A
8,139606410,G,T
8,139707074,C,A
8,139890410,G,A
8,139606328,G,T
8,139611019,C,T
8,139609207,A,T
8,139728491,C,A
8,139737664,C,T
8,139638487,C,T
8,139606406,G,T
8,139628254,G,C
1,86304278,T,A
1,86313345,G,C
1,86622110,T,A
1,86361567,C,T
1,86591212,G,T
1,86210400,G,T
1,86250028,G,A
1,86246909,A,C
1,86497581,G,T
1,86488523,C,A
1,86377098,C,A
1,86591055,C,T
1,86200648,C,A
1,86581052,C,A
1,86308023,C,T
1,86252065,G,T
1,86289273,C,A
1,86196212,G,A
1,86590978,G,A
1,86203079,C,T
1,86590639,G,A
1,86529438,A,T
1,86304322,C,T
1,86252053,C,G
1,86488261,G,C
1,86482852,A,C
1,86590968,C,A
1,86590553,C,G
1,86524821,C,A
1,86200574,G,A
1,86591207,G,T
1,86377088,C,A
1,86591549,C,A
1,86591031,G,T
1,86578265,T,C
1,86529442,C,A
1,86342844,C,A
1,86524848,C,T
1,86200608,G,A
1,86591173,A,T
1,86306905,T,A
1,86591502,G,A
2,189859297,G,C
2,189849637,A,T
2,189874906,G,A
2,189873773,G,T
2,189873713,T,A
2,189872840,G,A
2,189872832,A,T
2,189871172,A,G
2,189873720,G,T
2,189873714,G,T
2,189861944,G,A
2,189864281,G,A
2,189871662,G,T
2,189864205,G,T
2,189850439,C,T
2,189856949,C,A
2,189862452,A,G
2,189873752,G,A
2,189868727,G,C
2,189876399,C,A
2,189871714,C,A
2,189857656,C,A
2,189864209,C,T
2,189872774,C,G
2,189856420,G,T
2,189856422,G,T
2,189868724,C,A
2,189859522,G,T
2,189849689,G,T
2,189872628,G,A
2,189870935,A,T
2,189875589,C,A
2,189859321,G,A
2,189870076,G,T
2,189839205,G,C
2,189857637,G,T
2,189876604,A,T
2,189855770,C,T
2,189862992,G,T
2,189876385,T,C
2,189874947,T,A
2,189873791,G,T
2,189872836,C,T
2,189873816,C,A
2,189870139,G,T
2,189871100,T,A
2,189859511,C,A
2,189839273,A,G
2,189870086,G,A
2,189871694,C,A
2,189868184,T,C
2,189856407,G,C
2,189875505,G,T
2,189876477,G,T
2,189870978,G,T
2,189875080,G,A
2,189839268,C,A
2,189875046,G,A
2,189875404,G,A
2,189875486,G,T
2,189859505,G,T
2,189876490,G,T
2,189875508,C,A
2,189849926,A,T
2,189871112,T,G
2,189868867,C,A
2,189870959,G,T
2,189856414,G,T
2,189859478,G,T
2,189856909,G,T
2,189856910,G,T
2,189868834,G,A
2,189870985,G,A
2,189875573,G,A
2,189866262,G,A
2,189855031,A,T
2,189858800,G,T
2,189873722,G,T
2,189859297,G,T
2,189862437,T,A
13,111138059,G,T
13,111102677,G,T
13,111092175,C,T
13,111119434,G,T
13,111155594,G,A
13,111119407,G,C
13,111121563,G,T
13,111090965,G,A
13,111156284,G,A
13,111088686,G,T
13,111154090,C,T
13,111130348,A,G
13,111158940,C,T
13,111160490,G,T
13,111111202,G,T
13,111088678,G,A
13,111143618,G,T
13,111132683,G,T
13,111158944,C,A
13,111158920,G,A
13,111132573,C,A
13,111114631,G,T
13,111092173,G,T
13,111130368,G,A
13,111138181,C,T
13,111082234,G,T
13,111132690,C,A
13,111147722,G,A
13,111138029,G,T
13,111134904,C,A
13,111114675,G,A
13,110960282,C,A
13,111088631,C,G
13,111077165,G,A
13,111084685,C,A
13,111130465,T,A
13,111090995,A,T
13,111160425,G,C
9,137623971,C,T
9,137693824,C,A
9,137642677,C,T
9,137726876,G,T
9,137703228,C,T
9,137630602,G,T
9,137727020,C,T
9,137642728,G,T
9,137619238,G,T
9,137664635,G,A
9,137708881,G,T
9,137708882,G,T
9,137721986,T,A
9,137623349,C,T
9,137734093,G,A
9,137658864,G,C
9,137704345,G,T
9,137593141,G,A
9,137630626,C,A
9,137688228,C,T
9,137600388,G,T
9,137676916,G,C
9,137708926,G,T
9,137734165,G,T
9,137622106,G,T
9,137716553,G,T
9,137716554,G,T
9,137646119,G,T
9,137658860,G,T
9,137650096,G,A
9,137686946,G,T
9,137703220,C,T
9,137688242,C,T
9,137660255,G,T
9,137630345,G,T
9,137710716,C,T
9,137646139,C,A
9,137709648,G,T
9,137708877,C,T
9,137701052,A,T
9,137591910,G,T
9,137622275,G,T
9,137646164,G,T
9,137622312,C,T
9,137688241,C,T
9,137630592,G,T
9,137630337,C,T
9,137710864,G,A
9,137704349,G,C
9,137645731,G,T
9,137630605,C,A
9,137716626,C,T
9,137644492,G,A
9,137688239,G,T
9,137687129,C,A
9,137701111,G,A
2,189899839,G,T
2,189927997,C,A
2,189950498,C,A
2,189898702,A,G
2,189929300,C,A
2,189933534,G,T
2,189944715,G,T
2,189899755,C,G
2,189943259,C,A
2,189906410,C,G
2,189910587,C,A
2,189936804,G,A
2,189945717,C,T
2,189914104,G,C
2,189906364,C,G
2,189943287,C,A
2,189898777,C,T
2,189929354,C,A
2,189929354,C,A
2,189917494,C,T
2,189957113,G,T
2,189975122,T,A
2,189917697,T,A
2,189929315,G,A
2,189916108,C,A
2,189931462,C,A
2,189898752,G,C
2,189914108,C,A
2,189975091,A,G
2,189916052,C,A
2,189923246,C,A
2,189904126,G,A
2,189916102,C,T
2,189925510,C,A
2,189916084,G,A
2,189932740,C,A
2,189912942,C,A
2,189940160,G,T
2,189909940,C,G
2,189975154,G,A
2,189929738,C,G
2,189904155,C,A
2,189923234,C,A
2,189943295,C,A
2,189925458,G,C
2,189914110,G,T
2,189929292,T,A
2,189950490,T,C
2,189922092,G,C
2,189923181,C,G
2,189906373,C,A
2,189914102,T,A
2,189931188,G,A
2,189916209,T,A
2,189917528,C,G
2,189907500,C,A
2,189927933,C,A
2,189904079,T,C
2,189898884,C,A
2,189904155,C,A
2,189931133,C,A
2,189931223,C,A
2,189944757,C,A
2,189916924,C,A
2,189931462,C,T
2,189929366,G,T
2,189899873,A,T
2,238242168,G,C
2,238303482,G,T
2,238243417,G,A
2,238289823,C,A
2,238234246,G,T
2,238275819,C,G
2,238285978,C,T
2,238280656,C,A
2,238275663,G,T
2,238252981,C,G
2,238262032,A,T
2,238283063,G,T
2,238303671,C,A
2,238277227,T,C
2,238285946,T,C
2,238283226,C,A
2,238249368,G,T
2,238303368,C,A
2,238280799,G,C
2,238289959,A,G
2,238268748,C,A
2,238274635,G,T
2,238252968,C,A
2,238285673,C,A
2,238275448,G,C
2,238253296,G,T
2,238283538,G,T
2,238303595,G,T
2,238296691,C,A
2,238285757,T,C
2,238305434,T,A
2,238277615,G,T
2,238244935,C,A
2,238274526,C,G
2,238283544,G,A
2,238287348,G,C
2,238289978,C,A
2,238273009,C,A
2,238247687,C,A
2,238275710,T,C
2,238245036,G,T
2,238249452,T,G
2,238249699,C,A
2,238244986,A,T
2,238277416,G,A
2,238280467,G,A
2,238289831,C,T
2,238277749,C,A
2,238277462,C,A
2,238250709,C,T
2,238270446,C,A
2,238275874,C,A
2,238275811,G,T
2,238253338,C,A
2,238296628,G,C
2,238234302,G,A
2,238280951,G,A
2,238283182,A,G
2,238277490,C,A
2,238283646,C,A
2,238285557,C,T
2,238289629,C,T
2,238262013,C,G
2,238283578,C,G
2,238283328,G,A
2,238250802,G,C
2,238296688,C,A
2,238277341,C,G
2,238280540,C,T
2,238280652,G,T
2,238277679,C,G
2,238268749,C,A
2,238268750,G,A
2,238283131,G,C
2,238303320,G,T
2,238287660,G,A
2,238275382,C,A
2,238275574,T,A
2,238274590,G,T
2,238274647,A,G
2,238280361,C,T
2,238268032,C,T
2,238244913,G,A
2,238247748,A,T
2,238266025,C,T
2,238287867,T,C
2,238271923,G,T
2,238245021,C,T
2,238280775,C,A
2,238274404,G,A
2,238283634,G,A
2,238263564,C,T
2,238245034,T,C
2,238285691,C,A
2,238266479,G,A
2,238275606,G,T
2,238263550,C,A
2,238296668,G,T
2,238243434,G,T
2,238303830,C,A
2,238253293,C,T
2,238267212,A,G
2,238285718,C,T
2,238243382,G,T
2,238285951,G,A
2,238283178,C,T
2,238249550,G,A
3,48602914,T,C
3,48605322,A,T
3,48621050,T,A
3,48629410,C,A
3,48618353,G,T
3,48607596,G,A
3,48605544,G,C
3,48607742,C,A
3,48630019,G,T
3,48629362,A,T
3,48616631,T,G
3,48612237,C,A
3,48602875,G,T
3,48611943,G,A
3,48609589,G,T
3,48621469,C,G
3,48604563,G,T
3,48627690,C,G
3,48612109,C,G
3,48630794,G,T
3,48629231,A,T
3,48612517,G,C
3,48619140,C,T
3,48627953,C,A
3,48617740,C,A
3,48617741,C,A
3,48622350,C,T
3,48603991,C,A
3,48623528,A,T
3,48628987,C,T
3,48613831,A,T
3,48605555,C,G
3,48610962,C,A
3,48602539,C,A
3,48622506,G,A
3,48613683,G,T
3,48617237,C,A
3,48629629,C,A
3,48620085,C,A
3,48604138,C,A
3,48612806,C,A
3,48619155,C,A
3,48628112,G,A
3,48604356,C,A
3,48604357,C,A
3,48617238,C,T
3,48623857,C,T
3,48618579,T,A
3,48629395,G,A
3,48619147,C,A
3,48614316,C,T
3,48628953,G,T
1,40775791,C,A
1,40775972,C,A
1,40766822,G,A
1,40776820,T,A
1,40773385,G,A
1,40768852,C,A
1,40775619,C,A
1,40766795,C,T
1,40770189,C,A
2,62228008,G,C
3,149470067,G,A
3,149468638,T,C
3,149468639,C,A
20,31292637,C,A
20,31294522,C,T
20,31294516,G,A
10,76993982,A,C
22,19950324,T,G
11,14479392,G,A
11,14482762,C,T
11,14496148,C,A
11,14515881,C,G
11,14504598,C,A
11,14479388,C,A
11,14497380,T,C
11,14490281,C,G
11,14512211,A,G
7,99688551,C,T
2,238005469,A,T
2,237994652,G,C
12,120954577,G,A
12,120960118,T,C
12,120966864,G,A
12,120966774,C,A
12,120960072,G,C
14,74424915,G,A
14,74420220,T,G
14,74416642,C,T
14,74428033,T,A
16,30198005,C,T
16,30199182,G,A
16,30198429,T,C
16,30199766,G,A
16,30199618,T,C
17,27948283,C,G
17,27945946,C,A
17,27944540,C,T
17,27945929,T,A
17,27944505,C,G
17,27943986,G,T
17,27944550,T,A
17,13980264,A,G
17,14110404,C,T
17,13977669,G,C
17,14095532,G,A
17,14095528,C,A
17,13980233,A,T
10,101473134,T,C
10,101491814,A,G
7,1015098,G,A
16,85839263,G,T
16,85838698,G,T
16,85838628,G,C
16,85840373,A,G
16,85838571,G,A
3,148586701,G,T
3,148614332,C,T
3,148601591,C,T
3,148596502,T,C
3,148586711,T,C
3,148583101,C,A
3,148601400,C,G
3,148597633,G,A
3,148586791,C,A
3,148597578,G,T
3,148596504,C,A
3,148596298,C,T
3,148586769,G,A
3,148596478,G,T
3,148601507,G,A
3,148596236,T,G
3,148614351,A,T
3,148597628,C,A
3,148600343,G,C
13,46658366,C,T
13,46656575,C,T
13,46679112,G,T
13,46648091,C,A
13,46658375,T,G
13,46658367,C,A
13,46679175,C,T
13,46632454,G,T
4,15067959,G,C
4,15067887,G,T
4,15009984,C,A
4,15060856,G,C
10,93940773,C,G
10,93811867,C,T
10,93902846,C,G
10,93904753,G,T
5,173383198,C,T
5,173316707,A,T
5,173316776,A,C
5,173317337,A,G
5,173376510,G,T
5,173359497,A,G
5,173380139,A,G
12,69264028,C,G
12,69265736,T,A
12,69326542,C,A
12,69265575,G,T
12,69326608,G,A
6,36711516,C,T
6,36712915,G,T
6,36724072,C,A
6,36724073,C,A
6,36712921,T,A
6,36742769,C,T
6,36742827,G,C
6,36730750,A,G
6,36710126,G,T
6,36710023,C,A
8,145622980,C,T
8,145634558,T,A
8,145619449,C,G
8,145623236,A,G
8,145625643,G,A
8,145623213,C,T
8,145622131,T,C
8,145624249,G,A
8,145622835,G,A
8,145625643,G,A
8,145626918,G,A
12,69652445,A,G
12,69653891,T,C
12,69652539,A,G
12,69652822,C,G
12,69651550,G,T
12,69653262,G,T
19,50209521,G,C
19,50208458,C,T
19,50208355,G,T
19,50214066,G,T
19,50208490,G,A
19,50212025,G,T
19,50204052,C,G
19,50209521,G,T
19,50195610,C,G
19,50204776,T,A
19,50208532,C,A
19,50213977,C,T
19,50208359,G,T
19,50212075,G,A
19,50213977,C,T
19,50209333,C,A
19,50216267,G,T
20,2775049,C,G
20,2779519,G,T
20,2775219,T,C
20,2774857,C,A
20,2776685,G,T
20,2775946,C,G
20,2775007,G,T
20,2776473,G,T
20,2777180,A,C
20,2776528,C,T
20,2778897,C,A
20,2776024,C,A
20,2774957,G,T
20,2777742,T,C
20,2779518,C,A
20,2776938,C,A
20,2774935,C,G
20,2778929,C,A
20,2777886,C,T
20,2776781,C,A
20,2777718,C,A
12,94244065,G,T
12,94243813,G,T
12,94243993,C,T
12,94072793,G,T
12,94243995,G,T
12,94243996,G,C
7,65579916,C,G
7,65579910,C,G
7,65610483,A,T
11,85375077,C,G
11,85375702,A,T
11,85374858,C,T
11,85375677,C,T
1,159683874,G,A
1,159684363,C,A
1,159683718,T,A
1,159683541,C,A
1,159683224,G,T
1,159683599,C,T
1,159683210,G,T
1,159683915,C,A
1,159683237,G,T
1,159683534,G,A
15,91172586,C,T
15,91185374,C,T
15,91185331,G,T
15,91172586,C,T
12,107391114,C,T
12,107486641,G,A
12,107393832,C,T
12,107393382,C,A
12,107391777,C,A
12,107395551,C,A
12,107393832,C,G
13,21006405,C,A
13,21063591,G,A
12,53566378,G,A
12,53565130,C,A
12,53564229,G,A
12,53573615,C,T
12,53566323,C,A
12,53563881,C,T
20,47682732,G,A
20,47711286,C,G
20,47675016,G,T
20,47674995,A,G
20,47711371,T,A
20,47706076,A,T
20,47688901,G,T
20,47691870,G,C
20,47710814,C,A
20,47688840,C,A
5,131409791,C,T
5,131409603,C,A
1,36934859,C,T
1,36940986,C,A
1,36932411,G,T
1,36939048,G,A
1,36932024,T,A
1,36939405,C,G
1,36934779,G,C
1,36935426,C,A
1,36933673,C,A
1,36937940,G,T
1,36932904,T,C
1,36932018,G,T
1,36937240,G,A
1,36937066,C,A
10,43651075,G,T
10,43654172,G,T
10,43650780,A,T
10,43650913,G,T
10,43651103,A,G
10,43650878,G,T
10,43650598,A,G
10,43650897,G,T
10,43651081,G,T
10,43654344,A,T
10,43678731,G,C
15,75093361,G,C
15,75091004,G,A
15,75093898,G,A
8,2832025,C,G
8,3081280,C,A
8,3081281,G,A
8,3000071,G,A
8,2886840,C,A
8,3245095,C,A
8,2836150,G,T
8,3245041,C,A
8,3326258,G,C
8,3019793,C,A
8,3267071,C,A
8,2876097,G,C
8,2820774,C,T
8,2976043,T,C
8,2876054,A,G
8,2808674,G,T
8,2832080,C,A
8,2832081,C,A
8,2944645,C,A
8,3245155,G,A
8,3265596,C,A
8,3216805,C,A
8,3216716,C,A
8,3889491,G,T
8,3165998,G,T
8,2813174,C,G
8,3165232,G,T
8,3265713,C,T
8,3059239,C,A
8,3263589,G,A
8,2823317,G,T
8,2823318,G,T
8,2823383,G,T
8,3263580,C,A
8,4851884,G,T
8,3165998,G,T
8,3046423,C,T
8,2796065,C,A
8,2886890,G,C
8,3046498,T,A
8,3432521,C,A
8,2820078,G,T
8,2965290,G,T
8,3008972,G,T
8,3253859,C,A
8,3265427,A,C
8,3200874,C,G
8,2808726,C,A
8,2855548,G,T
8,2813272,G,T
8,3000123,G,T
8,2944663,G,C
8,2944787,G,T
8,3245041,C,A
8,4494967,G,T
8,2820749,C,T
8,2857522,G,T
8,3474270,C,A
8,3081372,G,T
8,3216750,A,G
8,2886902,C,G
8,2855626,A,T
8,3045484,G,T
8,3045485,G,T
8,3000057,C,A
8,3224677,T,C
8,3047572,C,A
8,2832090,A,T
8,2818669,G,C
8,4851865,G,A
8,2857501,C,A
8,2967841,G,T
8,2966218,C,A
8,2967787,C,A
8,3256971,G,T
8,2830668,G,T
8,2965255,C,T
8,2857579,C,A
8,2964136,G,T
8,3611481,C,A
8,2832048,C,A
8,3216823,G,C
8,2830776,C,T
8,2949118,G,A
8,3474240,G,A
8,2857553,G,C
8,2820144,G,T
8,2836321,C,A
8,3351165,G,A
8,3045446,G,T
8,2832042,G,T
8,3224724,T,G
8,3265645,G,A
8,3087572,A,T
8,3245100,C,T
8,3443742,C,A
8,3038699,G,T
8,2855595,C,T
8,2910088,T,A
8,2808709,G,T
8,2944743,C,T
8,2967854,G,T
8,3063086,G,T
8,2824155,C,G
8,2855596,C,T
8,2910135,G,A
8,2820770,C,A
8,2796233,A,T
8,3046476,G,T
8,3263564,C,T
8,3565957,C,A
8,2910038,C,A
8,2975921,C,A
8,4277543,G,T
8,3245027,G,T
8,3256938,G,T
8,2967820,G,T
8,2949101,A,T
8,3474272,C,A
8,2820762,C,A
8,2949091,C,T
8,2796240,C,G
8,3063023,T,A
8,2975964,A,G
8,3889532,A,G
8,2800109,G,T
8,3038664,A,T
8,3474274,G,T
8,2944759,T,C
8,2910053,G,T
8,3045415,C,A
8,3889606,G,A
8,3889597,T,A
8,2820157,C,A
8,2808759,C,A
8,2876020,C,T
8,3165275,A,T
8,2949081,A,T
8,4851865,G,A
8,2855615,G,T
8,2949067,C,G
8,4851912,C,A
8,3087683,C,T
8,3081282,G,T
8,3038645,G,T
8,2976080,G,T
8,3443692,G,C
8,3565937,G,T
8,2967821,G,T
8,3076777,C,A
8,2830736,G,C
8,2966135,G,A
8,3855503,G,A
8,3205673,T,A
8,3432588,G,T
8,2944790,T,A
8,3224649,G,A
8,3889486,G,A
8,3087578,G,T
8,2807764,G,T
8,2857539,G,C
8,2820134,G,T
8,3081337,G,T
8,3432576,C,A
8,4494938,G,T
8,3000069,C,G
8,2966188,G,T
8,2807771,G,C
8,3047486,C,G
8,4494864,C,A
8,2796146,C,A
8,3165842,G,T
8,3226892,G,C
8,3432470,G,C
8,2808659,G,T
5,122881511,G,T
5,122909156,G,T
5,122950203,A,C
5,122950054,A,C
5,122927092,A,T
5,122881521,G,A
5,122909090,G,T
5,122893250,G,T
5,122923771,G,C
20,472913,T,C
20,467059,C,A
20,476447,C,A
20,485802,T,C
20,468152,A,C
20,480524,C,A
3,39184438,T,A
20,23614635,T,A
3,122056441,G,C
3,122060408,C,T
3,122060322,G,A
20,54972783,G,A
20,54972379,G,T
20,54974129,G,T
20,54974030,A,G
20,54972439,T,C
20,54978523,G,T
20,54972262,G,T
20,54974275,T,G
X,100078976,G,T
X,100086572,G,T
X,100093251,A,G
X,100075409,G,A
X,100087745,C,G
X,100087795,C,A
X,100078902,G,C
X,100086550,T,A
10,126715738,C,T
10,126694533,G,C
10,126714833,G,A
10,126715983,C,G
10,126716037,C,A
10,126714718,C,G
10,126715712,G,A
10,126716241,C,T
10,126727647,C,T
10,126683170,C,A
10,126716014,C,A
10,126694436,T,A
16,67654636,G,A
16,67662384,C,T
16,67645894,G,C
16,67670753,G,T
16,67660607,G,A
16,67644874,G,T
16,67662413,G,T
16,67663408,C,T
2,219267764,G,T
2,219267782,G,T
15,44783083,A,G
15,44789292,T,C
15,44789291,G,T
15,44751319,C,G
15,44811447,C,G
15,44806806,G,C
8,104388028,C,T
8,104390389,T,A
8,104388119,T,C
8,104384794,T,A
9,111734980,G,A
9,111753118,G,A
9,111706259,G,A
9,111761455,C,A
1,206331183,A,C
1,206318450,G,T
1,206327587,G,A
1,206317610,G,A
1,206317609,G,A
1,206328753,C,A
15,79215420,C,A
15,79229742,C,T
15,79231506,A,T
11,70269024,G,T
11,70282409,G,T
11,70279260,G,A
11,70279299,C,T
11,70253623,G,C
11,70277294,C,G
11,70281266,T,G
11,70279240,A,T
11,70263174,G,T
11,70279782,G,T
11,70279327,G,C
11,70281797,C,T
16,88780888,G,C
16,88779313,G,C
16,88779033,T,A
10,35318521,T,C
10,35327986,C,A
10,35333508,G,A
10,35299152,T,C
10,35321407,C,A
10,35349836,T,A
10,35320243,C,G
13,113897418,A,G
13,113883759,G,C
13,113897452,C,T
13,113907476,G,T
13,113897369,G,A
13,113893788,G,T
13,113907459,C,T
13,113887578,C,T
X,119673217,T,A
X,119694176,G,T
X,119678060,T,A
X,119664014,T,A
X,119666391,C,T
X,119678408,C,T
X,119694153,G,C
X,119694234,A,T
X,119668355,G,T
X,119664098,T,A
X,119666435,T,A
X,119672061,C,T
6,43014108,C,G
6,43018067,C,T
6,43019473,C,G
6,43014777,C,T
6,43013735,C,T
6,43019092,C,T
6,43017790,A,G
6,43019062,C,G
6,43019123,C,T
6,43006189,C,T
6,43019057,C,T
6,43020118,G,C
6,43014810,C,A
6,43018826,C,G
6,43008794,C,T
6,43020250,G,C
6,43020329,C,A
6,43155093,G,T
6,43155663,C,G
6,43174142,A,G
6,43164071,G,T
6,43152336,T,G
6,43172512,C,T
6,43152140,G,A
6,43152288,A,T
6,43154806,G,T
6,43152373,G,A
6,43191089,G,T
6,43167711,G,A
6,43167829,G,C
6,43154105,G,A
6,43164002,G,T
6,43190077,G,C
6,43154012,G,A
6,43167690,C,T
6,43184061,C,T
6,43164573,G,C
6,43171224,C,T
6,43171614,G,A
6,43152465,G,A
6,43182863,G,T
6,43181476,G,A
6,33384897,C,A
2,180810056,T,A
2,180835545,C,T
2,180818938,T,C
2,180810028,G,C
2,180830695,C,A
2,180818938,T,C
2,180815274,T,C
4,78527084,G,A
19,42946985,C,T
19,42932906,G,A
4,74703377,C,A
4,74702948,T,G
4,74702983,C,A
4,74703405,A,T
4,74702735,C,T
18,47809067,G,A
18,47810776,C,G
18,47811486,G,C
18,47810332,G,T
18,47809014,C,T
18,47810436,T,A
18,47810824,C,T
18,47808911,G,A
18,47814055,C,A
5,139060161,G,T
5,139060146,G,T
5,139060297,T,C
5,139060436,G,T
5,139062521,C,T
5,139060874,G,A
5,139062551,G,T
1,110038804,C,T
1,110038606,G,A
17,4053260,C,T
17,4047098,G,A
17,4047030,G,A
17,4047233,C,T
8,145150923,A,T
8,145150838,C,G
8,145150777,G,A
8,145152018,G,A
8,145152143,G,C
8,145151062,G,C
8,145151603,C,T
8,145151255,G,A
2,204150334,G,T
2,204157021,G,C
2,204116833,G,C
2,204103718,T,C
2,204150408,A,T
2,204154501,G,T
2,204161566,A,G
2,219677417,C,T
2,219679764,C,T
2,219679356,G,A
2,219676956,A,G
2,219679287,A,T
2,219677453,G,T
2,219674425,G,T
2,219679278,T,C
2,219679801,G,C
19,41627459,G,A
19,41622080,C,A
19,41622111,A,T
19,41622228,G,A
19,41622361,T,A
19,41630815,C,T
19,41630661,C,A
6,46518064,C,A
6,46605711,G,T
6,46620271,G,A
6,46607309,C,A
6,46555804,T,C
7,99270254,C,T
7,99258147,T,C
7,99247693,G,A
7,99264375,G,T
7,99274065,C,T
7,99258208,G,T
7,99258178,G,T
7,99262907,A,G
7,99261603,G,A
7,99264642,T,A
7,99250195,C,T
7,99274120,G,T
7,99277499,C,T
4,187118744,G,T
4,187131662,C,T
4,187130409,G,T
4,187122497,G,T
4,187130045,G,C
4,187126445,A,G
4,187122322,A,T
4,187131684,G,A
4,187130345,G,A
4,187115681,C,G
4,187118127,G,T
7,91743097,G,A
7,91763538,G,A
13,49280982,C,A
13,49281117,G,A
13,49281115,G,T
13,49281193,G,T
13,49281499,C,A
13,49281666,T,A
13,49281037,C,A
13,49282013,C,T
13,49281393,T,A
13,49281497,G,C
13,49281234,G,T
13,49281044,T,A
13,49281203,G,C
13,49281373,G,C
17,76696496,C,A
17,76676428,T,A
17,76695001,C,A
17,76705803,G,T
22,37708205,G,T
22,37695347,G,T
22,37695348,G,T
22,37707028,G,T
22,37707039,G,A
22,37699444,G,T
22,37707058,T,A
2,158275081,C,A
2,158300456,G,C
2,158272292,C,A
2,158275081,C,A
2,158272292,C,A
2,158300414,C,A
2,158272582,C,A
2,158272299,T,A
14,23057908,G,C
14,23058082,C,A
14,23058008,G,C
14,23057909,G,A
3,49055934,C,G
3,49055271,C,G
9,90263694,A,T
9,90321495,G,T
9,90322028,G,T
9,90220046,C,T
9,90321635,A,C
9,90255223,G,C
9,90255720,G,C
9,90321495,G,C
9,90321119,C,A
9,90321137,G,A
9,90321154,G,A
9,90313576,G,T
9,90321569,G,C
9,90263781,A,C
9,90322342,A,T
19,3964952,C,A
19,3964802,C,T
19,3960090,G,C
19,3961336,G,C
19,3959178,G,A
19,3959300,G,A
19,3960103,C,G
19,3961422,T,C
12,51634866,G,C
12,51636127,G,C
17,42828116,C,A
17,42786721,G,T
17,42818707,G,C
17,42807349,G,T
17,42825784,C,T
17,42815766,G,T
2,120128315,G,T
2,120125343,C,T
2,120125260,A,G
2,120125090,G,A
5,176895872,C,A
5,176887645,C,T
5,176884408,A,C
5,176885479,G,A
5,176885505,T,C
5,176885618,T,A
5,176885526,C,A
5,176894024,C,T
5,176887701,C,T
5,176885262,C,T
16,90072838,C,G
16,90072808,C,T
20,44037105,G,A
20,44036992,G,T
17,43111636,G,A
17,43111717,C,A
17,43111635,C,A
17,43101773,C,A
18,50976902,G,T
18,50832076,G,T
18,51025781,C,A
18,50832032,A,C
18,50432464,G,A
18,50831975,C,T
18,50994380,G,T
18,50278670,G,C
18,50985713,A,T
18,50918122,G,T
18,50918123,G,T
18,50278474,G,C
18,50866217,C,T
18,51057113,T,C
18,50734108,T,A
18,49867029,G,T
18,51025789,C,A
18,50923679,C,A
18,50705378,G,T
18,50985695,G,A
18,50432543,C,T
18,50683754,G,T
18,50683755,G,T
18,50866136,T,A
18,50683813,G,T
18,50866234,G,A
18,50683801,G,A
18,50683728,A,T
18,50683781,G,T
18,50734081,G,T
18,50592527,C,A
18,50705365,C,A
18,51025817,C,A
18,50278530,C,A
18,50705456,C,G
18,51025876,G,A
18,50918212,C,A
18,50994282,C,A
18,51013247,C,A
18,50432614,G,T
18,50432650,C,A
18,51025665,C,A
18,51025666,A,G
18,51013224,T,C
18,50451740,G,T
18,51057013,C,A
18,50450202,C,A
18,50985817,C,A
1,32678151,C,T
1,32680429,C,A
1,32674765,C,T
1,32678382,C,G
1,32677383,T,G
12,91539978,A,C
12,91572284,C,T
12,91539908,T,A
12,91539800,T,A
12,91539996,C,A
12,91572199,C,T
12,91550864,T,A
12,91539818,G,C
3,53326447,C,T
3,53381622,A,T
3,53326309,G,A
3,53381435,G,T
3,53321478,C,T
3,53326317,G,A
9,34614163,T,C
9,34614102,T,C
16,30435740,G,A
16,20871399,T,A
16,20873760,G,A
16,20871245,G,A
16,20873933,T,A
16,20873563,C,G
11,102937020,G,A
11,102933091,T,C
6,31696006,C,A
6,31696949,C,A
7,50607692,T,A
7,50563060,C,A
7,50605628,A,C
7,50596906,C,A
7,50531022,G,A
7,50597015,A,G
7,50547497,G,T
1,162724539,G,T
1,162729671,G,A
1,162740204,C,T
1,162750107,A,T
1,162724443,G,T
1,162740301,A,G
1,162743265,C,T
1,162745598,C,A
1,162724645,G,T
1,162724952,G,A
1,162748381,T,A
1,162688892,G,T
1,162722885,C,A
1,162729678,A,T
1,162688905,T,A
1,162740159,T,A
1,162741853,C,A
1,162745581,C,G
1,162745633,G,C
1,162729653,G,T
1,162731243,A,G
1,162740157,G,C
1,162748459,G,A
1,162745481,C,A
1,162737131,G,T
1,162745580,T,C
11,108550197,C,A
11,108709290,G,T
11,108547831,G,A
11,108788647,T,G
11,108549087,G,T
11,108549100,G,A
11,108712055,G,T
11,108562632,G,A
11,108593863,G,T
11,108712202,G,T
11,108547965,G,T
11,108535976,C,T
11,108594087,A,T
11,108594025,G,T
11,108535848,G,C
11,108810978,C,T
12,31240902,A,C
12,31244773,G,T
12,31242051,A,T
12,31236811,G,A
12,31249591,G,T
12,31249592,T,A
12,31254893,G,T
12,31256874,G,A
12,31236900,G,A
12,31256834,T,C
12,31249672,G,A
12,31256562,A,T
12,31256895,G,T
12,31249876,G,T
12,31236920,G,A
12,31253967,T,G
2,118582659,G,A
2,118572260,G,C
2,118579437,G,C
2,118579625,G,T
2,118579626,G,T
2,118572407,C,G
2,118577359,G,T
2,118579481,G,T
2,118575196,C,A
2,118582222,G,C
2,118577319,T,C
2,118579753,C,A
2,118579310,G,A
2,118588386,A,C
2,118575267,G,T
1,112308806,A,G
1,112298538,G,T
1,112309250,G,A
1,112298676,C,G
1,112298286,C,A
1,112309029,A,T
1,112298275,C,A
1,112305608,A,G
1,112303770,C,A
14,94545842,C,A
14,94527333,C,A
14,94526901,A,G
14,94527356,G,A
14,94517574,T,C
14,94526457,C,A
14,94545588,C,T
14,94526680,C,A
14,94528619,T,A
14,94526848,C,A
5,176939118,C,G
5,176943897,G,A
5,176938674,G,A
5,176940389,C,A
5,176943349,C,T
17,61895427,G,A
17,61877827,G,T
17,61885097,C,T
17,61877962,C,T
17,61890703,G,T
17,61869884,G,A
17,61885106,G,T
17,61895495,C,G
17,61864590,A,C
5,134143536,G,A
5,134147408,G,T
5,134143555,T,C
5,134164459,A,C
5,134130537,C,G
5,134126186,A,T
5,134102700,G,T
5,134147433,C,T
5,134147433,C,T
12,12966355,G,T
12,12976218,C,T
19,19032576,G,C
19,19031459,G,A
19,19033422,C,T
19,19032540,T,C
17,35981272,A,T
17,35980934,T,A
17,35993383,C,G
17,35979858,C,A
17,36002201,T,C
17,36002305,C,T
12,113612955,C,G
12,113612890,C,T
12,113612894,G,A
12,113600946,C,T
12,113599744,T,A
12,113603731,G,A
12,113614691,G,A
12,113599166,T,A
9,32487951,G,A
9,32466353,C,G
9,32488878,T,A
9,32481382,T,A
9,32500928,T,A
9,32480281,G,A
9,32500900,C,A
9,32492480,G,A
17,62496295,G,C
17,62499186,T,A
4,169341505,A,T
4,169279266,C,A
4,169312708,C,A
4,169336818,T,A
4,169351700,T,A
4,169337907,C,T
4,169342946,C,A
4,169362572,C,A
4,169322029,C,T
4,169305861,G,C
4,169317202,G,A
4,169348279,A,T
4,169343778,C,A
4,169377245,C,T
4,169300609,G,A
4,169377304,C,A
4,169362625,C,A
4,169336592,A,T
4,169279395,C,G
4,169342939,C,A
4,169342940,C,T
4,169374381,C,A
4,169294894,T,A
4,169362539,G,C
4,169344796,C,T
4,169336611,T,A
4,169342939,C,A
4,169393924,A,T
11,118650398,T,C
11,118636046,T,C
11,118629487,G,A
6,18236822,G,C
6,18225879,C,G
6,18250037,C,A
6,18258558,C,G
6,18250029,T,C
5,59901643,C,G
5,59893544,C,G
5,59893540,A,G
5,59982897,C,A
5,59943224,C,A
5,59982963,G,A
5,59899305,C,T
5,59899337,C,A
1,68948023,T,C
1,68947136,C,G
1,68943530,T,C
1,68948046,C,A
1,68954074,A,G
1,68943509,C,A
1,68962797,A,T
1,68947889,C,A
1,68944887,T,C
1,68960168,C,A
1,68942745,T,A
1,68948349,T,A
1,68947177,C,G
1,68947328,C,G
22,32233048,C,T
22,32188070,T,A
22,32239157,G,T
22,32179896,G,T
22,32302421,G,T
22,32270283,A,G
22,32242824,G,C
22,32211099,G,A
22,32217522,G,C
22,32289710,G,A
22,32179912,C,T
22,32239186,G,A
22,32253535,G,T
22,32302347,G,T
22,32217561,G,A
22,32193597,A,T
22,32218753,G,T
22,32270326,G,A
17,5383839,C,A
22,24180609,T,C
8,145541079,G,A
8,145541627,G,T
13,42742644,G,T
13,42748264,C,T
13,42769083,G,C
13,42780201,C,T
13,42764543,G,T
13,42748248,C,T
13,42761242,A,T
13,42784760,C,A
13,42734234,C,T
13,42769036,G,C
13,42795357,G,T
13,42763331,G,T
13,42783173,A,T
13,42793838,G,C
13,42795487,T,C
11,46389529,G,T
11,46393118,C,A
11,46397681,G,C
11,46398736,C,T
11,46400077,C,T
11,46388906,G,T
11,46389247,T,G
17,34951468,C,T
17,34956174,C,G
13,52345612,C,T
13,52351249,T,C
13,52351196,C,T
14,24424307,G,A
14,24435560,G,C
X,2184953,C,A
X,2139106,A,T
X,2184984,C,A
X,2139045,G,A
X,2161157,C,A
X,2161228,C,A
X,2139127,C,A
X,2209550,G,A
10,12123522,A,T
10,12136089,G,A
10,12162889,G,T
10,12148394,A,C
10,12159749,A,C
10,12131021,C,T
10,12123617,C,T
10,12142258,C,G
10,12131232,G,A
10,12131255,G,T
10,12131144,G,T
10,12131102,C,T
10,12136082,G,T
10,12136083,G,T
10,12136268,C,G
4,24541830,C,A
4,24585975,G,C
4,24534678,C,A
4,24531295,C,T
4,24572338,C,A
4,24542524,C,A
3,153998377,T,C
3,154018823,T,A
3,154027503,C,T
3,154042124,C,T
3,154011591,C,G
3,154042092,T,A
12,125473463,C,A
12,125449024,G,T
12,125449018,C,T
12,125441662,G,A
12,125441676,G,A
12,125461949,C,G
12,125455891,A,T
12,125435313,C,A
12,125432621,C,G
12,125449541,C,T
12,125438724,C,T
12,125453184,C,A
12,125434579,C,G
2,39088829,C,A
2,39082376,T,C
2,39088534,C,A
2,39088257,T,C
2,39088709,C,G
2,39088949,C,T
2,39050300,G,A
2,39088702,T,A
2,39088243,C,A
2,39050281,C,T
2,39075409,A,T
2,39088536,T,G
2,39050219,G,T
2,39025509,C,G
2,39088728,C,A
2,39088695,C,A
2,39085937,C,A
2,39089319,T,A
17,41561481,G,A
17,41567782,G,C
17,41561531,G,T
17,41585856,A,G
17,41573548,G,T
17,41585728,C,G
17,41597599,G,T
17,41570330,C,T
17,41577435,G,T
17,41601039,C,T
17,41590792,G,T
17,41570159,G,T
17,41599497,G,T
17,41569551,A,T
X,95993694,C,T
X,96212929,G,C
X,96330222,G,C
X,96200587,G,C
X,96724772,G,T
X,96213028,C,A
X,96213029,C,A
X,96369793,C,A
X,96213115,G,T
X,96200548,A,T
X,96136613,G,C
X,96854249,C,G
X,96212914,G,C
X,96203955,C,T
X,96354717,C,G
X,96213016,G,T
X,96354768,T,C
X,96354769,G,T
X,96167533,A,C
X,96167535,C,T
X,96197084,C,G
X,96354699,G,T
X,96354701,G,T
X,96220166,C,T
X,96194343,A,G
X,96369870,G,A
X,96603139,C,A
X,96369926,G,T
20,61512609,C,G
20,61511301,C,T
20,61511468,C,A
20,61526418,C,G
20,61537323,T,C
20,61513536,G,C
20,61511984,C,G
20,61537159,C,T
20,61513176,C,T
20,61511822,G,A
20,61511339,C,T
20,61512635,C,A
20,61513452,G,A
20,61542314,C,A
20,61542655,C,A
20,61542656,G,A
20,61542867,G,A
20,61513664,C,A
20,61513141,C,T
20,61528345,G,A
20,61510951,G,A
20,61525342,C,T
20,61538498,C,A
20,61513366,C,A
20,61528277,C,A
20,61513083,C,A
20,61510873,C,A
20,61512250,C,T
20,61512238,C,A
20,61513243,C,A
20,61528308,G,A
20,61512150,C,T
20,61513077,C,G
20,61537357,T,A
20,61511721,C,A
20,61528110,T,A
20,61542492,C,A
20,61542639,G,A
20,61513083,C,T
20,61511164,G,A
20,61511128,C,A
20,61537321,C,A
20,61512318,G,A
20,61542643,C,A
20,61541330,G,A
20,61542466,G,A
20,61511227,C,A
20,61512557,C,T
20,61512066,G,T
20,61513083,C,T
20,61542745,C,A
14,80677839,C,G
14,80669444,G,T
14,80672001,T,G
14,80668497,A,G
14,80668730,G,T
14,80677676,G,T
14,80677827,C,T
14,80672067,A,T
14,80668725,C,G
14,80669079,C,A
14,80669369,T,C
14,80677634,C,A
14,80677673,C,T
14,80668628,G,A
14,80669421,T,A
14,80669424,G,T
14,80669222,A,T
14,80677838,T,A
14,80669252,C,A
14,80668677,G,T
14,80669342,G,T
14,80677658,C,G
14,80669291,T,A
14,80668656,G,T
14,80669310,C,A
14,80677806,G,T
14,80677807,G,T
14,80669370,C,A
14,80668866,G,T
14,80677693,C,A
1,68512327,G,A
1,68512651,G,T
1,68512673,C,A
1,68512795,G,A
1,68512815,T,A
1,68512912,C,A
1,68512912,C,G
15,40660482,C,A
15,40659748,G,A
15,40659862,C,A
15,40661144,G,A
15,40660420,C,G
15,40657403,G,A
15,40661361,T,A
15,40657469,C,A
15,40655997,G,A
15,40662562,G,T
15,40659393,C,T
15,40661172,G,T
15,40660665,C,A
3,38151719,C,G
3,38126848,G,T
3,38087124,G,A
3,38136442,C,T
3,38080861,C,A
3,38136527,G,T
3,38151018,G,T
3,38080913,T,A
3,38103700,T,A
X,69717039,C,T
X,69720818,G,A
X,69699100,G,A
X,69671809,C,A
X,69719117,C,T
X,69670077,C,A
X,69719800,G,A
X,69669599,G,T
X,69670523,A,T
17,7097767,T,A
17,7122173,C,T
17,7107081,C,T
17,7094030,G,C
17,7107104,C,A
17,7107105,C,A
17,7100278,T,A
17,7096430,G,T
17,7100242,T,A
17,7097798,C,T
17,7107548,G,A
10,79556327,C,A
10,79614075,C,A
10,79553869,C,G
10,79576825,C,T
10,79590564,C,T
10,79571788,T,A
10,79553773,G,T
10,79581697,T,G
10,79601669,C,A
10,79571774,C,T
10,79580869,G,C
10,79581303,T,G
10,79556322,T,A
10,79576327,C,A
10,79613233,C,A
10,79628975,C,A
10,79590499,C,A
10,79629016,C,A
10,79629017,C,A
10,79571778,T,A
10,79584144,T,A
10,79593759,G,C
10,79572022,C,A
10,79593690,C,G
10,79590500,G,A
10,79552078,C,A
10,79565530,C,A
10,79616594,C,T
10,79579116,C,T
10,79581398,G,A
10,79603414,C,A
10,79626858,C,G
10,79581162,C,A
10,79581114,G,A
14,55650349,C,G
14,55625362,C,G
14,55643878,C,T
14,55644032,C,T
19,39989623,C,T
19,39991296,A,T
19,39996128,G,T
19,39989984,G,A
19,39995971,G,T
19,39998719,G,T
19,39989617,G,T
19,39996085,C,T
19,39998106,C,A
19,39994843,G,T
19,39996098,C,A
19,39994813,T,C
17,48051401,G,T
17,48051292,G,T
17,48051138,G,A
1,50885243,G,T
1,50885389,A,T
1,50885150,G,T
1,50885024,C,T
5,118485974,G,T
5,118484770,G,T
5,118485675,G,T
5,118513159,C,T
5,118484728,G,T
5,118485175,C,T
5,118486002,C,T
5,118440930,A,G
5,118485771,G,T
5,118469711,C,T
5,118500202,G,T
5,118469421,C,T
5,118580152,G,C
5,118483055,G,T
5,118485727,C,T
5,118468905,C,G
5,118485852,G,C
5,118469618,G,A
5,118469760,G,T
5,118485508,A,C
5,118454691,G,A
5,118506471,A,T
5,118510967,G,A
5,118529583,G,T
5,118454634,A,G
5,118573099,A,T
5,118506226,G,T
5,118485650,C,T
5,118502310,G,T
5,118451893,G,T
5,118580248,G,A
5,118469357,G,T
5,118560423,A,G
5,118468880,G,T
10,70196857,A,C
10,70192040,C,T
10,70231550,C,G
10,70231740,C,A
10,70202736,C,A
10,70231739,C,A
10,70178788,C,A
10,70202766,G,A
10,70225496,T,A
3,52426606,G,T
3,52392594,G,T
3,52427383,G,T
3,52427015,C,T
3,52394051,G,C
3,52429597,T,C
3,52383392,G,A
3,52425531,A,T
3,52398911,C,G
3,52386689,A,G
3,52360261,A,G
3,52402841,G,T
3,52406055,G,A
3,52420280,G,T
3,52412653,C,T
3,52356487,G,T
3,52409998,G,T
3,52429049,C,G
3,52400770,G,T
3,52403852,G,T
3,52422705,C,A
3,52429689,G,T
3,52386573,A,T
3,52432999,T,A
3,52390704,C,G
3,52433737,C,T
3,52360842,C,A
3,52426902,G,C
3,52380539,C,A
3,52366327,C,A
3,52394425,C,T
3,52428648,G,T
3,52430796,G,A
2,196729163,C,A
2,196788436,C,A
2,196718096,G,T
2,196722178,T,A
2,196753131,C,A
2,196729356,C,A
2,196709748,T,C
2,196866436,G,A
2,196801402,G,A
2,196636407,C,A
2,196822080,T,A
2,196664163,T,C
2,196681586,T,A
2,196681573,A,G
2,196788457,G,A
2,196750942,C,A
2,196801468,G,T
2,196825586,C,A
2,196602802,T,C
2,196746569,G,T
2,196912157,C,A
2,196913108,C,A
2,196791228,C,G
2,196883970,T,A
2,196750928,A,G
2,196825385,C,G
2,196682493,C,T
2,196718076,G,T
2,196849397,G,C
2,196892737,C,A
2,196834683,C,G
2,196825332,C,A
2,196774826,T,A
2,196636546,C,A
2,196851788,A,T
2,196689076,C,A
2,196801416,T,A
2,196729269,C,A
2,196791236,T,A
2,196740445,C,A
2,196749473,A,G
2,196740521,C,A
2,196661411,C,T
2,196749432,T,A
2,196673435,C,T
2,196786861,C,G
2,196723447,C,T
2,196825490,T,A
2,196865601,C,T
2,196737076,C,A
2,196664038,T,A
2,196664086,T,G
2,196651890,T,A
2,196740502,C,A
2,196821991,G,A
2,196737073,G,A
2,196729424,C,A
2,196801370,G,A
2,196671525,C,A
2,196718111,C,A
2,196753073,G,A
2,196825260,G,A
2,196689130,A,G
2,196825191,G,T
2,196698983,C,G
2,196664137,T,A
2,196636407,C,A
2,196834820,T,A
2,196791162,T,A
2,196749414,T,A
2,196651868,G,T
2,196825392,C,A
2,196892698,C,A
2,196913077,C,A
2,196737106,G,C
2,196729567,C,A
2,196729175,G,C
2,196723505,C,A
17,11513774,T,A
17,11737983,C,A
17,11532876,C,G
17,11603164,T,C
17,11659961,G,T
17,11837221,C,T
17,11513788,G,A
17,11687034,C,A
17,11725916,G,T
17,11865225,T,A
17,11786980,C,A
17,11572813,G,A
17,11593398,T,C
17,11597656,G,T
17,11543598,G,T
17,11872804,A,T
17,11696895,C,A
17,11784668,C,A
17,11648187,C,A
17,11572978,A,T
17,11597192,A,T
17,11556077,G,C
17,11726227,C,A
17,11604447,A,T
17,11572494,G,T
17,11671874,G,C
17,11568179,A,G
17,11540016,C,A
17,11656201,C,A
17,11593083,G,T
17,11711208,C,G
17,11757715,G,T
17,11592948,C,A
17,11592949,C,A
17,11778439,C,A
17,11865532,A,G
17,11554413,T,C
17,11631181,G,T
17,11592889,T,C
17,11809074,G,A
17,11522884,C,A
17,11778317,G,A
17,11572723,C,T
17,11572432,T,A
17,11607656,T,G
17,11511555,T,C
17,11666872,G,C
17,11593663,C,G
17,11622804,C,A
17,11659972,C,G
17,11700981,G,T
17,11556163,G,T
17,11593535,G,A
17,11532805,T,C
17,11795156,G,A
17,11737984,C,T
17,11757475,C,T
17,11572518,T,A
17,11806224,T,A
17,11540053,G,T
17,11809056,G,C
17,11696840,G,T
17,11520887,C,T
17,11520888,G,T
17,11593217,G,T
17,11607714,C,A
17,11648375,C,A
17,11603084,G,T
17,11592912,T,A
17,11550416,G,T
17,11865411,T,A
17,11726350,A,T
17,11511621,C,A
17,11607717,T,C
17,11556078,G,T
17,11597675,G,A
17,11583119,A,T
17,11584138,G,C
17,11631206,C,T
17,11757540,C,G
17,11757569,G,T
17,11608469,C,T
17,11711077,C,A
17,11687751,C,T
17,11687858,T,C
17,11520897,G,A
17,11651071,G,T
17,11687628,C,A
17,11593123,C,A
17,11648132,C,T
17,11786923,G,A
17,11671768,A,T
17,11806036,G,T
17,11583159,G,T
17,11790162,T,A
17,11522936,G,T
17,11522937,G,T
17,11532817,G,T
17,11651011,C,A
17,11554419,G,T
17,11671895,G,T
17,11659961,G,C
17,11725838,C,A
17,11515212,C,G
17,11543666,G,T
17,11502192,C,A
17,11607522,G,T
17,11726175,C,A
17,11631193,A,G
17,11757701,A,T
17,11687720,C,T
17,11593391,G,T
17,11806089,T,C
17,11865293,C,A
17,11696965,T,A
17,11784564,C,A
17,11584038,A,G
17,11535919,G,A
17,11593470,G,T
17,11778275,C,T
17,11865334,G,C
17,11572536,G,T
17,11593309,G,A
17,11865393,C,A
17,11672496,A,G
17,11696953,A,T
17,11784660,G,A
17,11840709,A,G
17,11550479,A,G
17,11622753,C,G
17,11660891,G,T
17,11584180,G,T
17,11656186,T,A
17,11835517,G,A
17,11607519,G,T
17,11593206,T,A
17,11593507,G,A
17,11837248,C,A
17,11520893,G,T
17,11772454,C,T
17,11772571,G,C
17,11631220,T,A
17,11597208,C,T
17,72301377,G,A
17,72278023,C,A
17,72297197,G,A
17,72285814,C,A
17,72287186,T,A
17,72297276,G,T
17,72277987,C,A
17,72277988,G,T
17,72310318,A,G
17,72278023,C,G
17,72310295,G,T
17,72301559,G,T
17,72281270,A,T
17,72283194,G,T
17,72301535,C,T
17,72301536,G,T
17,72310351,C,G
17,72310378,C,T
17,72287239,G,T
17,72297275,G,T
17,72295931,T,G
17,72310375,G,T
17,72308174,C,T
17,72308204,G,T
17,72297289,G,A
1,78478937,C,A
1,78481780,G,T
1,78479070,C,G
1,78479167,C,T
1,78479142,G,C
1,78478905,G,T
10,69565452,C,A
10,69565369,T,C
10,69571290,C,A
10,69565387,G,T
10,69571258,C,A
12,56222273,G,C
12,56217256,C,G
12,56217276,T,C
12,56221665,C,T
12,56221331,G,C
12,56222305,A,C
12,56222188,T,A
12,56222112,T,G
15,41071395,C,G
15,41071396,C,A
15,41066554,C,A
15,41067249,G,A
11,31452041,C,T
11,31436531,G,A
7,102963026,C,T
7,102957423,C,T
7,102957425,C,T
7,102960065,C,T
7,102968127,C,G
7,102962386,G,A
7,102967069,C,G
7,102956536,C,G
11,63999905,C,T
11,64001510,C,A
11,63999376,G,A
10,75005739,G,A
1,38027726,G,A
1,84878080,C,T
1,84880433,G,C
1,84867755,C,A
1,84880578,C,A
1,84864322,G,T
1,84880404,G,A
1,84867698,G,A
1,84878197,T,A
1,84880355,C,A
1,84878181,C,A
1,84880520,G,A
1,84864217,G,T
9,131009749,A,T
9,130985090,G,T
9,130982486,C,A
9,130982360,G,T
9,130984836,C,G
9,130984587,G,A
9,130980565,C,A
9,131008770,A,C
9,131012511,T,C
9,130965893,C,G
9,130984810,G,A
9,131008720,G,T
9,130984572,A,T
9,131004603,G,T
9,130980952,C,A
9,131007027,C,A
1,172277946,A,G
1,172017833,G,T
1,171958099,C,T
1,171956843,G,C
1,172376984,G,A
1,172013594,C,G
1,171810840,G,A
1,171890902,G,T
1,172011224,C,G
1,172007534,C,A
1,172348233,C,T
1,172017776,G,A
19,10249218,C,G
19,10254444,G,A
19,10251548,G,A
19,10265690,G,A
19,10265128,G,C
19,10265615,T,A
19,10287991,G,A
19,10257064,C,A
19,10246409,G,A
2,25470989,C,T
2,25472574,C,T
2,25470920,C,A
2,25523021,C,T
2,25470966,C,A
2,25470539,G,A
2,25469085,C,T
2,25469531,C,T
2,25457243,G,A
2,25457219,C,A
2,25470507,C,T
2,25505412,C,A
2,25464507,G,C
2,25470495,A,C
2,25467188,C,T
2,25469574,G,A
2,25463556,G,A
2,25463511,T,C
2,25469966,T,C
2,25468194,G,A
2,25468195,C,G
2,25458603,T,A
2,25459873,G,A
2,25457161,A,G
2,25469071,C,A
2,25523106,C,A
10,129245680,G,A
10,128769018,A,T
10,128796482,C,G
10,128821561,G,T
10,128925939,A,T
10,128830475,G,C
10,129152931,A,G
10,128850972,C,T
10,128797638,G,T
10,129152980,G,T
10,129218009,G,T
10,129224177,A,T
10,129207637,T,G
10,128840908,A,T
10,129046299,A,G
10,129172391,G,A
10,128923778,C,T
10,128925932,G,T
19,11363464,C,A
19,11326604,C,A
19,11325286,C,G
19,11312765,C,T
19,11312726,G,T
19,11311045,G,C
19,11347230,G,A
19,11322820,G,A
19,11353740,A,T
19,11354329,C,A
16,57513444,G,A
4,3487350,C,A
4,3478232,C,T
4,3478183,C,A
4,3478223,C,A
4,3487294,C,G
9,131843387,G,C
9,131847496,A,T
16,68021789,C,A
16,68025750,T,A
16,68026508,C,A
16,68026050,A,G
16,68026487,C,A
16,68024723,C,A
16,68021439,G,T
19,38709593,T,A
19,38709670,A,T
19,38709662,G,T
19,38709569,A,G
19,38714820,G,T
19,38704372,G,T
1,44437304,G,T
1,44437298,G,T
1,44437843,C,T
1,44437368,G,C
1,44437102,A,G
1,44437938,C,G
1,44436377,G,T
1,44435873,C,G
3,16306251,C,A
9,130699749,G,A
1,155112639,C,G
7,34981404,A,T
7,35050942,C,A
7,34994315,C,A
7,34977696,C,T
7,35009066,A,C
7,34971203,T,A
7,35053184,G,C
7,35009108,G,A
7,34971135,T,C
7,34989430,C,T
7,34979784,G,A
17,17997126,G,A
17,18002385,G,A
17,18003602,A,G
17,17997259,C,T
11,117308745,A,G
11,117332278,C,A
11,117651234,C,T
11,117332232,G,T
11,117335693,G,C
11,117376278,C,A
11,117329506,G,T
11,117308738,G,C
11,117307969,G,T
11,117335788,C,T
11,117387317,G,T
11,117376377,C,A
11,117309680,G,C
11,117352740,G,A
11,117389255,T,C
11,117299113,G,T
11,117375700,A,G
11,117308126,C,T
11,117395650,G,C
11,117299329,C,A
11,117308768,G,T
11,117387188,C,A
11,117651478,A,C
11,117395563,G,A
11,117392117,G,A
11,117389215,G,T
11,117310621,G,T
11,117302317,C,A
11,117308726,G,A
11,117387251,C,A
11,117308714,G,C
11,117376296,G,A
11,117352685,G,A
11,117314753,A,T
11,117647590,C,T
11,117389380,G,A
11,117303888,C,G
11,117395754,G,T
11,117308752,C,A
11,117392000,T,G
11,117308780,C,A
11,117389416,G,T
11,117335702,G,A
11,117310559,G,T
11,117389381,G,C
11,117342708,G,T
11,117302320,G,T
11,117308100,G,C
11,117299194,C,A
11,117376266,C,T
11,117374709,G,T
11,117376305,G,C
11,117299019,G,T
8,120865389,C,T
8,120859251,G,A
8,120865380,T,C
8,120854054,T,C
20,35386978,C,T
20,35381122,C,A
20,35386512,C,A
20,35399790,C,A
20,35386512,C,A
20,35384135,G,A
20,35384207,C,T
20,17581487,C,T
20,17581671,G,C
20,17581458,G,C
1,212273760,C,G
1,212273710,C,G
1,212245479,A,C
1,212209166,G,T
6,15651562,C,A
6,15651563,C,A
6,15663154,C,G
6,15524604,C,A
6,15523328,C,A
6,15524529,A,G
6,15523084,C,A
2,25851118,C,A
2,25851078,G,C
2,25754371,T,C
2,25610209,C,G
2,25606753,C,T
2,25705667,C,G
2,25851037,A,C
1,161726677,G,C
1,161726734,A,G
1,161723052,G,A
1,161719819,G,A
1,161722885,C,G
10,76857553,C,T
10,76861687,C,T
10,76861663,C,A
10,76861638,T,A
10,76868030,C,G
17,35872792,T,A
17,35872430,T,C
12,12630062,G,A
12,12630491,T,G
12,12673889,G,A
12,12653578,A,T
12,12629939,G,A
6,292488,T,C
6,350826,T,G
6,348817,G,C
6,348916,C,A
6,348125,G,A
6,304631,C,A
6,348145,C,T
6,345854,G,T
6,345916,G,T
6,311963,G,T
6,348140,G,T
6,348818,C,A
6,350652,A,G
6,348228,G,A
6,292496,C,T
6,311936,C,A
6,348907,G,T
6,350766,G,A
6,335151,C,A
6,348120,G,T
6,348851,A,T
6,350824,G,T
6,348210,G,T
6,348194,C,A
6,350715,A,T
6,348191,G,T
2,96810004,C,T
2,96811154,G,A
2,96809566,T,C
2,96809641,T,G
2,96809979,C,G
8,29194882,C,A
8,29203101,T,C
8,29194805,T,C
8,29207491,T,G
8,29195937,C,A
1,1273928,T,C
1,1278086,C,A
1,1273747,T,A
2,172563762,A,G
2,172563771,G,A
2,172549360,A,T
2,172586275,A,G
11,103128397,G,T
11,102991263,G,T
11,103124057,C,A
11,103124071,G,T
11,103229014,G,T
11,103039571,A,T
11,103270477,T,G
11,103023013,A,T
11,103048482,G,T
11,103270430,G,T
11,103055673,T,C
11,102980339,C,T
11,103006594,A,G
11,103048546,C,A
11,103027385,A,T
11,103018580,G,C
11,103092821,A,T
11,103153800,G,A
11,103194613,G,T
11,103014067,G,T
11,102980366,C,G
11,103023009,G,C
11,103052498,A,T
11,102991711,G,T
11,103090682,G,A
11,103182692,G,T
11,103091378,A,T
11,102991423,G,C
11,103006602,A,T
11,103349830,G,A
11,103157037,G,T
11,103018511,G,C
11,103029646,G,A
11,103086512,A,G
11,103173822,G,T
11,103060406,C,G
11,102992205,G,A
11,103006491,G,T
11,103178455,G,C
11,103018569,A,G
11,103057207,A,T
11,103128358,C,T
12,120935938,T,C
12,120934291,G,T
12,68052516,A,T
12,68043620,G,T
12,68051374,G,A
3,137822813,T,G
3,137816623,C,T
3,137822452,T,A
3,137811301,C,A
3,137822885,G,C
3,137811326,C,G
3,137786534,G,T
3,137786447,C,G
3,137811270,C,A
3,137783472,G,A
3,137822729,G,A
3,137807237,T,C
3,137799408,C,A
3,137813704,C,A
3,137822393,C,A
3,137787060,C,A
3,137807303,C,A
16,67231937,C,T
16,67228641,C,T
16,67228324,G,T
16,67228757,C,G
16,67232111,A,G
11,19256308,C,A
11,19251866,G,T
11,19251862,C,T
11,19259527,C,G
11,19261656,T,C
11,19256332,T,G
11,19252381,C,A
11,19259535,C,G
16,2284322,A,T
16,2285496,G,A
16,2282276,G,T
16,2285348,C,T
16,2278460,G,T
16,23540900,C,A
16,23546229,T,C
16,23555867,C,T
16,23541066,T,A
10,74899485,T,A
10,74923674,C,A
10,74912076,C,A
10,74914025,T,C
10,74899220,A,G
10,74914087,A,T
6,127611311,G,C
6,127648147,C,A
6,127636043,T,C
6,127611066,C,T
6,127636021,G,A
6,127611329,G,T
10,11797413,A,G
10,11805415,G,T
10,11797576,G,T
10,11805529,C,T
6,139167684,T,C
6,139167715,A,G
6,139159550,T,A
6,139164323,A,T
6,139167810,A,G
6,139135693,A,G
6,139165567,G,A
6,139170499,C,A
6,139222088,C,G
6,139197684,C,G
X,65819509,G,T
X,65819692,C,A
X,65819693,A,T
X,65824950,C,A
X,65824988,G,T
X,65824892,G,A
X,65835827,C,A
X,65835828,C,T
X,65822526,C,A
X,65819381,T,C
X,65824998,C,T
1,236645924,G,C
1,236647288,G,C
1,236572514,A,T
1,236645788,C,A
1,236645742,G,A
1,236646467,G,A
1,236645797,G,A
1,236645629,C,A
1,236645688,G,T
1,236631557,C,T
1,236645937,C,T
1,236646542,C,A
1,236647706,A,T
1,236647671,C,T
1,236647445,G,A
1,236645820,G,T
1,236645972,G,T
1,236647405,A,C
1,236647424,C,A
1,236647158,G,T
1,236647391,C,A
1,236647707,G,A
1,236631573,C,A
1,236646763,C,T
1,236646635,T,C
1,236590748,C,T
1,236645782,C,T
1,236631536,A,G
1,236645850,C,A
2,109545663,C,T
2,109513583,T,G
2,109547447,C,G
2,109527319,G,T
2,109527314,G,T
2,109527371,G,T
2,109547478,C,T
2,109513387,G,A
2,109546685,C,A
2,109524389,G,A
2,109547432,G,T
2,109513673,G,T
2,109545792,G,T
2,109527497,G,A
2,109545728,C,T
2,109513632,G,T
X,68836338,A,T
X,68836586,C,T
X,69176904,G,C
X,68836455,C,A
X,68840767,C,T
X,69255353,G,T
X,68836384,C,T
1,184688331,A,C
1,184675899,G,A
1,184672036,G,A
1,184706191,G,A
1,184663205,C,A
1,184723649,C,A
1,184663428,T,A
1,184681006,C,A
5,83549983,G,T
5,83239258,C,A
5,83680180,C,A
5,83549941,C,A
5,83259126,T,G
5,83402609,G,C
5,83362356,C,A
5,83476214,G,T
5,83239299,C,A
5,83360583,G,A
5,83259139,G,T
5,83402632,C,A
5,83239283,C,G
5,83433157,T,G
5,83549934,G,T
5,83433124,G,T
5,83433159,G,C
5,83680196,C,G
5,83525687,T,A
5,83550015,G,C
5,83362384,G,C
5,83525686,T,A
5,83356224,G,T
5,83525678,G,A
5,83362356,C,A
5,83525673,C,A
5,83356239,G,T
5,83525697,C,T
5,83362368,T,C
5,83476317,G,T
5,83433089,C,A
5,83402473,C,A
1,41948217,C,T
1,41948221,C,A
13,78472259,T,A
13,78492680,C,A
13,78493460,G,T
13,78474780,C,A
13,78472358,T,A
13,78477731,C,T
13,78493488,G,T
13,78493763,A,G
13,78492316,G,C
13,78474696,G,C
13,78477365,T,C
13,78474043,T,A
13,78492704,T,A
13,78475251,C,A
13,78474775,G,T
13,78477406,G,T
13,78472344,G,C
13,78477380,T,C
13,78492531,C,A
13,78493561,C,A
12,93213135,C,A
12,93210069,T,C
12,93226317,C,A
12,93170697,T,A
12,93244898,C,T
6,74228856,A,C
6,74228506,A,G
6,74228434,G,A
6,74228549,T,C
6,74228479,T,C
6,74229648,G,C
6,74228319,G,A
20,62121927,C,A
20,62121989,G,A
20,62122089,C,T
20,62126429,G,T
20,62121997,C,A
20,62122063,C,A
20,62122069,C,A
20,62126223,C,A
20,62126415,C,A
20,62121879,C,T
20,62120437,G,T
20,62126186,C,A
11,62340201,T,A
11,62339102,C,T
8,49641660,C,A
8,49647699,C,T
8,49644005,A,T
8,49644012,C,A
8,49643135,G,T
8,49647828,G,T
8,49637178,G,C
22,44131813,C,A
22,43926768,C,A
22,44131757,T,A
22,44107437,C,A
22,44064756,C,G
22,43930600,G,C
22,43996129,C,A
22,44064837,C,A
22,43950841,C,G
22,43996140,G,A
22,43933348,C,A
22,44161271,G,T
22,44073894,C,G
22,43996080,G,C
22,44178097,T,A
22,44022376,A,C
22,43950875,C,T
22,43936185,T,G
22,44004438,G,A
22,43933318,C,G
1,64021097,G,A
1,63999869,G,T
1,64022900,G,T
1,63998406,T,A
1,63999765,G,C
13,107145365,C,T
13,107147282,G,A
13,107164970,C,A
13,107165024,C,A
13,107187328,A,T
13,107148121,C,T
10,64573000,G,A
10,64573365,C,G
10,64573782,G,A
10,64575808,G,T
10,64573954,G,A
10,64575716,A,G
8,22548112,G,C
8,22548754,T,C
11,65358065,T,A
11,65358034,C,T
11,65349621,G,A
11,65351973,G,A
11,65350467,G,T
11,65350414,A,T
11,65349331,A,G
11,64645664,C,T
11,64622062,C,T
11,64627432,C,A
11,64646015,C,A
19,48220014,G,T
19,48244466,C,T
19,48244176,G,T
19,48244549,G,A
2,31489255,A,T
2,31483550,C,A
2,31483565,G,T
2,31457399,G,C
2,31484531,G,T
2,31489545,C,A
2,31467228,G,T
2,31467291,G,A
2,31489410,A,T
2,31489306,C,T
2,31483646,G,T
2,31472333,G,T
2,31484546,A,T
2,31483658,T,A
2,31489370,G,T
2,31483541,A,G
2,31489172,C,T
11,125448120,G,T
2,37347280,G,A
2,37366778,G,A
2,37349652,G,C
2,37365665,C,A
2,37376053,T,A
2,37365452,A,G
15,40265983,G,A
15,40253982,A,T
15,40265942,G,A
15,40293422,G,A
15,40284431,G,A
15,40226472,G,T
15,40269028,C,G
15,40259689,G,T
15,40268812,C,T
15,40284993,A,T
12,124118211,C,G
12,124106443,C,A
12,124116902,C,G
16,28734788,C,G
16,28734627,G,T
17,78113486,T,C
17,78112900,G,A
12,53427591,T,C
12,53427616,C,G
12,53421875,C,T
12,53400266,A,G
12,53412608,G,A
12,53431372,C,G
12,53413716,G,T
12,53400188,C,A
12,53431327,G,C
12,53427638,A,G
12,53434093,A,C
12,53400121,C,G
3,71748851,C,A
3,71733846,C,A
10,72181483,C,G
5,139928512,G,A
3,184045737,G,C
3,184040889,C,T
3,184035504,G,T
3,184045208,G,T
3,184046479,C,T
3,184052538,G,T
3,184045040,A,T
3,184043513,G,T
3,184045221,C,T
3,184049544,C,G
3,184046426,G,A
3,184039242,G,C
3,184045054,G,C
3,184043360,C,G
3,184039405,C,T
3,184040362,C,T
3,184043403,G,A
3,184052638,C,T
3,184049592,T,A
3,184042135,G,A
3,184043481,A,G
3,184040239,G,C
3,184039092,C,T
3,184044714,C,G
3,184049387,G,T
3,184049748,C,T
1,21220017,C,T
1,21306897,A,T
1,21191193,T,C
1,21137268,T,C
1,21191656,C,G
1,21133930,T,C
1,21167521,C,A
1,21268711,T,A
1,21220009,C,A
1,21177969,C,T
1,21220017,C,A
1,21205816,C,A
1,21268737,C,A
1,21205926,C,G
1,21220026,C,A
1,21133940,C,T
1,21183933,C,T
1,21268372,C,A
1,21191717,C,A
1,21268606,T,A
1,21268017,G,C
1,21276584,G,A
1,21226345,G,C
1,21177755,C,A
20,33867799,C,A
20,33872368,C,G
20,33872136,C,A
20,33867762,G,C
20,33866920,C,G
20,33872280,C,G
20,33867858,G,A
19,8038675,C,G
19,8032642,C,G
19,8056709,C,A
4,139981689,C,A
4,139980118,C,T
4,139980359,C,A
4,139981626,C,A
4,139993119,C,G
4,139981552,G,A
4,140046387,C,G
4,139983041,C,T
4,140058862,T,A
4,139988852,G,C
X,47496438,G,A
X,47500706,C,A
X,47497454,C,T
X,47509898,C,A
2,85590289,G,T
2,85590290,G,T
6,80634687,A,T
6,80626572,G,T
6,80629227,C,T
6,80636031,A,C
6,80634726,C,A
6,80626436,A,C
6,80634726,C,A
6,80626291,C,T
6,80635962,G,T
6,80626596,T,C
6,80626442,T,C
6,80656897,C,G
6,80634702,A,C
6,80634699,C,T
6,80626302,C,A
6,80631426,G,T
4,111119499,G,T
4,110980902,C,T
4,110972668,C,A
11,31671711,A,G
11,31531344,G,T
11,31785031,A,G
11,31616339,A,G
11,31671690,G,T
11,31653772,G,T
11,31531349,C,T
11,31531495,C,T
11,31653874,G,T
11,31784960,G,C
11,31531535,A,C
11,31648715,G,C
11,31616420,G,T
11,31671713,G,T
12,7083817,G,A
12,7084882,A,G
2,42488428,C,T
2,42488304,A,G
2,42530318,A,G
2,42522520,G,A
2,42488319,C,G
2,42511835,G,C
2,42556062,A,G
14,89093342,G,T
14,89154735,A,G
14,89205241,T,C
14,89154817,C,A
14,89163292,C,G
14,89220988,C,T
14,89091321,C,G
14,89163230,C,A
14,89161767,T,A
14,89205259,C,A
14,89124572,C,G
14,89181356,C,A
14,89206766,T,C
14,89168855,C,A
14,89124732,C,A
14,89087624,T,G
10,25284575,C,G
10,25284702,T,C
10,25288332,G,T
10,25279523,G,T
1,8934896,G,C
1,8925448,G,T
1,8927283,C,A
1,8926469,C,A
1,8921448,T,A
1,8931951,C,T
4,83375948,G,T
4,83381180,G,T
4,83378077,G,T
4,83351928,G,T
4,83381180,G,A
13,43788070,A,G
13,43918814,G,T
13,43918817,C,G
13,43935509,G,T
13,43930241,G,T
13,43896589,C,T
13,43918724,T,C
13,43930134,G,C
13,43900639,G,C
13,43788123,C,A
13,43935495,G,T
13,43798206,G,A
13,43930175,G,T
13,43935496,G,T
13,43933986,C,G
13,43935437,A,T
13,43934144,C,T
13,43935502,G,T
13,43872484,G,T
13,43930154,G,T
13,43788178,G,A
13,43930179,C,A
13,43930271,C,A
13,43935525,T,C
13,43839584,C,A
13,43839533,C,T
13,43788051,C,T
8,120633667,C,A
8,120602768,G,T
8,120575254,C,A
8,120613669,T,C
8,120608147,C,T
8,120608213,C,A
8,120638941,C,A
8,120594688,G,T
8,120569904,C,T
8,120651057,T,C
8,120629482,C,A
8,120581547,G,T
8,120638812,C,T
8,120613649,G,T
8,120631544,C,T
8,120596199,T,A
8,120594737,C,G
8,120613651,C,A
8,120613653,G,T
8,120612922,G,T
8,120596284,G,A
8,120575108,C,A
8,120592356,C,G
8,120606014,G,T
8,120580446,G,T
8,120629471,G,A
6,46111048,A,G
1,150599834,T,C
1,150601933,T,C
1,150599975,A,C
1,150598102,G,A
1,150602029,C,T
1,150600004,T,A
8,23299183,T,G
8,23302001,G,A
8,23305214,C,A
8,23290518,C,A
20,25193996,G,C
20,25205927,G,T
20,25199194,G,T
20,25187965,G,T
20,25187891,C,G
20,25193939,A,T
3,27759079,G,T
3,27758862,G,C
3,27758988,A,C
3,27758588,C,A
3,27760974,T,C
3,27759037,T,A
3,27760264,T,G
3,27760382,C,T
3,27758884,A,G
3,27759217,G,A
3,27760382,C,A
3,27759021,C,A
3,27760113,G,A
3,27760275,G,T
12,132466997,G,T
12,132446343,G,C
12,132498035,C,G
12,132512742,G,A
12,132547189,G,T
12,132505712,G,T
12,132497649,C,G
12,132547172,C,T
12,132466654,G,A
12,132510236,G,T
12,132515834,G,T
12,132466666,G,A
12,132546759,G,A
12,132539527,C,T
12,132562164,G,A
12,132529882,A,G
12,132445563,C,T
12,132474620,A,G
12,132491379,A,T
12,132512784,A,T
12,132466837,G,A
12,132471096,C,T
12,132547013,A,T
12,132466659,A,T
12,132471165,G,C
12,132514300,G,A
12,132529932,G,C
12,132490798,C,T
12,132528737,G,T
12,132562035,G,T
12,132529259,C,T
12,132490799,G,T
12,132522603,G,T
12,132498101,G,T
12,132539519,G,C
12,132546780,C,T
12,132561057,A,T
12,132496110,A,G
12,132466874,G,A
12,132504687,G,T
12,132546831,G,T
12,132490798,C,T
12,132522537,G,A
12,132472367,G,T
2,46588229,G,T
2,46611667,C,T
2,46603775,G,T
2,46574056,G,T
2,46596975,A,T
2,46607812,G,T
2,46609131,C,T
2,46607448,G,T
2,46574053,C,T
2,46574050,C,T
2,46611728,G,C
2,46611730,G,T
2,46608855,G,C
2,46574080,A,T
2,46574200,C,T
2,46611659,C,T
2,46609651,G,T
2,46607470,G,C
2,46611777,G,T
18,5396314,C,G
18,5410567,C,G
18,5395685,C,A
18,5406796,C,A
18,5443840,G,A
18,5398103,C,T
18,5489094,C,A
18,5419871,C,A
18,5397212,C,A
18,5434024,C,T
18,5406941,C,G
18,5419714,C,T
18,5406957,T,A
18,5419754,C,T
18,5398034,G,A
18,5397212,C,A
18,5428374,G,T
18,5395092,C,A
18,5443878,T,C
18,5415909,G,A
18,5489096,C,A
18,5419879,G,A
18,5397300,C,G
18,5445230,C,A
18,5630432,G,A
18,5394744,A,T
18,5433526,T,C
18,5434002,G,A
18,5406818,C,A
18,5397198,C,A
18,5416056,T,A
18,5433980,T,C
18,5438071,G,T
18,5395638,G,C
18,5416024,G,A
18,5416170,C,A
18,5419722,C,G
18,5478250,C,G
18,5415897,A,C
18,5489114,C,A
18,5416157,C,A
3,134670794,C,A
3,134873005,G,A
3,134977882,G,T
3,134670266,G,T
3,134851696,C,T
3,134967287,A,C
3,134851590,C,G
3,134920428,G,A
3,134920489,C,G
3,134514434,T,C
3,134670652,C,T
3,134670328,G,T
3,134911548,C,G
3,134920490,C,A
3,134851714,G,A
3,134851709,G,T
3,134885845,C,A
3,134898724,C,G
3,134920429,G,T
3,134898764,C,T
3,134851891,G,T
3,134851892,G,T
3,134825372,G,T
3,134967252,A,G
3,134968281,T,G
3,134884855,G,T
3,134920438,G,T
3,134851763,G,T
3,134911494,G,T
3,134880946,G,A
3,134920531,G,T
3,134968220,G,T
3,134968224,T,A
3,134960099,C,A
3,134670690,C,T
3,134670868,A,G
3,134884854,G,T
3,134825363,C,T
3,134670615,G,T
3,134851755,G,C
3,134920415,G,T
3,134880876,A,G
3,134851773,C,T
3,134851748,G,T
3,134978135,T,A
3,134960130,C,T
3,134967276,C,G
3,134670814,G,T
3,134851762,C,A
3,134911538,A,C
3,134670447,G,T
3,134967157,G,T
3,134514403,G,T
3,134825299,C,A
3,134967256,G,T
3,184290795,G,A
3,184297667,C,T
3,184290644,G,T
3,184298540,G,T
3,184294827,G,T
3,184290625,C,T
3,184295457,C,T
3,184294823,G,C
3,184298517,G,T
3,184290477,C,A
3,184297342,G,C
3,184295235,G,T
3,184290555,G,T
3,184294836,G,T
3,184294872,A,G
3,184298349,G,T
3,184295686,G,T
7,142562421,G,T
7,142566027,C,G
7,142568609,C,A
7,142568144,G,C
7,142562270,T,A
7,142567669,G,A
7,142561083,A,T
7,142564021,G,T
7,142568025,G,T
7,142564781,G,T
7,142561841,G,C
7,142565878,C,A
7,142562114,G,C
7,142562413,C,G
7,142562017,C,A
7,142566043,T,C
7,142566381,G,A
7,142565507,C,T
7,142561909,G,A
7,142564038,G,T
7,142563342,C,G
7,142565987,C,A
7,142561910,G,T
7,142563350,G,T
7,142561960,G,T
7,142564291,G,T
7,142561857,C,A
7,142561077,C,T
7,142561806,G,A
7,142562357,G,A
7,142562336,G,T
7,142568118,G,A
7,142561853,G,T
7,142566852,G,T
7,142566824,G,A
7,142562368,G,C
7,142564038,G,A
7,142564758,G,T
7,142562423,G,A
7,142566477,C,A
7,142563293,G,A
7,142566876,G,T
7,142564763,C,G
7,142567643,T,C
7,142566362,G,T
7,142568375,A,T
7,142562205,C,T
7,142565860,G,C
7,142566455,G,C
7,142562250,C,A
7,142568573,C,A
7,142562343,G,T
7,142565367,G,A
7,142562313,G,T
7,142560942,C,A
7,142568345,C,A
7,142562293,G,T
7,142564021,G,C
7,142561931,C,A
7,142568113,G,C
7,142561848,G,T
7,142566456,G,T
8,27364421,G,T
8,27380005,C,G
8,27401271,G,C
8,27362537,C,A
8,27401287,G,T
8,27378399,G,T
8,27348722,C,T
8,27402090,G,T
19,15338342,T,C
19,15338369,C,T
19,15342626,C,A
1,92515965,A,T
1,92528763,T,A
1,92495650,G,A
1,92511127,G,T
1,92511171,G,T
1,92511124,G,T
1,92511125,G,T
1,92528676,G,A
1,92528642,C,A
1,51875246,G,T
1,51871732,G,C
1,51930943,C,G
1,51871621,C,A
1,51831687,C,A
1,51829575,C,G
1,51869091,C,A
1,51913718,C,A
1,51871777,G,C
1,110294767,C,T
1,110300460,G,A
1,110294652,G,A
1,110293311,G,A
1,110292941,G,T
1,110302517,C,A
1,110300629,C,T
1,110302000,C,G
1,110294720,G,C
1,110293406,C,A
1,110300634,T,A
1,110295756,G,A
1,110302415,G,T
1,110302335,C,T
1,110294319,A,T
1,110293388,G,A
1,110300959,G,T
1,110293370,C,T
13,43462494,G,T
13,43500532,T,A
13,43474465,G,T
13,43474446,C,A
13,43528100,T,C
13,43537455,A,G
13,43469228,G,T
17,27182086,G,A
17,27185753,G,C
17,27183574,G,C
17,27182122,C,T
17,27187605,C,T
17,27182139,G,A
5,96215603,G,A
5,96224887,A,T
5,96253359,C,A
5,96215615,C,T
5,96253179,T,G
5,96253168,G,A
5,96239250,G,T
2,128046313,C,G
2,128029014,A,G
2,128047135,C,A
2,128050384,T,A
2,128015076,G,A
2,128044495,C,A
2,128047859,C,A
2,128051575,G,A
2,128051576,G,T
2,128030447,T,C
16,14015937,G,T
16,14020516,G,A
16,14020433,G,C
16,14026137,G,T
16,14029051,G,A
16,14041630,G,C
16,14028125,A,T
16,14015915,G,A
16,14041714,G,T
16,14042044,G,T
16,14015970,G,T
4,75248499,A,C
4,75245174,T,C
4,75246782,G,T
4,75246765,G,A
4,75250497,C,T
4,75246777,G,A
4,75231011,C,A
2,54045035,G,A
2,54028655,A,C
2,54045061,C,A
2,54021509,G,C
2,54041746,T,A
1,43308638,C,T
1,43308742,G,T
1,43296552,C,T
8,27634593,G,A
8,27634626,A,T
8,27661009,T,C
8,27657091,G,C
8,27634552,G,T
8,27660857,G,T
13,47354121,C,G
13,47351536,C,A
13,47354087,C,A
12,53680397,G,T
12,53663291,C,T
12,53663690,C,T
12,53684209,C,T
12,53687196,C,T
12,53683205,G,A
12,53676967,T,G
12,53686094,G,A
12,53670894,C,T
12,53673605,C,T
12,53685643,A,T
12,53663153,G,A
1,6504661,A,T
1,6520299,G,T
1,6488379,G,A
1,6504635,C,G
1,6511766,G,A
7,158540942,C,A
7,158552764,C,G
7,158552780,G,T
7,158590748,G,T
7,158534254,C,A
7,158534284,T,A
7,158552753,T,A
7,158580784,T,A
7,158580785,C,A
7,158590630,G,A
7,158557501,C,G
7,158534326,G,A
7,158531731,C,G
7,158555808,C,T
3,138188971,G,T
3,138191516,T,G
3,138183186,G,C
3,138191328,G,A
5,137844355,C,T
19,44012034,G,T
19,44010876,T,C
19,44012951,T,A
12,22837945,G,A
12,22796820,G,A
12,22796881,A,G
12,22811992,A,T
12,22778506,G,T
12,22813996,G,T
12,22813997,G,T
12,22811970,A,C
1,204110462,G,A
1,204116690,C,A
1,204103819,G,C
1,204116699,C,A
11,128333509,G,T
11,128359246,G,A
11,128359245,C,G
11,128332264,C,T
11,128391816,G,A
11,128359204,A,T
11,128350260,A,T
11,128359203,G,A
11,128356001,G,C
11,128354828,G,A
21,40191522,C,T
21,40194699,G,T
21,40194596,A,C
21,40191577,C,T
21,40194739,C,A
21,40194635,A,C
21,40194759,C,T
21,40186898,G,A
1,157106102,C,G
1,157098244,C,G
1,157098234,C,A
1,157095608,C,G
6,36343634,T,A
6,36334711,C,G
6,36336760,C,A
17,29645376,C,G
17,29645450,G,T
17,29647511,T,A
17,29645432,T,G
17,29645797,C,T
17,29631301,G,T
17,29631504,G,T
17,29632234,G,T
17,29631780,A,G
17,29632273,G,T
17,29631427,G,A
17,29632168,G,T
17,29632169,G,T
17,29632338,G,A
1,93070903,C,A
1,93159385,G,A
1,93257926,G,T
1,93159896,T,A
1,93131509,T,A
1,93089858,C,A
1,93070933,C,G
1,92979323,C,T
1,93169023,T,C
1,93091354,C,A
1,93170110,A,G
1,93170178,C,A
1,93101784,T,C
1,93091372,C,T
14,100563832,T,C
14,100604129,C,G
14,100610081,C,G
1,242021860,G,T
1,242016740,G,C
1,242020668,G,T
1,242042500,A,T
1,242048689,G,T
1,242042251,A,G
1,242048760,G,T
1,242042435,C,T
1,242045269,A,C
1,242035553,C,T
1,242013779,C,T
1,242030234,G,T
1,242052912,G,T
1,242024751,A,G
1,242030245,A,T
1,242035504,A,T
1,242035554,A,T
5,453722,C,T
5,446389,G,A
5,453717,G,T
5,458042,G,C
5,454086,G,T
5,466932,A,T
5,453846,G,A
5,457103,G,T
7,132959880,A,G
7,133622721,G,A
7,133749297,T,A
7,133164812,C,T
7,132973716,G,T
7,132937929,C,G
7,133164841,T,A
7,133160147,A,T
7,133160178,G,A
7,133692564,G,A
7,133059673,G,T
7,133622741,G,A
7,133160209,C,T
7,133749316,C,T
7,133749104,G,T
7,133622733,A,T
7,132937864,G,C
10,94818178,G,T
10,94818035,C,T
10,94594583,T,C
10,94757306,A,T
10,94679738,G,T
10,94669368,G,T
10,94818076,G,A
10,94688135,A,T
10,94700547,G,A
1,231472048,C,T
1,231473257,A,G
1,231472716,C,A
1,231472329,C,T
1,231473128,C,A
1,231473215,C,G
1,231472103,G,C
1,231472295,G,A
1,231472318,C,G
3,38548401,C,T
3,38537932,T,C
3,38565410,G,T
3,38548421,C,T
3,38565545,G,T
3,38565414,C,T
3,38548393,G,T
10,99196180,C,T
10,99198450,C,T
9,133573562,G,T
9,133577570,A,T
9,133569301,G,C
13,37583435,A,T
20,45717947,C,A
20,45702866,C,A
20,45725774,A,T
20,45808545,A,G
20,45633654,G,T
20,45702836,C,A
20,45717915,G,A
20,45801474,G,T
20,45633640,C,A
20,45702929,G,C
20,45811992,T,A
20,45644860,G,C
20,45801492,A,T
20,45607270,G,T
20,45702913,C,A
20,45797804,C,A
20,45717984,C,A
6,133833917,G,T
6,133844274,G,C
6,133836515,G,T
6,133836475,C,A
6,133849905,C,A
6,133769249,G,A
6,133849880,G,T
6,133849981,A,G
6,133783490,T,A
6,133783563,C,A
6,133850080,G,T
6,133836456,C,A
6,133804194,G,A
6,133827254,T,C
6,133785997,G,A
6,133595853,G,T
6,133783546,G,T
6,133767825,T,C
6,133849867,A,T
6,133834083,G,T
6,133827278,T,A
6,133827275,G,T
6,133849945,T,A
6,133846174,G,T
6,133849873,C,A
6,133802682,C,A
6,133767772,A,G
6,133846166,T,G
6,133783899,C,T
6,133783520,C,A
6,133777745,C,A
17,40855782,C,A
17,40872352,C,T
17,40858171,T,C
17,40857175,C,T
17,40857122,G,A
17,40872313,C,G
5,176832080,G,A
5,176829621,A,T
5,176830339,G,A
5,176831885,C,A
11,70049737,G,T
11,70049625,G,A
11,70052393,C,G
11,70052378,G,T
5,175927115,G,A
5,175913446,G,C
5,175933972,C,T
5,175927109,C,T
5,175923620,C,A
5,175927110,G,T
5,175923528,A,G
3,138340358,C,A
3,138351858,G,C
3,138340324,G,C
3,58552961,G,A
3,58552369,G,C
3,58555535,C,T
3,58555486,C,A
8,59059008,G,C
8,59059006,G,A
8,59058927,G,A
8,59059080,G,T
8,59059512,C,T
8,59058719,G,T
8,59059927,G,A
8,59058960,C,A
8,59059873,A,G
8,59059606,G,T
8,59059448,C,G
8,59059603,G,A
8,59059644,G,T
22,45723878,G,C
22,45726535,G,C
X,54107840,C,A
X,54161374,A,G
X,54177806,C,A
X,54107803,C,T
X,54159204,T,C
X,54161386,G,A
X,54209050,C,G
X,54209131,G,C
X,54107828,C,G
X,54159249,C,A
X,92964479,G,T
X,92965007,G,A
X,92965216,G,C
X,92964540,G,T
X,92965225,C,A
X,92965025,G,T
X,92964778,T,A
X,92965126,G,A
X,92964820,G,T
X,92964468,C,A
X,92964395,C,A
X,92964563,G,C
3,122126162,C,T
6,117086410,G,T
9,35563186,G,C
11,73141755,T,A
11,73120643,C,T
6,119327671,C,T
6,119301421,C,T
6,119301338,G,A
6,119327768,G,A
6,119332503,C,A
6,119345389,C,A
6,119345391,T,G
6,119341148,C,T
6,119301415,G,A
6,119345909,C,T
1,155220391,G,A
1,155223696,T,G
1,155223710,C,T
1,155223914,C,T
1,155218083,C,G
1,155217713,C,A
1,155217714,T,A
5,176951843,A,G
5,176951477,C,A
X,103434287,A,T
X,103411604,C,T
X,103420446,G,C
X,103411599,G,T
X,103411570,G,C
X,103430772,G,T
X,103431141,G,A
X,103431193,G,T
X,103434361,C,G
17,66533671,C,T
17,66551756,C,T
10,124608844,C,A
3,58622031,G,T
3,58629415,C,T
3,58639474,T,A
3,58620045,C,A
3,58622130,C,T
3,58622131,T,A
3,58620041,C,G
3,58629398,G,T
3,58625859,G,C
3,58620007,T,G
3,58639444,G,A
3,58641299,G,T
3,58639410,G,A
3,58619932,C,A
3,194407680,G,T
X,153678642,C,A
X,153678637,C,T
X,153674843,A,T
X,153676829,C,A
X,153678570,A,T
4,1670397,G,A
4,1643057,C,A
4,1657194,C,A
10,126311602,C,T
10,126312150,G,C
10,126370845,C,A
10,126395236,G,T
19,50978613,C,T
19,50979475,C,T
19,50979509,G,T
19,50979642,C,A
19,50979147,C,T
1,206139233,C,A
1,206154161,C,A
1,28081716,G,T
1,28081709,C,T
1,28087051,A,T
9,134136355,C,A
9,134136225,G,A
9,134136572,G,A
9,134151420,G,A
9,134136376,C,A
9,134151627,A,G
5,94784045,C,G
5,94727200,C,A
5,94749780,T,A
5,94731844,C,A
6,54805297,G,C
6,54805720,C,G
6,54805944,C,G
6,54806253,T,C
6,54806504,C,A
6,54791332,G,T
6,54805457,C,A
6,54735414,C,G
6,54805191,C,A
6,54805498,C,A
6,54735269,A,T
6,54806636,C,A
6,54792370,G,T
6,54735345,G,T
6,54792354,G,A
6,54804555,A,T
6,54805230,C,A
6,54791227,A,T
6,54804697,G,T
6,54805281,T,C
6,54804952,G,C
6,54792322,C,G
6,54735190,A,T
6,54792420,G,T
6,54805963,G,A
6,54805921,G,T
6,54735197,A,T
6,54806714,A,T
6,54805349,A,G
6,54806408,G,T
6,54806409,G,T
6,54805102,G,A
6,54791169,G,T
6,54805391,G,T
6,54806417,A,G
6,54735153,G,A
6,54735264,A,T
6,54792315,G,T
6,54806408,G,C
6,54806260,A,G
6,54735136,C,T
6,54806078,A,G
6,54805677,C,A
6,54806262,G,A
6,54805254,G,T
6,54805949,G,T
6,54806377,C,A
6,54805296,G,T
20,37554981,G,A
20,37580193,C,T
20,37580963,T,C
20,37580937,T,G
20,37580398,G,C
20,37580763,C,A
20,37570728,G,T
20,37576645,T,A
20,37581025,C,T
20,37570740,G,T
20,37576528,G,T
22,40417379,C,T
22,40417510,C,A
22,40417511,T,A
22,40425583,G,T
22,40417319,G,T
22,40415202,G,A
22,40415325,G,T
22,40417816,C,A
22,40415243,G,T
22,40415918,G,T
17,18881367,C,A
17,18882019,T,C
17,18907093,G,A
17,18881947,G,A
17,18882133,C,A
17,18907093,G,C
17,18881012,C,T
17,18907267,C,T
17,18882139,C,A
17,18906919,G,A
17,18881050,T,A
17,18882043,G,C
1,231155594,C,T
1,231155691,C,T
2,33809828,T,A
2,33810093,C,G
2,33812314,G,C
2,33812435,A,G
2,33824342,C,A
2,33820593,C,A
19,38899434,A,T
19,38899479,G,T
19,38895995,G,C
16,89858414,C,A
16,89818612,G,A
16,89858345,C,A
16,89882414,C,T
16,89851301,C,A
16,89828400,G,A
16,89804127,A,T
16,89828358,G,A
16,89815072,C,T
16,89849313,T,A
9,35074939,C,A
9,35076537,A,G
9,35075050,T,A
9,35076825,T,A
9,35077020,C,T
9,35076490,G,T
9,35074079,A,T
9,35074929,C,A
2,163039931,C,A
2,163072468,G,C
2,163066498,C,T
2,163083059,T,G
2,163055370,A,T
2,163027562,G,T
2,163083063,A,T
2,163074565,T,C
2,163030271,C,A
2,163074612,G,T
2,163070536,C,A
2,163059565,T,C
2,163075642,G,T
2,163051221,G,T
2,163099877,A,G
2,163074507,G,C
2,163030285,G,A
2,163031437,C,A
11,13734550,A,T
11,13716476,G,T
11,13734522,C,T
11,13722001,C,T
11,13729507,G,T
11,13729573,T,G
12,29460731,C,A
12,29486610,C,A
12,29474738,C,G
12,29463958,C,T
12,29486613,C,T
12,29485635,C,A
12,29464033,G,C
12,29450055,C,G
12,29474843,C,A
12,29474839,G,A
12,29486595,T,C
12,29464845,C,A
12,29460824,C,A
12,29460825,C,A
12,29446285,C,A
12,29469879,C,G
12,29423357,G,A
12,29446406,C,G
12,29423429,C,T
12,29469919,T,C
2,242423696,G,A
2,242347008,C,T
2,242380815,C,T
2,242350541,G,A
2,242380735,A,G
2,242429445,C,G
2,242343281,G,C
2,242402803,G,T
2,242343347,G,C
19,13035059,C,A
19,13035003,C,T
19,13035487,G,A
19,13039359,G,A
19,13041475,C,A
19,13041496,C,G
19,13035517,C,T
19,13034991,G,A
19,13033469,G,A
19,13033470,A,T
19,13035802,C,T
19,13033588,G,A
2,223488432,G,A
2,223513485,C,G
2,223488993,G,A
2,223507723,G,A
2,223489197,C,G
2,223513513,A,C
2,170428515,C,A
2,170403036,C,A
2,170417034,T,C
2,170428301,T,A
2,170401296,T,A
2,170402852,T,A
10,90768652,A,T
10,90774097,A,G
10,90773980,G,A
10,90768739,G,T
4,187628590,C,A
4,187518259,C,A
4,187510357,A,G
4,187557322,G,C
4,187527368,C,G
4,187584663,C,G
4,187539602,G,C
4,187524791,T,C
4,187557736,C,G
4,187525712,C,A
4,187630638,T,A
4,187584546,C,A
4,187509957,T,G
4,187521447,C,G
4,187630249,C,T
4,187629379,T,A
4,187540652,A,G
4,187540501,T,A
4,187538952,C,A
4,187558005,G,A
4,187535416,C,T
4,187524354,T,A
4,187557216,C,A
4,187627905,T,A
4,187630811,G,C
4,187541804,A,C
4,187541954,A,T
4,187518153,C,A
4,187518154,C,A
4,187539051,G,A
4,187629893,C,A
4,187549454,G,T
4,187522509,C,A
4,187540974,C,A
4,187541170,C,A
4,187630266,C,A
4,187521113,C,G
4,187629165,A,G
4,187522452,C,T
4,187541633,C,T
4,187539651,C,A
4,187509719,G,C
4,187530381,C,A
4,187540391,G,A
4,187629040,T,C
4,187517714,C,A
4,187627857,G,A
4,187630985,T,A
4,187540236,C,T
4,187541782,C,T
4,187540161,C,A
4,187538323,T,C
4,187540189,C,A
4,187558014,C,A
4,187519168,C,T
4,187542290,T,C
4,187539532,G,C
4,187525013,C,A
4,187542468,C,G
4,187540319,C,G
4,187628340,C,T
4,187554941,C,A
4,187557842,C,A
4,187628565,C,T
4,187517920,C,A
4,187630767,T,C
4,187532546,T,A
4,187540406,C,A
4,187519168,C,A
4,187628360,C,A
4,187518075,T,A
4,187524086,C,G
4,187509954,G,T
4,187539244,C,A
4,187549392,C,T
4,187524999,C,A
4,187531125,C,A
4,187627769,G,A
3,13669343,T,A
3,13670462,A,G
3,13679148,C,T
3,13679441,C,A
3,13663285,G,T
3,13659766,T,A
3,13679312,G,T
3,13671399,C,T
3,13678060,C,A
3,13659609,T,A
3,13679116,G,T
3,13663411,C,G
3,13659780,G,T
3,13663316,C,A
3,13612322,C,T
14,92336728,T,A
14,92353592,G,A
14,92336602,C,T
14,92353602,T,A
7,102667916,T,C
7,102566797,C,A
7,102614140,C,A
7,102517943,C,A
7,102608486,T,A
7,102453768,C,A
7,102604004,G,T
7,102614193,A,G
7,102517935,A,G
7,102608499,C,T
16,746993,G,A
16,745064,G,A
16,746839,C,T
5,107216681,C,G
5,107216863,G,A
5,107197409,G,A
5,107559923,C,A
5,107216724,T,C
5,107700679,C,A
5,107700563,T,C
5,107684233,T,C
5,107197455,C,A
5,107700656,T,C
16,30941470,G,A
16,30937210,C,T
16,30941500,G,T
13,77595702,C,G
13,77589622,G,C
13,77589595,C,T
13,77581777,G,A
4,15627285,C,A
4,15627406,G,C
5,15928183,C,A
5,15936990,G,A
5,15928457,T,A
5,15936591,C,T
5,15928217,C,T
5,15616177,C,T
5,15928421,G,T
5,15928422,T,A
5,15928027,C,A
5,15928267,C,A
5,15937086,C,T
5,15937169,C,A
5,15936980,G,A
5,15937326,C,A
5,15936989,G,T
5,15935347,C,T
5,15928063,C,A
5,15928333,G,T
5,15937147,G,A
5,15928579,C,A
5,15928521,T,G
5,15936592,G,T
5,15937148,C,A
5,15937257,C,T
5,15937088,G,T
5,15936872,C,A
5,15928465,G,C
5,15928113,C,A
5,15937147,G,T
5,15928043,C,A
5,15937335,G,C
5,15936915,G,T
5,15936685,G,T
5,15936565,C,G
5,15928016,C,T
5,15928503,G,T
5,15936788,C,T
5,15928506,C,A
5,15928387,G,A
5,15937263,G,A
5,15928310,C,A
5,15928526,G,T
5,15936776,G,T
5,15937193,G,A
5,15937077,C,A
5,15928107,C,A
5,15928497,A,G
5,15928326,G,T
5,15936692,C,T
5,15928576,C,A
5,15928306,C,A
5,15928384,G,T
5,15928571,G,C
5,15928376,G,T
5,15937076,C,G
5,15928552,C,A
5,15936997,G,T
5,15616168,G,A
5,15936875,G,A
5,15500672,G,T
5,15928116,G,C
5,15935329,A,T
5,15937179,T,A
5,15937114,G,C
5,15500789,G,T
5,15936573,A,C
18,71797722,G,A
18,71793305,T,A
18,71740753,G,C
18,71740795,C,T
18,71796717,T,C
18,71796748,A,G
18,71797821,C,T
18,71740732,G,A
1,11709842,T,A
2,73491152,G,C
2,73486384,C,T
2,73492453,G,T
2,73491083,C,T
2,73493698,C,T
2,73492463,G,A
3,196311060,A,G
19,46215705,G,A
19,46216187,G,C
2,68692136,T,C
6,153296150,C,G
6,153296105,C,T
6,153296529,C,T
6,153296193,T,G
1,159277563,A,G
1,159273941,G,C
1,159275777,G,T
1,159275977,G,T
1,159272168,T,A
1,159272177,C,A
1,159277622,C,G
1,159273855,G,C
1,159277713,A,G
1,159277583,T,C
1,159277575,A,G
1,159275854,G,T
1,159277830,A,G
1,159272653,G,T
1,161187846,C,A
1,161188844,A,C
1,161188716,G,T
1,161188691,G,A
19,40433917,C,A
19,40430489,C,T
19,40424300,C,A
19,40384136,C,A
19,40376939,G,T
19,40382686,C,T
19,40382591,C,A
19,40430555,C,A
19,40382392,G,A
19,40389740,C,A
19,40366207,C,G
19,40420130,G,A
19,40380633,G,A
19,40363172,G,A
19,40419850,A,G
19,40383965,G,T
19,40434113,G,T
19,40366480,G,C
19,40368434,T,A
19,40392512,G,C
19,40420076,G,T
19,40424077,C,T
19,40382453,G,T
19,40433821,C,A
19,40367914,T,C
19,40433204,C,T
19,40376810,C,T
19,40433429,A,G
19,40376996,G,A
19,40376939,G,A
19,40433530,C,A
19,40368399,C,A
19,40384658,C,A
19,40424295,G,A
19,40366203,C,A
19,40354434,C,A
19,40368822,C,A
19,40433455,G,T
19,40368402,C,G
19,40384661,C,G
19,40370338,T,A
19,40433636,C,A
19,40362933,C,T
19,40367787,G,A
19,40430340,C,A
19,40433141,T,A
19,40419930,C,A
19,40366284,G,A
19,40368319,C,A
19,40419924,T,A
19,40382568,C,A
19,40368642,C,A
19,40419930,C,A
19,40433188,C,T
19,40420037,C,A
19,40421158,G,T
19,40433095,A,T
19,40368372,C,A
19,40384631,C,A
19,40376652,A,T
19,40377056,C,T
19,40419693,G,A
19,40384913,T,C
19,40421091,C,A
1,161479793,G,T
1,161479826,C,A
1,161479719,G,A
1,161475296,C,T
1,161479723,G,A
1,161476251,T,C
1,161479613,G,A
1,161487915,G,C
1,161512686,T,A
1,161512794,G,T
1,161512854,C,G
1,161514527,C,A
1,161518266,C,A
1,161519571,C,A
1,161518211,C,A
1,161519598,A,G
1,161512800,G,T
1,161518466,C,A
1,161519645,C,A
1,161518430,A,G
1,161514662,G,T
19,50017363,G,A
19,50027842,A,G
19,50028610,T,G
19,50027791,G,T
19,50029466,C,G
5,72285274,A,T
5,72302361,G,A
5,72383455,G,A
5,72311486,C,T
5,72374089,G,C
5,72313065,G,C
5,72330522,G,A
5,72383470,C,T
1,157737076,C,A
1,157737207,C,A
1,157739696,C,A
1,157737060,C,A
1,157737387,T,A
1,157738381,T,A
1,157737468,G,C
1,157737239,T,C
1,157745565,C,G
1,157718359,C,G
1,157739790,G,A
1,157740417,C,G
1,157737032,A,G
1,157740232,T,C
1,157738300,G,T
1,157738327,G,A
1,157738268,A,G
1,157740395,G,A
1,157737280,G,A
1,157737391,C,A
1,157739662,C,A
1,157716565,C,A
1,157736727,A,T
1,157740421,C,A
1,157716540,C,A
1,157739907,G,T
1,157740380,G,T
1,157737457,C,T
1,157737268,C,A
1,157737171,C,G
1,157738210,C,T
1,157738392,G,A
1,157716558,G,T
1,157738454,G,C
1,157740261,C,G
1,157736756,C,T
1,157737419,C,T
1,157508895,C,A
1,157494099,G,A
1,157504438,G,T
1,157490914,G,T
1,157514637,G,T
1,157494103,G,A
1,157490931,C,T
1,157508921,C,A
1,157508987,C,T
1,157514257,G,T
1,157514712,T,A
1,157494195,C,T
1,157514076,G,T
1,157485511,G,T
1,157485512,G,T
1,157485266,G,C
1,157514753,C,A
1,157490888,C,A
1,157516823,T,A
1,157485384,T,G
1,157497566,A,G
1,157508979,G,T
1,157509113,C,T
1,157494328,G,C
1,157516897,C,A
1,157490917,C,A
1,157494111,G,C
1,157497563,G,T
1,157494040,T,A
1,157497526,G,T
1,157497435,G,C
1,157522168,C,A
1,157491068,G,A
1,157509004,G,C
1,157485661,C,A
1,157512672,T,A
1,157485461,G,A
1,157497686,C,A
1,157493956,G,T
1,157522155,A,G
1,157491004,C,T
1,157497440,G,T
1,157497585,G,T
1,157490899,G,A
1,157514800,G,A
1,157497520,C,A
1,157494130,G,C
1,157512753,G,T
1,157504641,C,A
1,157517179,G,A
1,157490895,C,A
1,157494147,G,T
1,157509129,G,T
1,161680550,C,T
1,161683278,A,G
1,161681057,C,A
1,161681852,T,A
1,161682974,C,A
1,161681880,G,T
1,161683078,G,T
1,161682007,G,T
1,161681891,T,A
1,161681214,C,T
1,161681216,G,T
1,161681924,C,G
1,161680999,C,A
1,161681159,G,T
1,161681008,C,A
1,161681009,C,T
1,161683163,C,T
1,161695914,G,A
1,161693311,C,G
1,161697043,C,T
1,161693363,A,G
1,161695969,C,G
1,161693218,G,T
17,72868218,C,A
17,72859251,G,A
17,72858840,C,A
17,72858954,G,C
17,72860303,T,A
17,72862631,G,A
17,72862601,C,A
15,68582098,G,C
15,68582487,G,T
15,68583008,G,T
15,68570886,G,T
15,68583191,G,A
15,68583378,A,C
15,68583424,G,T
15,68582377,C,A
11,61563832,A,T
20,6065747,G,A
20,6093212,C,A
20,6100114,T,A
20,6093139,C,T
20,6068532,T,A
20,6096636,C,T
5,108133938,G,T
5,108134022,C,T
5,108382819,A,G
5,108203468,G,T
5,108281830,G,T
5,108203572,C,T
5,108207179,A,G
5,108281839,G,T
5,108516501,G,A
5,108134001,A,T
5,108380450,G,C
5,108516524,G,T
5,108290505,G,T
5,108380497,G,C
5,108207842,G,T
5,108281912,G,T
5,108516532,T,G
5,108516533,G,T
5,108380495,A,T
5,108219132,A,T
X,54496629,G,T
X,54472587,G,A
X,54497770,C,T
X,54496521,G,C
X,54497780,G,T
X,54475348,T,A
X,54492128,C,T
X,54472781,G,C
X,54497808,C,A
X,54482124,C,A
X,54497771,G,A
X,54492144,G,A
X,54482964,G,A
X,54497752,G,A
X,54472809,G,A
X,54492140,G,C
X,54496846,C,A
X,54521721,C,A
6,36990024,G,A
6,36995323,T,C
6,36981768,C,A
6,36976674,C,A
6,36981397,C,A
6,36981398,C,A
6,36995388,G,C
12,32793576,A,T
12,32735176,G,T
12,32735020,G,A
12,32735365,G,A
12,32735366,G,T
12,32760963,G,C
12,32764101,G,A
12,32761011,G,A
12,32735171,G,C
12,32786555,A,C
12,32751515,G,C
17,7346526,T,C
13,102568973,C,G
13,102521158,C,A
13,102375181,C,A
13,102375185,G,C
13,102527578,C,A
13,103053981,T,C
13,103053860,G,A
13,103053862,C,A
13,103053849,C,A
13,102375052,G,A
13,102568883,C,A
13,102368050,A,T
13,102375188,G,T
13,102568883,C,A
13,102378993,T,G
5,141993670,G,A
5,141993563,C,A
5,141993534,G,A
13,22275530,G,C
13,22255205,C,A
13,22246295,A,G
4,15964859,G,A
4,15964579,C,A
4,15964478,C,T
4,15964142,T,A
4,1806112,C,T
4,1807625,C,T
4,1808320,C,G
4,1803633,G,A
1,27939493,G,A
1,27942076,C,G
1,27943704,C,A
1,27942117,C,T
1,27949654,C,T
1,27942236,G,A
1,27950358,C,A
1,27949604,T,G
1,27949588,G,A
4,153896629,G,C
4,153897411,A,T
4,153874673,G,A
4,153897456,G,A
4,153897454,G,T
4,153864685,C,T
4,153896593,T,A
4,153897015,G,T
4,153889217,G,A
4,153896824,G,C
4,153897474,G,C
4,153896715,G,T
4,153896290,C,T
3,59737985,T,A
3,59908077,C,T
18,34205545,G,T
18,34205579,C,A
18,34174788,C,A
18,34081919,G,A
18,34322723,C,A
18,34298456,G,T
18,34324019,C,A
18,34081918,C,T
18,34298119,C,A
18,34320643,G,A
18,34273246,G,C
18,34191968,G,T
18,34320650,A,T
18,34205489,G,T
18,34298194,A,T
18,34298168,G,T
18,34205613,C,A
18,34298017,A,C
18,33935539,C,T
18,33952676,G,A
18,33935571,C,A
18,34081905,C,A
18,34310681,G,T
18,34335226,G,T
18,34191969,G,T
18,34298531,G,A
18,34205560,C,A
18,34273362,C,T
18,34340586,G,A
18,34273143,A,C
18,34322707,C,A
18,34081944,C,T
18,34322723,C,A
18,34297950,C,A
18,34335227,G,T
18,34298499,A,G
18,34335151,C,G
18,34349242,T,A
18,34324149,C,A
11,65655442,G,T
11,65655166,C,A
11,65653136,T,C
11,65655330,T,A
11,65655520,T,C
11,65652447,C,A
6,110086283,G,A
6,110037688,G,T
6,110146373,C,T
6,110059537,G,T
6,110037721,A,T
6,110146288,T,A
6,110146290,G,A
6,110146400,A,G
6,110112626,C,T
6,110056358,G,T
6,110113828,C,G
6,110048374,G,T
6,110110875,A,T
6,110059538,G,T
6,110098260,G,A
6,110113848,G,A
6,110059615,A,G
7,50514648,C,A
7,50514655,T,A
7,50513841,T,C
7,50514191,G,A
7,50513930,C,A
7,50512969,C,A
7,50514718,C,A
7,50514719,C,A
7,50513772,C,A
7,50513887,C,A
7,50513042,A,G
7,50514903,C,A
7,50514477,C,A
7,50513284,G,A
3,99567728,G,C
3,99568588,G,T
3,99568015,G,A
17,39975632,G,A
17,39973440,G,T
17,39974501,C,A
17,39975577,C,T
17,39973309,G,A
17,39975858,G,C
17,39978046,G,T
17,39978640,C,A
17,39974664,C,T
17,39978051,C,A
7,30058645,A,G
7,30065927,C,A
7,30058635,C,T
14,45603642,T,A
14,45587247,C,T
6,32097403,C,T
6,32097284,G,A
6,32096983,A,C
6,32097522,C,A
6,32097297,C,A
17,17127348,C,T
17,17122443,C,A
17,17131234,C,A
17,17122418,G,T
17,17117142,T,A
17,17124800,C,A
17,17120384,C,A
17,17129478,C,A
17,17122454,G,A
17,17131313,C,G
17,17119768,T,A
X,153590841,T,C
X,153587460,G,T
X,153590134,T,G
X,153593198,C,A
X,153588355,C,T
X,153589708,G,A
X,153581773,G,C
X,153588908,G,A
X,153596391,G,A
X,153593005,C,A
X,153582821,C,G
X,153590122,C,A
X,153588251,A,C
X,153588905,G,A
X,153593758,C,A
X,153593558,A,G
X,153588257,G,C
X,153588197,C,A
X,153590146,C,A
X,153580671,T,A
X,153588707,G,A
X,153593511,C,A
X,153591030,C,A
X,153593022,C,A
X,153586812,C,A
X,153579293,G,T
X,153596104,G,T
X,153587763,G,T
X,153590914,C,T
X,153588600,G,A
X,153585927,G,T
X,153581507,C,T
X,153582539,T,C
X,153577354,C,A
X,153581235,T,C
X,153578209,T,A
X,153593596,C,A
X,153599621,C,A
X,153590478,C,A
X,153587758,C,A
X,153595008,C,A
X,153588368,A,G
X,153586887,G,C
X,153599395,G,A
X,153578162,G,T
X,153581812,C,G
X,153582516,C,A
X,153590628,G,T
X,153581377,C,G
X,153577387,C,T
X,153589730,G,C
X,153589731,G,T
20,14306661,C,T
20,14306503,C,A
20,14307640,C,A
20,14307684,G,A
20,14306824,C,G
20,14307564,C,A
20,14306368,C,A
20,14307564,C,A
20,14308019,T,C
20,14306661,C,T
20,14307371,C,A
20,14307164,C,G
20,14307338,T,C
14,76045272,G,T
14,76107373,C,A
14,76107310,T,C
14,76045408,C,A
14,76108196,G,C
16,2946546,C,G
16,2946481,G,T
16,2946482,G,T
17,43321390,C,T
17,43322464,A,T
17,43320574,C,A
17,43319757,G,C
17,43322681,G,A
17,43317858,G,A
17,43322352,G,C
17,43309813,G,A
17,43323891,C,T
17,43313572,C,T
17,43320594,C,T
1,171168556,C,T
1,171173184,G,A
1,171174557,G,C
1,171174711,C,A
1,171178118,G,A
1,171178107,G,T
1,171176891,G,T
1,171162565,C,T
1,171173137,G,T
1,171165890,G,A
1,171162636,G,A
1,171154856,G,A
1,171165862,C,A
1,171168556,C,T
1,171154954,T,G
1,171173102,G,A
1,171162662,G,T
1,171162473,G,T
1,171168560,T,C
1,171154916,G,T
1,171178097,G,T
1,171077258,G,T
1,171083304,A,G
1,171061893,G,A
1,171077352,C,G
1,171077331,T,C
1,171070907,C,T
1,171061908,A,T
1,171086618,C,G
1,171083259,G,C
1,171076937,G,T
1,171083399,A,G
1,171083381,A,C
1,171083346,A,T
1,171076827,C,A
1,171292287,G,T
1,171303751,C,T
1,171289034,G,A
1,171303668,A,T
1,171293361,A,T
1,171310612,C,T
1,171293331,G,C
1,171293296,C,T
1,171300844,G,T
1,171306562,A,G
1,171310854,G,T
1,146680260,C,A
1,146672938,T,A
1,146680354,G,A
1,203316985,G,A
1,203317404,C,T
1,203316507,G,T
1,203316693,G,T
1,203317286,T,A
1,203316688,C,G
1,203316864,T,A
1,203316790,C,A
17,80676808,G,T
17,80684407,C,G
17,80684448,G,T
17,80680682,A,T
17,80676907,G,A
17,80684397,G,A
17,80684833,A,G
17,80684842,C,T
1,94014886,C,T
1,94014920,G,A
1,93965084,T,A
1,94014930,A,C
1,94000394,G,T
1,93998519,G,C
11,71906939,A,C
11,71907060,G,T
11,71906378,G,A
11,71907192,G,T
11,65664377,G,T
11,65664372,T,A
20,22563685,G,C
20,22562448,C,A
20,22562483,T,C
20,22563390,C,A
19,46376224,G,T
19,46376130,A,T
19,46375492,A,G
19,46375619,C,T
19,46375660,G,A
9,100616544,C,T
9,100617383,C,T
9,100617228,G,A
12,8201376,G,C
12,8196336,C,T
12,8192436,C,T
12,8197366,C,A
1,42744180,C,G
1,42730842,G,C
1,42744124,T,C
1,42744310,A,T
1,42645382,T,A
1,42660660,C,G
1,42660611,G,A
1,42654511,C,A
7,4780536,G,T
7,4796696,G,T
7,4796776,G,C
7,4798715,G,A
7,4800711,C,T
7,4798734,G,T
7,4780505,C,G
7,4798711,G,T
2,48573489,C,G
2,48602224,G,A
2,48573347,A,G
2,48602604,A,G
2,48600429,A,C
2,48573727,T,C
2,48573477,C,G
2,48573417,G,T
13,41134699,C,A
13,41134738,G,T
13,41134875,C,A
13,41134033,G,T
13,41239822,C,G
13,41134854,G,A
13,41134917,C,A
X,49114015,G,C
X,49113308,G,T
X,49108031,C,A
X,49111899,A,C
X,49108150,A,T
22,36902334,C,T
22,36886232,C,G
22,36889734,G,C
22,36902321,T,A
22,36900577,T,C
1,74671550,G,T
1,74664035,G,A
1,74670277,G,A
1,74670732,G,T
1,74670457,G,A
1,74670891,G,T
1,74671565,G,T
1,74670341,G,T
1,74671407,A,G
1,74671569,G,A
1,74670318,G,A
1,74670181,G,T
19,52327904,C,A
19,52327394,C,A
19,52327466,C,A
19,52327388,T,A
19,52327946,C,A
19,52327526,C,T
19,52327146,T,A
9,14775994,G,C
9,14737481,A,T
9,14824823,A,T
9,14857621,G,A
9,14737453,G,T
9,14808014,A,G
9,14776192,G,A
9,14756442,G,T
9,14851592,C,A
9,14740193,G,T
9,14776076,C,A
9,14857694,T,C
9,14747282,C,T
9,14808064,G,T
9,14776091,G,T
9,14748557,C,T
9,14851557,G,A
9,14812842,A,T
9,14859286,C,A
9,14859287,C,A
9,14774159,C,G
9,14842398,C,T
9,14748416,G,T
9,14842359,G,A
9,14775956,A,C
9,14859441,C,A
9,14807943,G,T
9,14863888,T,A
9,14823206,C,A
9,14784421,C,A
9,14746969,C,A
9,14748521,G,C
9,14776138,C,A
9,14868795,C,A
9,14868796,C,A
9,14784553,A,T
9,14848754,G,A
9,14737474,C,A
9,14797585,T,A
9,14784488,T,A
9,14842328,C,T
9,14859203,T,C
9,14746990,A,G
9,14846066,A,T
9,14848737,C,A
9,14859371,G,A
9,14848694,A,G
3,69230696,T,C
3,69225773,G,A
3,69242992,A,T
3,69271058,C,A
14,52182106,G,A
14,52188726,G,T
14,52188791,A,T
14,52179252,G,T
14,52188672,G,A
14,52186887,G,T
14,52192518,G,C
14,52194604,G,C
14,52156583,G,A
14,52194666,A,G
14,52186968,G,T
14,52186866,C,T
14,52194490,A,G
14,52169297,G,C
11,65154544,C,G
11,65154590,G,T
11,65167216,C,T
11,65161533,G,A
11,65172387,C,T
2,183707257,T,A
2,183730841,C,A
2,183699692,G,A
2,183699583,C,A
2,183730938,C,A
2,183730974,C,A
2,183723526,C,T
2,183707211,T,C
2,183699582,G,T
2,183699668,G,T
7,5642863,C,G
7,5643183,C,T
7,5632887,C,A
7,5633391,C,A
7,5642887,G,A
7,5644976,C,A
17,79495633,G,C
X,48339835,A,G
X,48339578,A,C
X,48340055,G,T
X,48339684,A,T
X,48341100,C,A
X,48336506,G,T
X,48339589,G,T
1,24189637,C,A
1,24194554,C,G
10,75532234,G,T
10,75533499,C,G
10,75532206,G,A
10,75533453,A,T
10,75533626,C,G
10,75533400,C,T
10,75532609,G,A
10,75532748,C,G
10,75532107,A,C
19,49253951,C,G
19,49254139,C,A
19,49253722,C,A
19,49253552,G,A
19,49253877,C,A
9,139925532,G,T
9,139929107,C,A
9,139925416,G,A
9,139925457,G,A
19,50310428,C,T
19,50314903,C,T
19,50314895,T,G
9,71687670,G,C
9,71687583,G,A
9,71661388,G,T
3,180671582,C,T
3,180630498,C,T
3,180693108,T,C
3,180685989,C,T
3,180667013,A,T
3,180675674,G,T
3,180675675,A,T
19,35612163,C,G
10,43870975,G,T
10,43871642,T,C
19,35646481,C,G
19,35660493,G,T
19,35657273,G,T
19,35646463,T,G
19,35657216,A,G
19,35657168,C,A
19,35655040,G,T
19,35655065,C,A
3,45972667,C,T
3,46009515,C,T
3,46008428,G,A
3,46009326,C,G
3,46009082,G,T
3,46021226,C,A
3,46008032,C,G
3,46009257,T,C
3,46008734,T,C
3,46006595,C,A
3,46023127,C,A
3,45972732,C,A
3,46014653,C,A
3,46009262,G,A
3,46008077,C,A
3,46009678,G,A
8,28378250,C,G
8,28384969,T,G
8,28360629,G,T
8,28385432,T,A
2,208632263,G,A
2,208632656,G,A
2,208632027,C,A
2,208632199,C,A
2,208632887,G,C
10,35929082,C,A
10,35930182,T,A
10,35928655,G,A
10,35928568,C,T
10,35928725,C,A
19,3527758,G,T
19,3532599,C,T
19,3525945,C,A
5,151170655,C,T
5,151173720,G,T
5,151166233,C,T
5,151166212,G,T
5,151173756,A,G
5,151183593,G,A
5,151170615,G,T
5,151183479,G,A
5,151173720,G,T
X,153762266,C,G
X,153760649,C,T
X,153762366,G,A
X,153764176,G,T
X,153760495,G,T
X,153760820,C,A
X,153927787,G,T
X,153928279,C,A
X,153906437,G,T
X,153927568,C,A
X,153940880,G,A
X,153940898,G,T
X,153944568,G,T
X,153925479,G,A
X,153941577,T,C
12,10373180,A,T
12,10374569,C,T
12,10374401,G,T
15,50596212,T,C
15,50595209,C,T
15,50581768,T,A
15,50570900,G,T
15,50595319,T,C
19,13065227,C,A
17,73754672,C,T
17,73760023,G,A
17,73759375,G,A
17,73759356,C,T
17,73754172,G,C
15,49531417,G,T
15,49620701,C,T
15,49531528,G,C
15,49611952,C,T
15,49584645,A,T
15,49620315,A,T
18,33283564,G,T
18,33282891,G,C
18,33263452,A,G
18,33272144,G,T
18,33243677,G,A
18,33267090,G,A
4,174169199,A,T
4,174223255,G,T
4,174090066,C,T
4,174169303,G,T
4,174216609,C,T
4,174216973,T,A
4,174169580,A,G
4,174235223,C,G
4,174213396,T,C
4,174169425,G,C
4,174089914,G,C
4,174219404,C,T
11,62396347,G,A
11,62397071,G,A
11,62400735,C,A
11,62394537,G,C
11,62398602,C,A
11,62402389,G,A
11,62400954,C,T
11,62400518,C,T
11,62402453,C,T
11,62394784,T,A
11,62393613,A,G
11,62398635,C,T
16,81391423,A,G
16,81385211,C,T
16,81388292,G,T
16,81399073,G,A
16,81388292,G,T
16,81390414,G,T
16,81388107,G,T
16,81410934,G,C
16,81388230,A,C
16,81348805,C,G
5,57790735,C,A
5,57790659,G,T
5,57790482,G,A
5,57790790,G,A
17,9923276,G,T
17,9885145,G,A
17,9820438,C,T
17,9830018,G,T
17,9885172,G,C
17,9850262,C,A
17,9820477,G,T
17,9837548,C,G
17,9846526,C,T
17,9830037,T,A
17,9820432,C,A
17,9828916,C,A
17,9821344,G,A
17,9820593,G,T
17,9923167,G,A
17,9923093,C,A
17,9828912,C,T
17,9820602,C,G
17,9923301,C,A
17,9821352,T,A
19,19609385,G,A
19,19616216,G,T
19,19616217,C,T
19,19576209,C,G
19,19616192,A,C
19,19606643,G,T
19,19606892,C,T
19,19612198,C,T
19,19606889,G,C
12,120884581,G,T
12,120884582,C,T
1,155207965,C,T
1,155210461,G,C
1,155206143,T,A
1,155205054,C,T
1,155209426,T,A
1,155206036,C,T
1,155205005,C,T
1,155208062,C,T
1,155210446,T,A
1,155207330,C,A
1,89519017,G,T
1,89523879,G,T
1,89524623,A,C
1,89520553,G,A
1,89523826,G,A
1,89655810,C,A
1,89650993,G,T
1,89654379,C,T
1,89652095,G,T
1,89654327,A,G
1,89656982,G,C
1,89654458,T,G
1,89662846,A,G
1,89656943,C,A
1,89652016,C,T
1,89655932,G,A
1,89649805,A,T
1,89658687,G,T
1,89650951,C,T
1,89657124,G,T
1,89658733,G,T
1,89651052,T,C
1,89655791,C,T
1,89654383,T,A
1,89652196,C,T
1,89654371,C,A
1,89662871,C,A
1,89658711,G,T
14,55312565,C,G
14,55309739,C,A
14,55310605,T,A
14,55310842,G,C
14,55310797,A,T
14,55309786,G,C
15,41058022,C,T
15,59911449,C,A
5,74324704,G,C
5,74325216,G,C
5,74324736,C,G
5,74324737,C,A
5,74325326,T,A
5,74325437,A,G
5,74325615,T,A
5,74325767,T,C
5,74325583,C,T
5,74325039,G,T
X,153670013,C,A
X,153670947,G,T
X,153671038,C,T
X,153670994,A,C
X,153668565,C,A
X,153668662,G,T
X,153666923,G,T
X,153668831,G,C
X,153668809,A,T
X,153669408,G,A
X,153670128,C,G
X,153668592,A,G
X,153668786,C,A
X,153668519,G,T
17,648100,G,A
17,648672,G,A
17,649543,C,G
17,648796,C,T
17,650508,C,A
17,649339,T,C
17,650277,G,A
5,154270801,C,A
5,154306962,T,C
5,154271093,C,T
5,154315457,G,A
5,154300914,G,A
5,154278851,T,A
5,154275708,G,T
5,154292552,G,A
5,154270922,A,G
2,17953995,G,T
2,17962451,G,C
2,17963153,G,T
2,17955603,G,T
2,17962335,C,T
2,17953925,A,G
2,17962033,A,T
2,17962023,C,A
2,17962699,A,T
2,17946222,A,T
2,17941198,G,T
1,92941661,G,A
1,92944231,G,A
1,92946364,C,T
1,92941703,G,A
1,92948493,C,T
6,13486957,C,T
6,13364977,A,C
6,13364943,A,T
6,13487030,C,A
6,13470384,G,C
6,13365724,C,A
6,13364970,C,G
6,13365525,T,C
2,69565628,T,A
2,69597229,C,T
2,69565089,C,T
2,69575396,G,A
2,69601245,C,A
2,69601143,G,A
2,69569302,A,C
2,69556903,C,A
16,23491168,C,A
16,23498078,C,A
16,23491170,G,A
17,73240738,G,A
17,73242605,C,T
17,73238914,C,A
17,73237911,C,G
17,73242605,C,G
17,73238543,C,T
17,73235895,C,A
17,73258395,G,T
17,73240717,T,G
2,85781383,C,T
2,85785696,G,A
2,85783362,A,C
2,85777724,G,A
2,85785588,T,G
2,85783372,C,G
2,85780471,T,A
8,63938819,T,C
8,63948230,C,A
8,63927973,T,A
8,63927974,C,A
8,63948275,T,C
8,63948311,C,T
8,63930053,T,C
8,63927937,T,A
8,63951236,G,A
22,18769205,C,A
17,4461344,A,G
17,4461259,G,A
17,4463036,G,A
17,4461429,C,T
22,22990152,G,A
22,22990102,C,A
22,22990065,G,T
22,22990274,G,T
22,22990275,G,T
7,100280097,T,A
7,100282070,C,T
7,100283982,C,A
7,100282985,C,T
7,100284038,G,C
7,100282211,C,A
7,100283903,C,T
7,100280383,G,A
7,100282480,G,A
16,58438668,G,T
16,58438566,C,A
16,58437222,A,T
8,41387778,G,T
8,41399669,G,A
8,41397472,G,T
8,41394734,G,A
8,41399411,G,A
8,41387758,G,A
19,46178215,G,A
19,46184982,C,T
19,46173932,C,A
19,46180282,G,T
19,46184989,G,T
19,46178075,G,C
7,8126124,C,A
7,8062173,T,A
7,8062174,G,T
7,8126267,A,G
7,8095167,C,G
7,8099879,G,T
7,8125841,G,A
7,8110750,A,T
7,8008922,C,A
7,8110737,G,A
7,8125955,C,G
7,8099853,A,G
7,8099726,G,T
15,69548421,T,A
15,69561478,C,G
15,69548323,G,C
15,69548656,G,A
16,74526856,T,C
16,74524978,C,A
16,74487121,C,A
16,74542769,C,T
16,74499668,C,A
16,74496473,G,T
16,74525040,C,G
16,74537629,C,G
16,74490579,C,A
16,74506311,T,C
16,74537461,G,A
16,74640625,G,C
16,74525010,C,A
16,74524932,C,T
16,74530506,C,A
16,74530507,C,A
16,74502911,T,A
16,74525005,A,G
16,74526922,G,A
16,74516969,C,G
12,57858453,C,A
12,57865862,C,A
12,57859454,C,G
12,57865470,C,T
12,57861912,C,G
12,57858560,C,T
12,57858976,G,T
12,57863408,C,G
12,57864343,C,T
12,57859660,T,A
12,57864593,C,T
12,57863310,G,T
12,57861141,C,A
12,57863398,T,G
12,57857465,C,A
12,57859419,C,T
12,57859640,G,C
12,57861953,G,T
12,57857532,C,A
12,57864972,G,A
12,57864471,G,T
12,57865110,G,C
12,57858626,G,T
12,57858477,G,A
12,57858581,G,T
12,57864117,C,A
12,75884200,T,C
12,75875806,G,C
12,75875825,G,A
12,75875626,G,C
12,75895683,C,A
12,75875650,T,A
12,75875810,A,G
12,75875685,G,T
12,75884265,A,G
12,75875665,C,A
1,182354917,T,A
1,182355522,T,A
1,182353654,G,A
1,182353781,A,G
1,182357841,T,C
1,182354984,C,G
1,182355392,C,T
16,4882859,C,T
16,4861235,C,T
16,4882010,C,T
16,4855202,G,A
16,4862237,T,A
14,54955665,G,A
19,39819649,C,A
19,39826638,C,G
19,39826655,G,T
19,39825901,C,A
6,16295298,G,C
6,16295298,G,C
6,16254908,A,T
6,16254832,G,A
3,155643029,G,C
3,155611337,G,C
3,155632279,C,A
3,155611434,C,T
3,155655474,G,T
3,155611422,T,A
3,155615827,G,T
3,155628515,A,C
3,155649570,A,G
3,155615825,A,G
3,155649577,C,A
3,155649598,A,T
3,155628911,C,T
7,2771079,G,A
7,2802292,G,A
7,2802288,C,T
17,63010499,T,C
17,63049634,G,A
17,63049747,C,A
17,63010527,C,G
7,79818431,G,T
7,79846622,C,A
7,79828668,G,T
7,79828629,G,T
7,79828630,G,T
7,79828541,G,C
7,79828601,G,A
7,79818422,G,T
7,79846821,C,T
20,57429950,C,T
20,57429020,G,A
20,57430252,G,A
20,57428785,C,G
20,57485035,T,C
20,57484830,G,T
20,57484421,G,A
20,57466789,G,A
20,57429321,G,T
20,57430039,C,T
20,57429858,C,A
20,57484610,C,T
20,57484272,G,T
20,57484421,G,A
20,57484420,C,T
20,57428462,G,C
20,57428478,C,A
20,57429241,C,A
20,57429320,G,C
20,57429579,C,A
20,57474035,C,T
20,57485075,T,C
20,57428898,G,A
20,57484421,G,A
20,57480483,C,T
22,19776217,A,G
22,19799918,C,A
22,19808806,C,G
22,19776300,C,T
19,2515051,A,C
X,54574706,G,T
X,54569698,G,C
X,54584913,G,C
X,54578128,C,A
X,54567807,G,A
X,54578810,G,A
X,54578050,C,A
X,54578051,C,A
X,54581096,G,A
X,54578157,G,C
5,141387389,C,A
5,141384676,C,A
9,131019257,A,C
9,131024843,T,A
9,131036192,C,G
9,131027930,C,T
9,131019213,C,G
9,131036192,C,G
9,131027879,C,G
9,131028097,G,A
9,131022860,G,A
9,131023764,C,T
9,131019541,G,A
9,131036249,C,A
9,131020133,C,G
9,131023512,T,A
9,131019381,C,T
12,133373220,C,A
12,133381309,G,T
12,133357432,C,T
12,133385015,G,A
12,133357453,C,T
12,133365817,C,T
12,133384625,T,C
12,133381374,C,T
12,133384676,C,T
12,133358913,C,A
12,133354252,T,A
12,133375049,G,T
12,133384781,C,A
12,133372559,T,A
12,133398680,T,A
12,133398682,G,A
12,133381391,T,C
12,133357422,C,G
12,133384799,C,G
12,133354352,G,A
12,133372567,C,A
12,133353279,G,A
12,133358997,T,C
12,133373168,C,A
12,133384862,C,A
12,133375030,G,T
12,133385061,T,C
12,133363350,C,A
12,133384999,C,T
10,99619326,G,C
3,121415674,C,A
3,121417022,C,G
3,121413585,C,A
3,121417286,T,A
3,121412611,T,C
3,121411320,C,A
3,121411082,T,A
3,121433816,G,C
3,121412826,G,A
3,121396161,G,A
3,121416859,C,A
3,121417301,T,A
3,121414126,C,A
3,121448804,G,A
3,121413027,C,T
3,121388059,C,A
3,121383793,T,G
3,121414349,T,G
3,121395775,G,A
3,121435856,G,A
3,121417151,T,C
3,121417266,C,A
3,121414266,C,T
3,121410889,T,C
3,121413956,T,A
3,121414164,C,A
3,121411177,C,A
3,121435663,T,C
3,121415438,T,C
3,121414623,C,A
5,32126595,T,A
5,32135777,C,A
5,32126342,C,A
5,32143957,T,A
5,32126342,C,G
1,155755039,G,C
1,155727002,T,C
1,155717352,A,C
1,155735478,G,A
1,155722195,G,T
1,155740888,G,A
1,155744857,C,T
1,155715636,G,A
1,155726769,C,T
1,155735072,C,G
1,155727103,C,G
1,155735564,C,T
1,155726844,G,A
1,155783541,T,A
1,155717972,C,A
1,155721781,G,C
1,155722997,G,A
1,155744860,C,A
1,155736139,G,A
1,155719706,C,T
1,155724193,C,A
1,155783529,G,A
1,155785655,C,T
1,155722173,C,A
1,155747500,C,G
1,155717651,A,T
1,155727098,C,A
1,155747449,T,G
1,155735390,C,T
1,155732155,G,C
1,155736268,G,A
1,155747565,C,A
3,39139824,G,T
3,39139759,C,T
2,171818217,C,T
2,171818182,C,T
2,171822343,C,T
2,171818224,C,G
2,171822507,C,T
2,171806226,G,T
17,45009463,G,T
17,45009464,C,T
17,45017938,C,T
17,45016025,C,T
16,58757763,G,A
16,58756150,G,T
16,58750695,A,G
16,58752583,A,C
16,58752189,T,A
16,58752180,G,A
16,58756164,C,A
1,167023533,C,A
1,167032843,G,A
1,167038228,C,T
1,167032878,G,T
1,167038193,G,T
1,167023628,G,T
1,167025039,C,A
1,167042734,T,G
1,167059572,C,A
1,167024212,C,A
1,167042703,G,A
1,167032927,C,A
1,167023626,C,A
1,167025041,G,T
1,167023552,G,A
1,167032937,C,A
1,167024212,C,A
1,167038236,C,A
1,167038196,C,T
1,167059529,T,C
1,167059531,G,T
1,167024976,C,T
13,93518717,C,G
13,93518747,G,A
13,92345961,G,C
13,92345711,G,T
13,92797198,G,T
13,92560270,G,T
13,92345607,C,A
13,92345504,A,G
13,92345802,C,A
13,92345499,T,G
13,92346038,G,C
13,93518665,G,A
13,92346009,G,T
13,92101100,G,T
13,92797141,G,T
13,92346033,G,T
13,92797109,T,A
13,92380883,C,A
13,92345609,G,A
13,92346130,G,T
13,92560248,C,T
13,93518680,C,T
13,92560221,C,A
13,93518617,A,T
13,93518679,C,A
13,92345880,G,T
13,94958244,G,A
13,95055323,C,A
13,95055436,T,A
13,94680120,C,G
13,94679996,C,A
13,94482405,A,T
13,93879653,C,A
13,95050778,G,T
13,94680115,G,T
13,93879811,C,T
13,95050795,G,C
13,94482633,C,T
13,95050774,G,T
13,94482699,C,A
13,95050858,C,T
13,95055406,G,T
13,94482724,C,A
13,94938670,A,G
13,95055301,G,T
13,95050757,C,A
13,94482465,G,T
13,94482698,C,A
3,32201069,G,C
3,32180188,C,T
3,32188176,A,G
3,32207310,C,T
4,176556197,A,G
4,176622818,G,T
4,176594895,C,A
4,176594958,C,A
4,176594959,C,G
4,176573023,A,T
4,176622762,G,T
4,176572989,C,A
4,176561960,C,A
4,176561343,C,T
4,176556089,A,T
4,176622815,A,C
4,176622830,C,A
4,176556066,G,T
4,176733292,A,G
4,176561298,C,T
4,176556078,T,A
4,176594891,G,T
X,13825877,C,A
X,13825879,C,G
X,13795473,C,T
X,13825830,C,G
X,13825814,G,A
14,105518322,G,A
14,105517991,G,A
14,105518155,G,T
14,105518393,G,T
14,105518183,G,T
14,105518050,C,T
14,105521800,C,A
14,105521817,C,A
14,105518004,C,T
14,105518256,T,A
14,105517957,C,T
1,236306325,T,A
1,236341796,G,T
1,236306205,C,A
1,236368531,C,A
1,236341876,C,G
1,236371487,C,A
1,236343183,C,T
14,53100621,A,G
14,53101741,G,A
14,53066848,G,T
11,64055813,C,T
11,64055924,G,T
7,1098037,T,C
3,169801905,A,C
3,169802440,C,T
3,169802552,A,T
3,169802237,C,T
1,168054915,C,T
1,168054736,C,G
1,168065747,T,A
1,168059860,C,A
1,168073831,C,T
1,168074010,T,A
1,168066241,G,A
1,168065871,C,A
1,168055036,T,C
1,168054683,G,T
15,40093898,C,A
15,40093671,C,A
15,40093672,C,A
15,40093791,G,T
15,40093574,G,A
15,40093898,C,A
7,124404480,C,G
7,124387291,G,A
7,124404849,T,A
7,124386617,C,T
7,124387020,C,G
7,124404651,C,A
7,124404327,G,A
7,124386819,G,C
7,124404368,C,G
7,124386713,C,A
7,124386859,C,A
7,124386577,C,G
7,124404121,C,T
7,124387384,C,A
7,124386587,G,C
7,124404249,G,C
12,13061744,G,C
12,13061883,C,T
4,90169436,G,A
4,90169242,G,A
4,90170970,C,A
4,90170093,G,A
4,90169364,C,A
4,90169716,C,A
4,90170573,G,C
4,90171329,G,T
4,90169159,G,A
4,90168977,C,A
4,90168908,C,A
4,90169820,G,A
4,90169908,C,A
4,90169061,G,T
4,90170789,G,A
4,90170590,C,T
4,90170270,C,G
4,90169636,A,G
17,80010174,C,T
17,80012838,C,T
17,80010163,G,T
17,80015086,T,C
17,80011140,C,G
17,80011904,G,A
17,80014187,G,A
17,80010094,C,T
17,7216947,G,A
17,7216393,G,A
16,46940822,G,T
16,46960903,G,A
16,46943706,C,T
16,46958355,C,A
16,46962902,A,G
3,113594425,G,T
3,113659180,G,C
3,113627906,C,G
3,113563455,G,T
3,113634612,T,A
3,113619945,C,G
3,113634553,G,A
3,113601626,G,T
3,113563456,G,T
3,113658766,G,A
3,113563429,A,G
3,113634669,T,C
3,113601675,A,G
7,50682474,C,T
7,50771589,G,A
7,50680527,C,A
7,50673020,C,A
7,50737524,T,C
7,50737427,C,A
7,50742190,T,A
7,50671734,T,A
7,50671735,C,T
7,50660724,C,A
7,50737540,T,A
7,50694650,C,T
7,50684029,T,C
7,50663155,A,C
7,50799978,C,G
7,50771567,C,A
7,50683919,C,A
17,37903138,G,A
17,37901538,C,T
17,37902407,C,T
17,37903227,G,T
17,37900365,C,G
17,37898639,C,T
17,37898958,A,T
17,37898907,C,T
18,19024365,G,T
2,11780611,G,A
2,11750901,G,T
2,11716613,G,T
2,11738826,C,G
2,11780520,C,G
2,11727540,C,T
2,11756801,C,T
2,11696629,G,T
2,11758583,C,G
2,11750922,G,A
2,11706731,G,A
2,11780577,C,G
2,11756756,G,T
2,11728869,C,A
2,11696778,G,C
2,11772056,C,T
2,11733209,C,T
2,11756808,A,T
2,11751088,G,T
2,11780549,C,A
2,11732998,C,T
2,11716528,C,T
2,11735467,T,C
2,11737992,T,C
2,11728879,G,T
2,11738826,C,G
2,11756768,G,T
2,11738806,G,A
2,11718443,C,A
2,11738002,C,T
2,11727528,C,A
2,11733132,G,A
2,11716647,G,A
2,11725325,A,T
2,11733003,C,A
2,11740993,T,C
2,11758936,A,T
2,11716594,G,C
2,11720872,C,T
2,11725913,G,T
2,11780442,G,C
2,11720967,G,T
15,33022958,G,A
15,33023329,C,A
6,102069929,C,G
6,102483431,C,A
6,102074407,T,A
6,102069914,C,A
6,101847051,G,T
6,102376422,C,A
6,102483357,G,C
6,102247541,T,A
6,102372516,C,A
6,102372517,C,A
6,102266270,G,T
6,102516388,G,A
6,101847197,G,T
6,102516358,G,T
6,101847126,G,T
6,102307314,C,A
6,102074443,C,G
6,102134198,C,A
6,102376391,G,A
6,102074308,T,A
6,102134086,G,A
6,102503354,G,T
6,102250223,C,G
6,102516386,A,C
6,102503233,A,T
6,102483308,G,C
6,102503456,G,A
6,102134228,G,A
6,102372515,C,A
6,102134111,G,C
6,102124642,A,T
6,102134115,A,G
6,102074281,G,A
6,102074282,C,G
6,102307276,T,C
6,102250204,A,G
6,102266269,G,T
6,102503424,A,G
6,102074265,G,T
6,101847171,G,T
6,102074278,G,T
6,102376414,G,A
6,102266260,C,A
6,102134215,A,T
6,102483249,G,T
6,101847268,G,T
6,102372501,C,A
6,102483318,A,T
6,102516280,G,C
6,102372530,G,A
6,102074322,A,T
6,102483424,G,C
6,102516291,A,T
6,102483429,G,T
6,102516388,G,C
6,102074333,T,C
6,102266253,G,T
9,104390596,G,T
9,104385694,G,T
9,104433358,T,C
9,104449333,G,C
9,104432720,C,A
9,104432721,C,A
9,104390581,T,G
9,104432903,G,T
9,104433006,C,A
9,104499833,G,A
9,104449357,G,T
9,104499662,G,T
9,104432536,A,T
9,104432502,G,T
9,104432620,G,A
9,104499870,G,T
9,104335536,G,T
9,104375693,C,A
9,104449121,C,A
9,104335780,G,T
9,104449474,A,T
9,104449269,G,T
9,104433248,G,T
9,104449375,C,A
9,104433015,C,A
9,104499906,G,T
9,104448921,C,A
9,104448970,G,T
9,104499792,C,T
9,104432378,C,T
9,104433325,C,T
9,104449158,T,C
9,104375759,C,A
9,104432860,G,T
9,104390585,C,G
9,104432627,G,A
9,104341538,C,G
9,104433159,T,A
9,104449372,G,C
9,104335419,A,T
9,104432734,C,A
9,104499983,C,A
9,104335781,G,A
9,104433237,C,T
9,104499707,G,C
9,104432892,C,A
9,104433161,A,G
9,104375662,G,T
9,104432850,C,G
X,48839714,G,C
X,48849922,C,T
X,48858616,C,G
X,48858658,C,T
X,48831665,C,A
18,56892962,C,A
18,56897691,C,G
19,48956135,C,T
19,48953774,C,T
9,124088797,T,C
9,124076248,G,A
9,124094768,G,T
4,106744216,G,T
4,106746933,T,C
4,106638996,A,T
1,110280922,G,A
1,110280799,C,T
11,67353590,G,T
11,67354069,G,A
14,81670426,T,A
14,81670444,C,G
11,18354719,G,A
11,18369250,G,C
12,124144730,C,G
6,30880223,C,T
6,30876868,C,T
6,30876887,G,T
7,74211925,G,A
7,74237270,C,A
7,74211826,C,T
7,74148302,C,T
7,74114663,C,T
7,74113371,G,C
7,74133245,G,A
13,28009300,G,T
16,27473778,C,A
16,27480842,T,A
16,27523148,C,G
16,27549185,C,A
16,27476583,G,T
16,27497373,T,A
16,27476638,G,A
16,27481437,G,A
16,27475738,T,C
16,27499558,T,A
16,27504602,C,G
16,27518169,C,A
16,27472603,C,A
16,27509014,T,A
16,27499944,C,A
16,27481533,G,A
16,27472667,G,A
16,27476020,G,T
16,27476021,T,G
16,27480738,C,A
16,27492447,C,T
16,27497405,C,A
16,27500985,C,T
16,27476052,C,G
16,27549128,T,C
16,27481653,C,A
16,27497397,C,A
16,27506573,C,A
16,27499885,G,T
16,27517433,C,T
16,27475845,C,A
16,27518331,C,A
16,27509024,C,A
16,27549551,C,A
16,27506568,T,C
16,27472818,G,A
16,27544624,C,T
16,27544611,C,A
16,27499898,C,A
16,27518426,C,A
16,27475893,C,G
16,27499680,C,A
16,27476787,C,A
16,27481580,C,T
3,112719871,C,G
3,112710081,G,C
3,112709823,C,G
22,46725209,C,A
22,46704789,G,T
22,46724732,C,G
22,46708079,C,T
22,46704833,C,A
22,46712201,C,G
22,46722592,A,T
22,46725314,G,T
22,46709786,G,T
22,46726075,C,T
20,23346382,G,A
20,23350781,G,T
20,23345668,C,A
20,23346288,G,A
20,23350848,G,C
20,23345107,C,T
14,25101073,A,C
14,25101280,C,T
14,25101090,G,C
14,25102224,A,T
14,25102225,G,T
14,25101304,C,A
14,25101305,C,A
14,25101178,C,A
14,25100341,G,A
14,25101557,G,C
5,54327397,A,G
5,54326301,A,T
5,54326372,T,A
5,54326405,T,A
1,9324492,C,A
1,9322131,C,G
1,9324728,C,G
1,9324171,C,T
1,9324757,C,A
1,9305017,G,T
1,9323860,C,T
1,9323676,A,T
1,9324040,G,A
2,43019654,C,A
2,43010951,G,T
2,43019611,G,T
10,115334134,C,A
10,115345649,T,A
10,115348000,G,C
10,115337879,G,T
10,115335696,C,A
10,115338513,G,T
3,15628078,G,A
3,15621483,G,T
3,15621450,T,C
3,15643038,G,A
3,15642940,C,T
15,89421300,C,T
15,89421289,C,A
15,89424754,G,C
15,89421372,C,A
15,89424732,C,A
15,89422412,C,A
15,89421205,T,A
15,89421266,G,A
14,23421791,C,T
14,23421768,T,C
14,23421778,C,A
14,23424312,G,A
5,156482482,G,T
5,156476071,T,A
5,156482498,A,T
5,156479505,C,A
5,156482344,G,T
5,156476144,G,A
5,156479556,C,A
5,156464287,A,C
5,156484956,A,T
5,156469690,C,A
5,156484989,G,T
5,156464271,G,A
5,156479611,C,A
5,156469677,C,A
5,156479590,G,A
5,156456733,A,G
5,156479455,G,T
5,156479450,T,C
5,156479602,G,T
5,156482498,A,G
5,156464332,G,A
5,156479626,G,A
11,5247887,G,T
11,5248282,G,T
11,5246903,G,A
11,5246739,C,A
11,5246887,C,A
11,5246896,G,T
11,5246840,G,T
11,5247899,C,A
11,5248264,A,T
X,153223313,A,T
X,153225597,G,T
X,153225598,G,T
X,153219760,A,T
X,153217335,C,A
X,153224149,C,T
X,153227707,G,A
X,153221828,G,C
X,153236139,G,T
X,153221812,C,T
X,153220568,G,A
X,153220590,G,T
X,153221721,G,C
X,153216379,T,G
X,153217516,G,T
X,153219071,C,A
X,153229610,G,T
X,153220946,C,A
X,153221645,C,A
X,153218232,G,T
X,153220004,C,T
X,153228790,G,A
X,153215033,G,T
X,153223608,G,A
X,153215717,G,A
X,153222782,G,T
X,153220719,G,T
X,153215989,C,A
X,153220168,G,T
X,153225260,C,G
X,153230086,C,A
X,153219910,G,A
X,153215763,T,C
X,153227748,G,A
20,30659556,G,T
20,30681810,G,A
20,30659585,G,A
20,30689156,G,T
20,30671745,C,G
20,30659562,G,T
20,30686915,C,A
20,30672297,C,T
20,30661548,C,T
20,30662476,A,T
20,30689371,G,A
20,30662469,G,T
20,30689308,C,A
20,30689292,C,A
20,30667608,G,T
20,30676371,G,A
20,30671791,C,G
20,30667605,G,C
20,30686834,C,A
20,30686860,T,A
20,30689307,C,A
20,30672333,G,T
20,30662458,C,A
3,13545601,C,G
3,13544469,G,A
3,13543374,C,T
3,13543403,G,T
3,13546094,C,G
3,13546226,C,G
3,13546070,A,G
6,114277315,G,A
6,114281109,C,A
6,114281153,C,G
6,114262225,G,A
6,114277837,G,C
6,114279863,C,A
6,114270215,C,T
6,114264527,C,T
6,114279889,G,A
5,141008845,T,G
5,141014505,G,A
5,141016186,G,A
5,141016394,C,A
2,240016645,C,G
2,239974810,C,A
2,239990288,C,G
2,240009282,C,A
2,240056263,G,A
2,240016591,A,G
2,240036897,C,T
2,239988489,C,T
2,240033226,C,A
2,239974707,G,A
2,240085557,C,A
2,239974820,C,A
2,240036977,C,T
2,239975197,G,A
2,240036884,C,G
2,239976512,T,A
2,240066294,G,A
2,240036915,T,A
2,240011772,C,A
2,240036854,C,A
2,240111690,G,C
2,240111691,C,A
2,240016554,C,T
2,240085567,A,G
2,240011702,G,C
2,239988418,C,A
2,240085607,C,A
2,240016658,G,A
2,240033223,T,A
2,240016682,T,A
2,239976508,C,T
2,240016505,T,A
2,239976525,T,A
X,48682427,T,A
X,48661577,G,T
X,48681203,G,T
X,48663929,G,C
X,48661550,G,T
X,48673262,G,T
X,48681553,C,T
X,48681414,A,T
X,48678626,G,T
X,48661318,C,G
X,48673864,C,A
X,48663850,C,G
X,48683010,C,T
X,48663851,G,T
1,156714082,C,A
1,156714928,C,A
1,156721201,C,T
1,156713553,C,A
1,156713537,C,T
18,44662680,T,A
2,242179421,G,A
2,242195624,C,A
2,242195624,C,T
2,242179037,G,A
2,242187460,C,A
2,242202218,C,A
2,242203865,G,A
2,242174574,C,A
2,242195661,T,G
2,242187753,C,A
2,242206264,C,G
1,236755306,C,A
1,236729262,C,T
1,236719179,C,T
1,236723047,C,A
1,236719206,C,G
1,236734889,C,G
1,236751265,C,A
1,236740143,C,G
1,236719125,A,C
1,236746130,C,A
1,236751262,T,C
1,236727849,C,T
1,236722329,T,A
1,236738176,C,G
1,236719125,A,C
1,236746143,T,C
1,236766623,C,A
1,236767251,C,A
1,236759190,C,A
1,236730018,G,A
1,236766400,T,A
1,236721634,C,G
1,236737628,T,A
1,236727928,C,A
1,236754225,C,G
1,236762789,T,A
1,236737633,T,C
1,236761272,C,A
1,236732404,G,C
1,236734657,T,C
1,236760239,C,A
1,236749753,C,A
14,31762385,A,G
14,31795455,G,A
14,31813206,T,A
14,31771573,C,G
14,31778294,A,T
14,31778370,G,T
14,31849705,C,A
14,31795411,G,A
14,31855777,G,A
14,31777181,A,G
14,31852859,C,A
14,31792927,G,A
14,31852761,T,C
14,31774347,T,A
14,31774300,A,G
14,31852785,G,C
14,31765218,G,T
2,37283695,G,A
2,37235751,C,G
2,37217795,G,C
2,37284483,C,T
2,37306407,C,T
2,37302747,G,A
2,37208830,G,C
2,37247016,C,A
2,37280662,C,A
2,37304053,C,A
2,37283652,C,T
2,37217922,C,G
2,37292897,C,A
2,37227729,C,A
2,37255973,C,A
2,37289111,C,T
2,37302722,C,T
2,37234211,T,G
2,37306407,C,A
2,37276973,T,C
2,37292050,C,A
2,37208593,G,A
17,58127025,C,T
17,58144875,G,A
17,58134604,C,T
17,58124715,C,G
17,58150535,A,C
17,58134512,G,A
17,58144882,G,A
17,58149573,T,A
17,58125668,C,G
17,58120873,C,A
12,13140126,C,T
12,13142225,C,T
1,45470039,A,T
1,45474216,G,T
1,45471493,C,A
1,45472399,C,T
1,45476310,C,A
1,45470021,T,A
1,45475126,C,T
1,45473082,G,A
1,45469086,C,G
1,45472620,C,T
2,197183659,T,A
2,197187323,G,A
2,197106927,A,G
2,197184551,C,T
2,197183930,G,T
2,197172747,T,A
2,197183882,T,C
2,197105193,G,A
2,197183409,C,A
2,197184183,A,G
2,197297866,A,C
2,197298062,T,A
2,197184360,A,T
2,197189755,C,G
2,197297907,C,T
2,197143336,C,A
2,197143337,C,A
2,197208448,C,A
2,197143300,C,A
2,197171285,G,A
2,197184551,C,T
2,197189815,C,G
2,197184400,C,A
2,197080673,T,C
2,197183364,G,T
2,197185132,T,A
2,197081790,C,A
2,197183768,G,C
2,197184311,T,A
2,197081766,C,G
2,197090507,A,G
2,197298051,C,T
2,197184519,C,A
10,96306165,G,T
10,96350194,A,G
10,96306182,C,G
10,96333850,A,G
10,96333866,A,G
10,96361404,A,G
10,96361378,A,T
10,96341154,G,A
4,89608371,T,A
4,89602477,G,T
4,89591018,G,T
4,89576424,G,C
4,89577183,G,T
4,89574133,G,T
4,89591020,G,C
3,193854919,G,A
3,193854616,C,A
3,193856066,C,G
1,934952,C,T
1,935105,G,C
1,935138,G,C
6,126080723,C,A
6,126080738,C,G
6,126080810,C,T
6,126080731,C,A
6,126075617,G,C
6,126080920,C,A
6,126073183,A,C
6,126080924,G,T
6,126080673,G,A
6,126080327,A,G
6,126080786,G,T
6,126080295,T,C
6,126070978,A,T
6,126080624,G,A
6,26093018,A,T
6,26087558,A,G
3,120394669,A,C
3,120401096,G,A
3,120347143,C,A
3,120393758,T,C
3,120352002,C,A
3,120401091,A,C
3,120347097,C,A
3,120347066,A,G
3,108096133,G,A
3,108095392,C,G
3,108072463,A,G
3,108095379,C,T
3,108076997,C,A
3,108076844,A,G
17,1961716,G,A
19,46842898,C,G
19,46815639,G,T
19,46832551,A,G
19,46808501,G,A
19,46815502,G,T
19,46825041,G,T
19,46832479,G,T
19,46815926,G,T
19,46828896,G,T
19,46825057,C,G
19,46815570,C,G
19,46838184,C,A
19,46815635,A,C
19,46834463,G,T
19,46823700,C,A
6,126298798,C,T
12,123341206,A,G
12,123338594,C,G
12,123345953,C,G
12,123340888,A,T
1,114511194,C,T
1,114483059,C,G
1,114483771,G,T
1,114499307,G,T
1,114499818,C,G
1,114505013,G,C
1,114516088,G,C
1,114505025,C,G
1,114483824,G,A
1,114498234,G,T
1,114508854,C,G
1,114511088,C,T
1,114511108,G,T
1,114483044,G,T
22,19382003,G,A
22,19318997,C,A
22,19365556,G,A
22,19379649,C,A
22,19376025,G,C
22,19343313,G,A
22,19365548,C,A
22,19365549,C,A
22,19365417,C,G
22,19376021,G,C
22,19398295,G,A
1,42049210,C,A
1,42047134,C,G
1,42047885,C,T
1,42047774,C,T
1,42047885,C,T
1,41978682,C,A
1,41979091,T,C
1,41976631,C,A
1,42049869,G,T
1,42049030,T,A
1,42048667,T,C
1,42047384,C,A
1,41976690,G,A
1,42047784,C,A
1,42048561,C,G
1,41979227,C,T
1,42048566,C,T
1,41978935,G,A
1,42045856,G,T
1,42041330,C,A
1,42047825,C,T
1,42049802,C,A
1,42047512,C,A
1,41979191,G,A
1,42046898,G,T
1,42041248,C,A
1,42046279,C,G
1,42041255,G,T
1,42048156,C,A
1,42048659,C,A
1,42046123,C,A
1,42048632,T,A
1,42048678,C,G
1,42050182,G,T
10,71025520,A,T
10,71000429,G,T
10,71021021,C,T
10,70998835,G,T
10,71020921,A,C
10,71026381,G,T
10,71026382,C,T
10,71010090,C,T
10,71010295,G,C
10,71005913,C,T
10,70992644,A,T
10,70980191,A,T
10,71000488,C,A
6,29910350,G,A
6,29912033,A,C
6,29912443,G,T
6,29911194,C,T
6,32975902,C,T
6,32975906,G,A
6,32975251,G,A
6,32975163,C,A
6,32976019,G,T
6,32726867,G,A
6,32726839,G,T
6,32726626,C,A
6,29692182,C,T
6,29691171,A,T
6,29691472,G,A
17,53398040,G,T
17,53398224,G,A
17,53345303,C,A
17,53398080,G,T
17,53345382,G,T
17,53345167,G,C
17,53398181,G,A
8,28827628,A,T
8,28908626,G,A
11,118960402,G,C
11,118963717,C,T
11,118959677,G,C
11,118960719,G,A
11,118959797,A,G
11,118960770,G,C
5,43299016,C,A
5,43295893,C,A
5,43293064,C,G
5,43291140,A,C
5,43297159,T,C
5,43292707,G,C
5,43298925,G,C
5,43294159,C,T
5,43298869,A,C
5,43293009,C,A
5,43299040,C,T
5,149386189,A,G
22,35659194,G,T
22,35679974,C,T
22,35658363,C,G
22,35689737,G,A
22,35661239,G,T
22,35661297,G,T
5,162909666,C,T
5,162911107,G,T
5,162911108,G,T
5,162900425,G,T
5,162896811,G,T
5,162917412,G,C
5,162918138,G,T
14,21679518,T,A
14,21699157,C,A
14,21702250,C,A
14,21699132,G,A
4,83279893,C,A
4,83277726,C,A
4,83276523,C,A
19,39329686,T,C
19,39328075,C,T
19,39329420,T,A
19,39328054,A,T
19,39330766,A,G
19,39330790,C,G
19,39340508,C,T
1,23650093,T,C
1,23648084,C,G
1,23667394,T,A
1,23637164,C,A
1,23660011,C,A
1,23660105,C,A
1,23648100,T,A
1,245023681,C,T
1,245027246,C,A
1,245018903,C,T
1,245027132,C,T
1,245023749,G,C
1,245027438,C,A
1,245018847,C,A
1,245025941,A,G
1,245022670,C,A
1,245020929,C,A
19,19043762,G,A
14,23746388,C,G
14,23745441,G,A
14,23745473,C,A
14,23746319,C,A
14,23745935,C,A
14,23746355,T,A
14,23746238,T,A
14,23745007,C,T
14,23744965,C,A
8,42852763,G,T
8,42761346,C,T
8,42823213,G,T
8,42841873,A,T
8,42841831,G,A
8,42823316,G,T
8,42823300,G,A
8,42863022,A,G
8,42821723,C,A
8,42823172,G,T
8,42863026,G,T
8,42828457,C,G
8,42868489,A,G
8,42852780,T,C
8,42873659,A,G
4,57514834,G,A
4,57514950,T,A
4,57514943,C,A
4,57514834,G,C
7,27134078,G,C
7,27135518,C,G
7,27134253,G,C
7,27135409,C,A
7,27134105,G,T
7,27135384,C,G
7,27135364,G,T
7,27134009,A,C
7,27135347,C,A
7,27135327,G,T
7,27134950,G,T
7,27135176,A,T
7,27134064,G,A
7,27135330,G,T
7,27134229,G,C
7,27134270,A,T
7,27134888,G,T
7,27135309,G,A
7,27135155,C,A
7,27134037,G,C
7,27134297,G,C
7,27135178,G,T
7,27135400,G,A
7,27169145,G,T
7,27168919,T,C
7,27169186,G,C
7,27168988,G,T
7,27169157,C,A
7,27168806,C,A
7,27168817,T,C
17,46805354,C,A
17,46804335,G,A
17,46805973,C,A
17,46804345,A,T
17,46804384,G,T
17,46804356,G,A
17,46804240,G,C
17,46804191,C,T
17,46804379,C,A
17,46629746,C,A
17,46628451,T,A
17,46628343,G,C
17,46628190,G,T
17,46628203,G,A
17,46627923,C,A
17,46627744,A,G
17,46627701,G,T
17,46629838,G,T
17,46628225,G,T
17,46627677,C,A
17,46628425,C,A
17,46629658,G,T
17,46628303,C,A
17,46628037,G,T
17,46629586,G,A
17,46627892,C,A
17,46628146,C,G
17,46627830,C,T
17,46627886,G,C
17,46629511,G,T
17,46629913,G,C
17,46685385,T,C
17,46685423,G,T
17,46688210,C,G
17,46685369,C,T
17,46703298,C,A
17,46700481,G,C
17,46703290,C,G
17,46700106,A,G
17,46703206,C,A
17,46703128,C,T
17,46700309,G,T
17,46700214,G,C
1,21099998,C,A
1,21103111,G,A
1,21071530,C,A
1,21072078,G,A
1,21083703,G,A
1,21071536,C,G
1,21074085,C,A
1,21074086,C,A
1,21071381,G,A
1,21076452,C,T
1,21076456,T,A
1,21071429,T,A
1,21071463,T,A
1,21074149,C,A
1,45793448,G,A
1,45793403,G,A
4,95229827,G,A
4,95223336,G,A
4,95255746,C,T
4,95239050,A,T
10,100182214,C,A
10,100185701,A,T
10,100189342,C,A
10,100189559,A,T
10,100185661,C,A
10,100189563,C,T
22,26854458,C,T
22,26864523,C,T
22,26860261,G,C
22,26860454,T,A
22,26861507,C,G
22,26859974,A,T
22,26868863,G,A
22,26860631,C,A
22,26872994,T,A
22,26875276,T,C
22,26849256,G,A
22,26861450,G,A
22,26860726,T,A
4,84234281,C,A
4,84216552,G,A
4,84216631,G,A
4,84255881,C,T
11,533899,A,T
11,533462,C,G
11,533874,T,A
5,175111066,G,T
5,175111128,G,T
5,175110441,C,A
5,175110355,G,C
5,175111083,C,A
5,175110375,C,G
5,175111274,T,A
5,175110326,C,A
5,175111181,T,G
5,175110971,C,G
5,175111371,G,T
5,175111128,G,A
5,175110541,G,T
5,175111256,G,C
5,175111326,C,A
5,175110362,C,A
5,175110631,C,A
5,175110813,C,A
5,175111019,G,A
5,175110317,C,T
5,175110355,G,C
8,21986339,G,C
8,21986575,G,T
8,21986489,G,T
8,21976735,C,G
8,21986719,G,C
8,21978604,C,A
8,21984809,T,A
8,21985314,G,A
8,21977319,C,T
8,21977862,C,A
8,21974421,C,T
8,21978634,A,G
8,21977357,G,T
8,21978725,A,T
8,21977855,G,A
17,13399946,G,T
17,13399534,C,T
17,13399951,C,A
17,13399541,G,T
17,13399775,G,T
17,13399671,G,T
17,13400014,C,A
17,13400014,C,G
1,209879210,G,A
1,209880128,C,T
1,209880129,G,C
1,209879219,C,G
1,209880165,G,A
1,209878314,C,A
1,209879155,G,T
1,209878280,C,T
1,209878281,C,A
1,209907873,C,A
1,209907803,C,A
1,209879200,G,T
1,209907741,C,T
1,209878375,G,T
1,209878376,G,T
4,88258367,C,G
4,88261736,C,T
4,88231461,C,T
4,88231462,C,T
4,88243936,C,G
5,118814643,G,A
5,118867042,G,T
5,118877735,C,T
5,118866961,G,T
5,118861719,G,C
5,118865602,G,T
5,118835179,C,T
5,118824886,G,T
5,118877683,G,T
5,118813117,A,T
9,115216390,C,T
9,115171264,C,G
21,45050336,C,G
21,45033781,G,T
21,45012209,C,A
21,45053213,C,G
6,44216503,A,C
6,44221076,C,T
6,44219848,C,T
6,44218851,G,C
6,44217272,G,T
6,44219921,A,G
6,44221294,G,T
6,44218146,A,T
12,104326111,G,C
12,104324296,G,A
12,104326685,C,A
12,104336952,A,G
12,104336420,T,A
12,104340609,T,C
12,104331491,A,T
12,104336857,A,T
12,104340715,C,G
6,31783633,G,A
6,31785428,G,T
6,31797703,C,G
14,65008589,G,T
14,65008732,G,A
14,65009161,G,T
14,65007679,A,T
14,65008401,C,A
14,65008744,G,T
14,64998641,G,A
14,65009291,A,G
14,65008250,A,T
7,75933446,G,T
1,23520676,G,A
1,23520465,G,A
1,23520331,G,A
1,23520786,C,A
1,23520467,G,T
2,74758070,A,T
2,74757512,G,T
7,48016360,C,A
7,48007507,T,A
7,48015209,C,A
7,48007448,G,A
X,53579703,C,G
X,53571684,C,G
X,53571710,C,A
X,53579641,C,T
X,53578370,G,A
X,53574724,C,A
X,53644083,C,A
X,53652124,G,A
X,53641565,C,T
X,53657915,C,T
X,53566626,G,A
X,53675171,G,A
X,53652935,C,G
X,53641577,T,A
X,53571562,G,T
X,53642720,C,A
X,53643940,C,T
X,53634608,T,A
X,53610524,C,A
X,53607906,G,T
X,53596699,A,T
X,53641508,C,G
X,53616620,G,T
X,53634598,C,T
X,53574893,G,C
X,53610740,C,A
X,53571671,C,A
X,53575917,C,A
X,53592128,G,C
X,53674396,A,T
X,53586327,T,A
X,53578393,G,T
X,53585707,C,A
X,53642779,G,C
X,53617988,G,T
X,53672342,C,G
X,53661217,C,T
X,53607798,T,A
X,53579742,C,T
X,53655812,G,C
X,53610529,T,C
X,53574963,T,A
X,53652819,C,A
X,53577916,G,C
X,53573739,C,A
X,53596787,C,T
X,53591627,C,A
X,53563173,C,A
X,53581872,G,A
X,53629547,C,A
X,53563456,G,C
X,53612061,T,C
X,53616745,C,A
X,53652897,T,G
X,53560975,G,T
X,53644371,G,A
X,53566629,T,A
X,53578038,C,A
X,53578301,C,A
X,53611279,G,T
3,50338129,C,T
3,50338079,G,A
3,50340020,G,C
3,50339834,C,T
11,118917347,C,A
11,118922237,T,C
11,118926253,C,G
11,118926026,A,C
11,118925964,C,A
11,118918710,T,G
11,118926514,T,C
11,118916543,C,A
11,118925362,G,C
11,118918745,C,A
11,118925328,G,A
11,118926013,C,A
2,9614744,C,T
6,82901516,T,A
6,82924269,T,C
6,82910358,A,G
6,82927845,A,T
6,82911190,A,T
6,82906044,T,A
6,82910357,T,G
6,82950120,C,A
6,82950159,C,A
6,82950204,C,A
6,82936912,G,T
6,82900984,T,A
6,82924119,C,T
6,82924358,C,G
2,203644316,C,T
2,203653802,C,T
2,203690338,T,A
2,203644330,G,A
2,203693772,T,A
2,203686132,C,T
2,203682252,C,T
2,203653590,G,A
19,10381832,C,T
19,10385516,G,C
19,10395637,C,G
19,10395858,C,T
19,10395578,G,C
19,10405196,C,T
19,10403724,G,C
19,10402220,G,A
19,10403740,C,T
19,10405245,C,G
19,10404521,G,A
19,10405227,G,T
1,6294468,G,C
10,94297241,G,A
10,94264609,C,T
10,94297256,T,C
10,94291554,C,A
10,94230104,T,A
10,94223586,G,T
10,94246967,G,A
10,94264645,G,C
20,2644634,C,A
20,2641147,C,T
20,2641351,C,A
20,2641185,G,A
20,2639447,T,C
X,153052507,T,A
X,153051701,C,A
X,153051378,C,A
X,153052271,G,A
X,153051277,G,T
X,153051458,C,A
X,153055722,C,A
X,153052970,G,T
10,1089975,T,A
10,1088655,C,A
8,39776358,C,A
8,39785377,G,T
8,39782849,G,T
8,39775455,T,A
X,148568768,T,G
X,148607489,C,A
X,148564646,G,A
X,148564249,C,T
X,148564704,G,A
X,148568579,C,T
X,148585771,G,C
X,148607432,C,A
X,148564645,C,T
X,148584925,T,A
X,148585762,C,A
X,148578033,C,A
X,148564256,G,C
X,148579784,C,A
1,159002342,A,T
1,158988130,C,G
1,158986358,C,A
1,159002405,G,A
1,158970061,C,A
1,158970048,C,A
1,159021489,T,C
1,159021490,G,T
1,159023471,G,A
1,158990277,C,A
1,158970088,A,G
1,158990202,A,C
1,158988382,G,A
1,159019381,T,G
1,159023409,A,T
1,158990263,C,T
1,159019282,G,T
1,159002362,C,G
1,159002296,G,A
1,158988421,G,T
1,158984538,G,A
1,159023359,C,G
1,159023414,A,C
1,159021577,G,C
1,159023368,A,T
10,91163424,G,C
3,50330118,C,A
3,50326124,C,A
3,50330014,C,T
3,50329919,G,C
3,50330259,C,T
3,50327638,G,A
16,1636199,C,A
16,1573703,T,A
16,1608043,C,A
16,1575279,C,A
16,1639764,C,T
16,1616226,C,T
16,1616174,T,A
16,1616175,G,A
16,1573581,C,A
16,1574791,G,A
16,1621451,C,T
16,1652541,G,A
16,1634398,C,T
20,42265891,A,T
20,42271157,G,T
20,42271134,T,G
20,42265860,G,T
20,42232421,C,G
20,42233812,C,G
20,42242616,G,T
3,107881300,C,T
3,107885748,C,G
3,107938420,C,G
12,110628820,G,C
12,110581239,T,A
12,110655869,A,C
12,110574609,G,A
12,110618328,G,A
12,110570411,A,G
15,65678309,C,T
15,65682492,C,A
15,65678331,C,T
15,65677328,C,A
15,65703463,C,T
15,65684694,C,T
15,65682627,C,T
15,65684634,G,A
15,65676739,A,G
15,65682635,C,T
15,65680855,C,A
15,65678177,T,C
15,65684477,T,A
15,65678341,G,C
15,65684551,C,A
15,65681620,A,G
15,65682616,C,G
15,65676637,G,T
15,65702623,C,A
15,65681694,C,T
15,65702515,C,A
15,65702613,C,A
15,65702614,C,A
15,65676610,G,T
15,65686837,G,A
15,65677373,C,A
15,65702597,C,A
6,160468351,G,T
6,160482939,G,T
6,160466889,C,G
6,160430048,C,G
6,160494911,C,G
6,160523695,G,C
6,160494947,C,T
6,160494825,G,A
6,160510170,A,G
6,160477509,G,A
6,160499257,A,T
6,160430102,G,C
6,160455534,T,G
6,160494948,G,T
6,160494963,G,T
6,160468875,C,A
6,160464296,G,A
6,160511111,G,T
6,160454099,C,G
6,160510945,C,T
6,160517644,G,T
6,160510217,G,T
6,160485539,C,T
6,160485548,C,A
6,160496975,C,T
6,160514939,G,A
6,160494822,G,T
6,160506118,G,T
6,160453657,C,G
6,160523633,G,T
6,160480035,G,T
6,160468236,A,G
6,160505029,G,A
6,160484449,G,T
16,1841591,G,C
16,1841461,G,A
16,1842110,G,C
16,1841019,C,T
2,217541586,C,T
2,217543651,G,T
2,217543652,G,T
2,217543705,G,C
2,217543575,G,T
2,217542840,T,G
1,18692014,A,T
1,18691801,A,C
1,18703331,G,T
1,18691805,G,T
1,18554472,G,A
1,18688691,C,A
1,18692124,G,T
1,18704875,A,G
1,18554486,G,T
1,18661395,G,T
1,18691926,G,T
1,18691759,C,A
1,18554453,G,T
1,18661461,G,C
1,18661436,G,C
7,50467627,C,A
7,50459428,C,A
7,50367289,G,T
7,50450313,T,A
7,50450272,C,T
7,50459490,G,T
7,50444306,C,A
7,50455145,G,T
7,50468246,T,A
7,50450323,G,T
7,50468139,G,C
7,50435967,G,T
7,50467763,C,T
7,50455159,C,G
7,50444256,G,A
7,50444305,G,A
7,50459442,C,G
7,50467635,C,G
7,50444477,A,G
7,50468225,G,T
7,50367228,C,A
7,50450266,C,T
7,50468265,G,T
7,50468266,G,T
10,124753978,C,G
10,124753980,G,T
10,124753876,T,C
1,67804386,G,A
1,67833708,G,T
1,67787288,C,G
1,67816660,C,T
1,67787401,C,G
1,67852300,T,A
1,67845698,C,A
1,67833639,G,A
1,67795367,T,A
1,67786058,C,A
1,67792502,A,G
1,67816592,T,C
1,67795269,G,T
1,67861719,G,C
1,67816597,G,T
1,67816615,G,C
1,67861257,C,T
1,67795397,C,T
1,67795310,A,G
1,67861914,C,A
1,67861787,A,G
4,142641641,T,C
4,142640615,G,T
4,142640531,G,T
4,142640546,G,A
4,142643115,G,T
4,142653921,G,C
4,142653990,A,G
4,142641718,G,T
11,71712974,G,A
2,103040797,G,T
2,103057795,G,T
2,103068359,A,G
2,103061712,G,C
2,103068532,C,A
2,103068525,A,T
2,103061650,A,G
2,103061734,G,T
2,103040304,C,T
2,103039720,C,A
2,103063530,T,A
2,103040355,A,T
2,103053770,G,A
2,103068670,G,T
2,103067322,G,A
2,103040548,A,C
2,103063627,G,T
2,103061723,G,C
2,103040277,C,A
2,103061716,G,T
2,103061710,C,G
2,103068613,G,A
2,103040430,A,T
2,103040329,C,A
2,103053705,C,G
2,103061680,G,C
2,103068614,G,T
2,103040348,G,T
2,102626214,G,T
2,102632444,G,A
2,102641036,G,A
6,137325893,T,C
6,137323275,C,T
6,137322794,G,A
6,137323091,C,T
6,137330566,G,T
6,137322846,C,T
16,27455949,G,A
16,27460101,G,A
16,27448847,C,T
16,27457349,C,A
16,27456035,C,A
16,27460382,G,T
16,27454287,G,C
16,27445756,G,T
16,27460562,C,A
16,27456538,C,G
16,27455868,G,T
16,27454429,T,A
16,27460064,G,T
16,27454428,C,A
16,27460310,C,A
16,27459815,C,T
16,27460086,A,T
16,27460222,C,A
16,27445722,G,T
16,27460293,C,A
16,27441410,C,A
16,27456509,G,T
16,27448890,C,A
16,27459937,A,G
16,27441392,C,A
16,27460516,C,A
16,27459864,G,T
1,24447964,G,A
1,24465126,C,T
1,24463712,G,A
1,24469567,C,A
1,24463630,G,C
1,24449853,G,T
1,24460774,C,G
1,24463757,C,A
5,55168222,G,A
5,55168177,C,A
5,55212572,T,C
5,55212886,G,T
5,55212517,G,C
5,55212826,A,G
5,55168206,C,T
5,55212558,G,A
5,55164699,G,A
5,55212886,G,C
5,55185898,C,T
5,55201965,C,A
5,55179017,C,A
5,55212479,T,A
5,55202103,G,T
5,55204136,G,A
5,55209304,G,T
16,27374420,G,A
16,27375238,G,T
16,27375238,G,T
16,27373906,C,T
16,27374394,G,T
16,27374557,A,G
16,27374034,A,T
16,27367205,G,T
16,27363913,G,A
16,27374684,C,T
16,27373982,G,T
16,27373960,G,A
16,27373726,C,G
16,27375021,C,T
16,27356218,G,T
16,27373880,G,T
16,27375204,G,A
16,27353517,A,G
3,3134047,C,G
3,3118234,G,A
3,3144499,G,T
3,3139822,T,C
3,3139691,C,T
3,3111863,G,A
3,3139591,G,C
3,3131935,A,T
3,3111821,C,A
3,3111820,A,T
3,3136995,A,G
3,3139640,C,T
3,3143466,C,A
3,3139623,G,T
3,3111859,C,A
1,154422387,G,C
1,154437778,G,T
1,154401785,G,T
1,154420621,G,C
1,154422427,G,C
1,154401818,G,T
1,154437868,G,A
1,154408534,G,T
1,154437894,G,T
1,154401899,A,T
1,154403007,G,T
1,154422396,A,T
5,55252045,C,T
5,55238511,T,A
5,35857044,C,T
5,35876290,T,A
5,35876488,C,T
5,35876508,G,T
5,35876369,C,T
5,35876542,A,C
5,35876181,C,A
5,35876359,C,A
5,35871289,C,A
5,35875721,G,T
5,35873614,C,A
5,35876651,G,C
5,35876369,C,A
5,35871201,A,G
5,35875817,T,G
5,35873695,G,T
5,35876564,G,T
5,35876392,A,T
5,35873614,C,A
5,35857042,G,A
5,35871288,C,A
5,35875776,C,G
5,35873713,T,A
5,35876103,A,T
5,35873732,G,T
5,35876378,C,A
5,35871293,A,C
5,35876570,C,A
5,35856993,C,A
5,35873708,C,A
5,35874576,C,A
5,35867450,A,G
5,35874618,C,A
5,35876479,G,T
5,35857137,G,T
5,35871178,G,T
5,35867563,T,C
5,35876456,C,G
19,10794217,A,T
19,10790525,A,G
19,10793909,G,C
19,10789315,G,T
19,10795018,C,T
19,10799240,G,T
19,10800252,C,T
19,10790603,G,T
19,10794699,C,T
11,6630604,G,C
11,6630032,C,G
11,6630369,C,T
7,110526649,C,A
7,110526731,C,A
7,110603617,G,A
7,110303633,C,A
7,111127317,G,T
7,110526703,G,C
11,61897767,G,A
11,61897668,G,A
11,61897383,G,T
11,61897387,G,T
11,61897398,G,T
11,61913164,G,T
11,61897576,C,A
11,61905444,G,T
11,61917542,C,G
11,61897761,G,T
11,61897384,G,T
11,61897893,G,A
11,61908404,C,G
11,61898026,A,T
14,105175030,A,G
14,105170250,C,T
14,105176007,C,G
14,105180791,G,T
14,105180792,A,T
14,105181143,C,T
14,105169539,C,T
13,111367734,G,T
13,111367917,G,T
13,111367918,G,T
13,111371668,G,T
13,111372015,C,T
13,111367799,C,T
13,111368348,G,C
13,111371692,G,A
7,120610881,C,T
7,120608008,A,G
7,120606714,G,T
7,120596228,G,A
7,120608099,G,C
2,121107308,G,T
2,121107088,C,T
2,121104187,C,T
2,121107013,G,T
2,121107445,G,T
2,191235886,G,T
2,191231523,G,C
2,191236211,C,T
2,191233942,G,T
2,191224786,G,T
2,191231510,G,A
2,191235767,G,T
2,191236092,G,T
2,191235815,G,T
17,1417237,C,A
11,71946456,G,A
11,71949314,A,G
11,71944716,G,A
11,71948755,G,T
11,71946167,C,G
11,71944745,G,T
11,71948775,G,T
11,71949406,G,T
11,71939252,C,A
11,71948308,C,A
11,71940249,G,T
11,71942060,G,T
11,71949145,G,T
11,71946219,C,T
11,71949338,G,T
7,155095541,C,T
9,5233852,G,A
9,5231714,C,A
9,5233662,T,C
9,5231684,C,T
7,1526401,T,A
7,1523329,T,C
7,1512766,C,T
7,1538937,C,G
7,1538688,G,A
7,1523719,G,A
7,1527480,C,A
7,1513272,T,C
7,1538656,C,A
7,1517560,A,G
7,1536898,C,A
7,1523390,C,A
7,1535125,C,A
7,1539247,C,A
7,1524941,G,A
7,1521021,C,A
7,1522161,C,A
7,1522434,C,A
7,1522435,C,G
7,1516224,C,A
7,1525131,C,A
7,1519139,C,G
7,1519959,G,A
7,1523686,C,G
7,1520047,C,A
7,1539142,C,G
7,1517509,G,C
7,1535817,G,A
7,1539894,C,A
11,77672185,C,A
11,77702207,C,T
11,77671418,C,A
11,77671419,C,A
11,77630019,T,A
11,77705651,G,A
11,77689934,C,A
11,77690143,G,C
11,77632422,G,A
11,77635818,T,C
11,77635798,C,T
11,77705651,G,C
11,77635810,C,A
11,77635811,C,A
11,77618829,T,C
11,77639510,C,G
11,77635773,T,A
11,77589954,G,C
11,77702195,C,T
3,48728744,C,G
3,48726111,G,A
3,48725789,C,T
3,48726009,G,A
1,44432092,C,G
1,44432190,G,T
1,44429990,A,C
1,44415696,A,C
1,44415697,G,C
1,44423693,A,G
1,44422231,G,T
1,44432217,G,T
1,44422327,A,C
1,44424492,C,G
1,44415552,C,T
1,44433011,A,G
14,24652208,C,T
14,24652821,C,T
14,24656911,G,A
14,24652867,G,T
14,24656934,C,A
14,24653082,G,C
14,24655132,C,T
13,98658478,A,T
13,98641395,G,A
13,98666432,A,T
13,98641412,T,A
13,98673309,G,C
11,9431591,T,C
11,9466700,A,T
11,9450370,G,T
11,9466809,G,T
11,9455345,C,T
11,9431505,C,T
11,9435846,A,T
11,9438673,T,C
11,9463643,A,G
11,9430161,A,G
2,237308121,T,C
2,237415899,C,A
2,237415979,C,T
2,237405897,C,T
2,237395535,T,C
2,237276907,C,A
2,237374189,C,A
3,121527778,C,G
3,121547451,G,A
3,121547406,G,A
3,121544910,G,T
3,121544968,A,C
3,121507280,C,A
3,121491545,C,A
7,2611888,G,T
7,2617908,G,C
7,2608599,G,T
7,2638184,G,T
7,2645525,C,T
7,2608628,C,T
7,2608633,A,T
5,75893271,T,A
5,75998366,G,C
5,75954415,A,G
5,75757421,G,A
5,75950816,T,A
5,75997028,C,G
5,75858224,G,T
5,75950036,G,A
5,75996968,G,T
5,75997019,G,T
5,75954354,T,A
5,75979701,A,T
5,75893301,G,C
5,75893302,G,T
5,75932977,A,G
5,75954465,G,A
5,75996966,C,A
5,75960891,G,T
5,75902092,G,T
5,75964577,T,A
5,75923290,A,T
5,75932931,A,C
5,75902107,C,T
5,75967799,G,A
5,75970390,G,T
5,75993854,G,T
5,75991309,C,A
5,75858378,G,A
5,75885525,C,G
5,75886333,G,A
5,75907006,G,T
5,75979598,C,T
5,75906931,A,G
5,75948601,G,T
5,75936794,G,T
5,75954410,G,A
5,75989204,G,T
5,75967608,C,T
5,75978942,C,A
5,75888672,A,G
12,247543,C,A
12,247571,C,A
12,247771,C,G
12,248457,C,T
12,250283,C,T
12,280452,C,G
12,283906,C,G
12,280294,G,C
12,274923,C,A
12,176452,C,A
12,250441,G,C
12,234889,C,A
12,234890,C,A
12,283807,G,T
12,176538,G,A
12,176593,G,T
12,266748,C,A
12,247661,G,T
12,247639,C,T
12,274680,C,A
12,247991,G,A
12,272696,A,G
6,79608092,A,G
6,79577239,G,T
19,50167985,A,G
19,50165692,C,T
5,3599475,G,T
5,3599727,A,T
5,3601189,G,T
5,3600222,A,G
5,3599620,G,A
5,3600327,C,T
5,3600016,G,C
5,3599657,G,C
5,3599660,C,A
5,3599702,C,G
5,3600760,G,T
5,3599344,G,C
5,3599696,G,T
5,3599613,G,T
5,3599534,G,A
5,3601195,G,C
5,3601123,C,G
5,3599846,G,T
5,3599910,G,T
5,3599693,G,T
5,3599371,G,A
5,2749827,G,A
5,2749032,C,G
5,2749726,G,C
5,2749627,T,A
5,2748643,T,A
5,2748735,T,G
5,2749778,C,G
5,2748996,C,A
5,2749503,C,T
5,2749510,G,A
5,2747690,C,A
5,2749643,G,T
5,2748737,G,C
5,2748603,G,T
5,2749567,T,C
5,2749646,G,A
5,2748676,G,A
12,108962736,C,T
12,108958090,G,T
12,108962775,C,T
12,108959109,G,A
12,108957910,G,C
1,156697421,C,G
1,156697019,C,G
1,156696732,A,C
1,156697502,A,G
20,33068415,T,C
20,33028041,C,G
20,33012316,C,A
20,33028121,C,T
20,33067498,A,T
20,33001615,G,T
20,33033185,C,G
20,33026420,C,T
20,33068500,A,G
20,33077155,G,A
20,33068418,G,T
12,2933024,G,T
12,2932973,C,T
12,2930910,A,T
12,2932953,G,T
12,2927444,G,A
12,2927335,G,T
12,2930955,C,T
15,68657091,C,A
15,68620471,G,A
15,68643001,C,G
15,68623343,G,T
15,68606130,C,A
15,68653962,G,C
15,68649486,T,A
15,68609676,C,T
15,68695330,G,A
15,68631862,G,T
15,68628073,G,T
15,68596157,G,A
15,68631901,G,A
17,48153965,G,T
17,48156231,G,T
17,48166487,A,G
17,48148264,G,T
17,48151853,C,G
17,48153757,C,T
17,48156475,G,T
17,48153048,C,T
17,48165711,C,G
17,48166490,G,T
17,48156482,G,T
17,48166535,T,C
12,54797513,G,A
12,54802718,G,A
12,54797467,G,T
12,54799678,G,T
12,54805709,G,T
12,54793518,T,A
12,54797060,T,A
12,54789949,C,G
12,54801969,C,A
12,54797565,T,A
17,3704452,G,A
17,3649126,A,C
17,3663536,G,T
17,3635676,G,T
17,3661042,G,C
17,3663533,G,A
17,3704482,C,A
17,3649219,G,T
17,3655072,G,A
17,3657179,G,A
17,3649152,C,A
17,3649189,C,A
17,3662735,C,T
17,3651249,C,G
17,3660394,C,T
17,3704527,C,A
17,3660400,G,T
17,3680873,C,A
17,3656700,G,T
17,3638115,T,A
17,3649080,A,G
17,3657184,G,A
16,30528393,T,A
16,30516573,G,T
16,30492758,A,G
16,30495236,G,A
16,30495497,G,A
16,30507518,G,T
16,30510525,C,A
16,30522454,A,T
16,30486638,G,T
16,30490755,G,A
16,30500676,A,G
16,30490663,G,C
16,30486636,G,A
16,30510692,A,T
16,30532924,G,C
16,30529959,C,G
16,30505629,A,T
16,30516760,G,A
16,30518166,G,C
16,30505572,C,T
16,30490717,G,A
16,30490775,C,A
16,30500431,C,T
16,30521709,G,T
16,30486882,C,A
16,30486883,C,A
16,30500470,C,T
16,30490502,A,C
16,30490510,G,T
16,30532894,G,A
16,30505533,G,T
2,187466749,C,T
2,187533638,G,A
2,187506203,A,G
2,187531956,G,T
2,187540632,A,T
2,187529274,A,T
2,187455108,G,T
2,187531903,C,A
2,187529903,G,T
2,187528564,T,C
2,187495542,G,T
2,187529295,G,T
2,187455063,G,A
2,187533538,A,T
2,187506124,T,C
2,187529932,A,G
10,33190488,C,T
10,33190513,C,G
10,33209284,G,A
10,33214840,C,T
10,33221494,T,A
10,33200418,C,T
10,33217116,C,A
10,33212596,C,T
10,33214878,A,G
17,45368339,A,G
17,45360745,G,C
17,45376752,C,G
17,45376866,C,A
17,45376867,C,A
17,45361973,C,A
17,45363775,C,A
17,45384961,C,T
17,45351865,G,A
17,45361879,G,C
17,45362041,C,A
17,45362042,C,A
17,45376782,T,A
17,45361945,C,T
17,45361827,C,G
17,73736056,C,T
17,73753064,G,C
17,73723516,C,T
17,73748613,C,T
17,73735773,G,A
17,73735960,G,A
17,73725496,C,G
17,73748287,G,A
17,73750667,G,A
17,73738525,G,T
17,73738716,G,T
17,73736482,G,A
2,161056565,C,T
2,160983017,C,T
2,160964216,C,G
2,161029180,G,C
2,161051903,T,G
2,161056554,G,T
2,160958301,A,G
2,160994585,C,A
2,161056643,G,A
2,160994645,T,A
2,160964351,G,A
2,161025799,T,C
2,161052915,G,C
13,102227855,G,T
13,102359225,G,T
13,102250614,G,T
13,102344976,G,T
13,102220091,G,A
13,102220103,G,T
13,102367988,G,C
13,102235682,C,A
13,102366809,G,T
13,102105209,T,C
13,102105126,C,T
13,102231698,G,T
13,102235704,C,A
13,102250501,A,T
13,102367914,G,T
13,102105091,C,A
13,102235664,T,A
13,102250508,G,T
13,102359164,C,G
13,102231637,G,T
13,102105181,C,A
5,156672899,T,A
5,156608060,G,T
5,156679624,A,G
5,156649936,C,A
5,156659381,G,T
5,156675975,C,A
5,156679713,G,T
5,156638348,C,A
5,156608054,T,C
5,156668716,C,A
5,156649954,C,A
5,156635952,A,C
5,156671316,T,A
5,156670710,G,T
5,156671307,G,T
5,156672923,C,A
5,156671297,C,A
5,156679719,G,T
5,156655369,T,A
5,156608057,C,T
5,156608074,G,T
X,78622629,C,T
X,78618573,C,A
X,78616925,C,T
X,78618173,G,T
X,78618510,C,T
X,78616643,C,A
X,78618125,T,A
X,78618448,G,T
X,78618468,G,A
X,78618150,G,C
X,78616521,T,C
X,78618572,C,A
X,78616853,G,A
13,48828025,G,T
13,48832951,C,T
14,93412689,G,C
14,93408113,C,A
14,93408241,C,A
14,93412788,C,A
14,93408209,G,T
14,93412782,G,A
19,41223332,G,C
19,41235228,G,T
19,41223333,C,T
19,41245390,G,T
19,41231331,T,G
2,24533250,C,T
2,24522911,C,A
2,24475348,C,G
2,24498701,G,T
2,24535184,C,T
2,24550935,G,A
2,24443606,C,A
2,24533223,G,C
2,24432712,T,C
2,24516556,C,G
2,24426444,C,A
2,24480909,C,G
2,24533500,T,A
2,24443819,C,A
2,24522942,C,G
2,24523004,C,G
2,24507633,T,A
2,24484500,T,C
2,24483995,C,T
2,24432687,C,T
1,185270131,C,G
1,185270129,C,T
1,185278533,G,T
1,185268723,G,C
1,185270164,T,A
1,185270182,C,T
1,185270341,G,C
1,185278149,A,G
1,65323402,C,G
1,65325846,C,A
1,65332725,C,A
1,65300289,T,A
1,65323453,G,A
1,65335000,T,C
1,65332689,C,T
1,65349142,T,C
1,65321352,C,G
1,65330594,T,C
1,65349110,T,C
4,6043931,G,T
4,6055780,G,C
4,6066733,C,A
4,6107526,C,A
4,6066717,A,C
4,6082016,C,T
4,6114578,G,T
4,6064133,C,A
4,6042384,G,A
4,6114628,G,T
4,6107226,C,T
4,6083359,G,T
4,6086677,C,T
4,6087218,G,T
4,6042410,C,A
4,6114572,C,T
4,6080691,C,T
4,6087184,G,T
4,6064087,C,T
4,6082017,G,T
4,6107499,C,G
19,51013625,C,G
19,51010941,G,T
8,75227431,C,A
8,75227126,G,A
8,75227253,C,T
8,75156810,G,A
8,75156935,T,C
8,75156820,G,C
8,75227664,C,A
8,75227268,C,T
8,75227127,C,T
8,75227749,C,T
8,75156976,C,A
8,75156954,C,A
8,75149448,C,G
8,75156961,C,A
8,75157169,A,T
8,75227264,C,A
8,75227360,C,A
20,42815047,G,C
20,42814998,G,A
20,42788302,G,T
20,42747215,C,T
20,42815293,C,A
20,42747205,G,A
20,42815287,C,A
20,42815288,C,A
20,42744380,C,G
20,42788290,G,T
20,42747168,A,C
20,42788419,G,A
20,42815297,C,A
20,42788415,C,A
20,42788652,C,T
20,42788372,C,A
20,42815314,C,T
14,24040527,C,T
14,24046650,C,T
14,24040607,C,T
14,24040372,G,A
14,24045665,C,T
14,24044916,G,A
14,24041068,C,T
14,24041069,C,T
19,2252613,C,G
19,2252606,G,C
19,18391641,T,A
17,39913690,G,T
17,39919432,C,A
17,39927916,C,G
17,39925303,G,T
13,30814603,T,C
13,30801606,T,C
13,30829613,C,A
13,30784488,C,A
3,127702994,A,G
3,127642718,G,C
11,47598967,G,C
11,47599071,C,G
11,47599534,C,A
13,41705328,C,A
13,41704875,C,T
13,41705374,C,T
13,41704889,C,T
13,41705410,T,C
13,41706138,C,T
13,41706012,C,A
13,41704721,C,G
13,41705320,C,T
3,67054667,G,C
3,67053833,G,T
3,67054205,A,T
3,67054199,C,T
3,67053653,C,G
3,67054223,C,T
3,67054705,G,T
3,67053805,A,G
3,67053973,C,A
3,67053770,G,T
3,67058585,G,T
3,156234078,G,C
3,156009858,G,T
3,156170725,G,T
3,155838622,C,A
3,156175266,G,A
3,156175293,G,C
3,155861016,G,T
3,155861079,C,T
3,156249251,C,A
3,155860909,C,A
3,156009877,C,T
3,155861005,G,T
3,156175289,C,G
3,155838505,C,A
3,155838414,G,C
3,155861203,C,A
3,156009835,G,T
3,156009765,C,A
3,156234123,G,A
3,156009789,T,C
3,156009858,G,T
1,6147562,G,T
1,6154523,G,A
1,6154459,G,C
1,6142306,G,C
1,6147535,G,T
1,6158655,C,A
1,6147572,G,T
1,6150513,G,T
X,48826303,C,G
X,48825920,G,T
X,48826129,C,A
X,48822640,G,A
X,48826000,A,G
X,48826315,C,A
X,48825726,G,A
X,48820029,T,A
X,48822636,C,A
21,35821695,C,T
21,35821633,C,A
12,49937805,G,A
12,49950228,G,A
12,49934881,G,T
12,49950989,C,T
12,49943902,G,A
12,49951180,T,G
12,49951281,G,A
12,49951667,G,T
12,49937734,A,C
12,49938099,G,A
12,49933244,G,A
12,49944096,C,T
12,49951865,T,A
12,49951615,C,A
12,49948284,G,T
12,49935463,G,A
12,49943404,A,G
12,49937199,A,G
12,49951315,C,T
12,49949578,G,A
2,96049772,T,C
2,96047375,G,C
2,96047361,C,T
2,96040954,G,A
2,96040128,C,G
2,96040611,C,G
2,96040643,C,T
2,96012782,C,A
1,160012018,G,C
1,160011410,T,C
1,160011198,G,T
1,160012206,C,G
1,160011696,A,T
1,160012258,C,G
1,160011947,G,T
1,160012135,T,G
1,160012317,C,A
1,160012237,C,T
17,68128878,G,T
17,68128937,G,T
17,68128375,C,A
17,68129578,G,T
17,68128776,G,T
17,68128495,C,A
17,68128830,G,T
17,68128471,T,A
17,68129281,C,A
17,68128403,G,T
17,68129006,G,C
17,68128272,C,A
17,68128529,G,C
17,68128383,G,T
17,68128429,C,T
17,68128525,T,C
17,68128951,C,G
17,68128795,T,G
11,128781086,G,T
11,128786320,C,A
11,128781777,C,A
11,128781289,C,T
11,128781254,C,A
11,128786491,G,A
11,128781306,C,T
11,128781998,C,A
11,128781592,T,G
11,128781480,C,T
11,128781554,G,T
11,128786482,G,C
11,128786524,G,T
11,128786413,C,A
11,128786363,T,A
11,128786460,A,T
2,26951064,C,A
2,26950683,G,T
2,26915939,G,T
2,26950582,A,T
2,26950927,G,T
2,26951259,C,T
2,26950806,C,T
2,26950617,C,T
2,26951265,G,T
6,39159210,C,A
6,39158990,C,A
6,39162477,G,C
5,169805858,G,A
5,169805873,G,A
5,169805970,T,A
5,169805926,C,A
5,169810738,G,T
5,169812334,G,T
5,169810693,T,C
5,169805586,G,T
5,169812349,C,A
5,169812350,C,A
5,169812417,C,A
5,169810651,A,C
5,169805729,G,T
5,169805721,G,C
5,169805827,C,T
5,169812331,G,A
5,169805725,G,T
3,178961026,T,A
3,178984520,T,C
3,178984583,G,T
8,133196529,C,A
8,133492653,C,A
8,133141656,C,A
8,133142196,C,T
8,133187730,C,T
8,133492609,G,A
8,133141672,C,A
8,133192474,C,T
8,133187712,C,A
8,133141335,G,C
8,133196585,G,T
8,133192464,C,A
8,133141762,G,A
8,133196573,C,G
13,50589843,T,C
13,50589677,C,G
20,43723683,A,T
20,43723422,G,A
20,43723800,G,A
17,7256789,G,T
17,7256609,C,T
19,48887602,G,C
19,48892941,T,C
7,6502740,G,A
7,6505922,G,A
6,18207730,A,G
6,18166609,G,T
6,18222215,G,A
6,18200802,G,T
6,18222224,G,C
6,18208362,G,T
11,67018061,G,T
11,67018137,A,G
11,67021879,C,G
11,67020928,G,A
11,66948816,G,T
11,67013473,A,T
11,67021866,C,G
11,67018026,C,T
11,67017944,A,T
11,67021837,C,T
11,66999245,G,T
11,66985245,A,G
12,442758,C,A
12,432852,G,C
12,419077,C,T
12,419116,C,A
12,442778,C,A
12,427406,G,A
12,493250,G,C
12,432318,C,A
12,463298,G,A
12,416662,G,C
12,401983,G,C
12,419030,T,A
12,404814,G,A
12,406210,G,A
12,472262,C,A
12,498227,C,G
12,427541,C,T
12,402090,C,A
X,53244010,C,A
X,53245042,G,C
X,53239738,T,C
X,53228025,C,A
X,53227964,C,A
X,53230827,C,T
X,53225896,C,A
X,53222721,C,T
X,53222185,C,G
X,53222385,G,A
X,53222148,G,A
X,53243952,G,A
X,53254005,C,T
X,53245268,G,C
X,53230770,G,A
X,53230809,G,A
X,53228302,G,T
X,53222367,C,T
X,53245159,C,G
X,53225191,C,T
X,53239923,C,A
X,53246992,C,A
X,44879872,A,T
X,44929567,A,G
X,44918511,A,T
X,44970627,G,C
X,44929405,G,A
X,44938572,C,T
X,44938440,T,A
X,44922915,G,A
X,44949010,G,T
X,44928907,C,T
X,44949026,A,G
X,44911046,A,C
X,44966737,G,T
2,27322123,G,C
2,27315292,C,T
19,6422371,T,C
19,6420440,C,A
19,6416554,C,G
19,6415180,G,A
19,6418059,C,A
19,6422415,C,T
19,6417804,C,G
19,6414097,G,C
19,6418511,C,G
4,6863370,G,T
4,6863504,C,T
4,6873323,T,C
4,6878407,G,A
4,6863978,C,G
4,6864324,G,T
4,6865249,C,G
4,6863811,A,G
4,6865424,G,T
4,6865538,A,G
4,123277817,G,C
4,123264729,G,T
4,123192197,A,T
4,123175388,A,G
4,123192676,C,G
4,123193425,C,T
4,123271219,A,T
4,123113463,A,G
4,123274259,G,C
4,123275152,T,C
4,123171706,G,A
4,123164167,G,A
4,123175486,C,G
4,123161126,G,T
4,123202897,A,C
4,123229139,G,A
4,123269788,C,T
4,123159438,G,T
4,123225987,G,A
4,123192196,C,T
4,123227198,G,C
4,123165092,C,T
4,123168473,C,G
4,123234828,G,C
4,123283358,C,G
4,123107277,C,T
4,123229169,C,A
4,123107222,A,C
4,123128714,G,A
4,123175476,A,T
4,123202794,C,T
4,123192444,C,T
4,123260563,G,T
4,123141573,T,C
4,123145791,G,T
4,123178442,G,T
4,123161088,A,T
4,123166172,C,T
4,123237904,A,T
4,123246455,A,G
4,123270673,G,T
4,123254944,A,G
4,123164214,C,G
4,123179859,C,T
4,123192465,A,T
4,123145928,T,G
4,123258169,A,T
4,123200955,A,G
4,123140583,C,G
4,123193363,A,T
4,123275169,G,T
4,123249451,G,A
4,123277052,A,T
4,123249270,G,A
4,123147883,G,T
4,123234842,G,T
4,123184651,C,T
4,123264574,G,T
4,123264575,A,T
4,123265689,A,G
4,123151364,G,C
4,123171516,G,C
4,123226112,G,A
4,123187949,G,T
4,123255688,C,T
4,123192815,C,G
4,123171680,G,C
4,123122203,C,T
4,123268929,G,A
4,123161381,G,T
4,123175998,G,T
4,123254837,A,T
4,123264593,C,T
4,123094284,A,G
7,138602619,C,G
7,138604031,G,A
7,138602485,T,A
7,138536986,C,A
7,138601707,C,A
7,138579244,C,A
7,138579145,G,A
7,138579146,C,A
7,138545903,C,A
7,138603939,C,G
7,138522652,C,T
7,138555917,T,C
7,138603198,C,T
7,138583815,C,T
7,138604108,G,T
7,138546052,C,A
7,138554431,C,A
7,138556069,G,C
7,138522678,C,A
7,138603645,C,G
7,138601712,C,G
7,138601522,T,C
7,138554409,T,C
6,56918096,G,C
6,56917659,C,T
6,56919043,C,G
6,56918787,A,G
6,56917955,C,T
6,56918819,C,A
6,56919147,G,T
6,56915638,G,T
20,36841559,G,T
20,36869238,G,A
20,36870109,G,T
20,36869726,C,T
20,36851985,A,T
20,36854101,G,T
20,36854137,G,T
20,36888932,G,T
20,36856578,C,A
20,36869547,C,A
20,36841717,A,T
20,36846581,G,T
20,36852001,G,T
20,36874369,C,T
20,36851966,T,A
20,36841786,C,A
20,36856570,G,A
20,36869448,G,T
20,36841670,G,T
20,36868046,G,A
20,36888966,C,T
20,36845792,C,A
20,36869715,C,A
20,36870209,T,G
20,36846581,G,T
20,36870263,G,T
20,36841992,G,A
20,36848061,G,T
20,36869143,G,T
20,36874455,G,T
20,36869629,A,C
20,36874333,A,T
20,36848065,G,A
20,36854000,G,T
20,36868037,C,A
20,36856552,G,A
20,36869019,G,T
20,36870200,G,A
20,36870201,G,T
20,36870091,C,A
20,36842064,G,C
20,36846687,T,C
20,36874463,G,T
20,36869962,G,T
20,36841846,G,T
20,36869386,A,T
10,94381209,A,G
10,94388606,T,A
10,94393441,T,C
10,94389969,G,A
10,94368781,C,T
6,17764426,T,G
6,17764658,C,A
6,17761007,G,C
6,17794831,T,C
6,17837141,C,T
6,17799600,C,G
6,17781014,C,A
6,17834252,C,T
6,17817340,G,C
6,17809094,T,A
6,17800239,C,G
6,17817465,C,A
6,17779825,T,A
6,17837114,C,G
6,17817339,C,A
6,17781518,C,A
6,17809015,A,C
6,17764467,T,C
6,17849677,G,T
6,17849701,C,A
6,17764912,G,C
1,200587437,C,A
1,200534577,A,G
1,200534316,C,T
1,200587553,G,A
1,200587358,C,A
1,200567453,T,C
1,200574420,G,T
1,200529853,G,T
1,200558402,T,A
1,200522757,T,A
1,200539118,C,T
1,200567530,T,A
1,200522786,A,G
1,200558389,C,A
1,200567484,T,C
1,200559321,C,A
1,200559401,C,T
17,43010056,C,G
17,43011665,C,T
17,43013481,C,A
17,43005458,C,A
17,43013509,C,A
17,43012664,T,C
17,43004447,C,A
10,91497359,C,G
10,91498223,C,T
10,91469165,C,T
10,91497559,G,T
10,91497935,C,G
10,91514362,A,G
10,91497636,C,G
10,91514305,A,G
10,91468937,A,T
10,91488933,G,T
10,91479222,G,T
10,91478615,G,A
10,91522499,A,T
10,91477354,T,C
10,91465055,G,A
10,91476254,A,G
10,91533861,A,T
10,91533843,A,G
12,39751058,G,A
12,39750632,A,G
12,39713809,C,A
12,39713810,C,A
12,39734030,C,A
12,39735910,C,A
12,39751055,C,A
12,39726893,C,G
12,39726894,G,A
12,39734815,T,A
12,39726099,C,A
12,39761735,C,A
12,39752118,T,A
12,39751210,C,T
12,39701384,C,G
12,39716581,G,A
12,39734045,C,A
12,39701509,C,A
12,39698630,T,A
12,39725586,C,G
12,39763916,G,A
12,39763679,C,A
12,39752135,C,G
12,39756909,C,A
12,39705243,C,T
12,39734749,C,A
12,39703569,C,A
12,39735403,C,A
12,39735871,C,A
12,39761691,T,C
1,200977976,C,A
1,200965465,C,A
1,200945991,G,T
1,200972738,C,T
1,200969556,C,T
1,200978567,T,A
1,200960101,G,C
1,200977926,C,G
1,200965360,C,T
1,200960046,G,T
1,200965466,T,G
1,200973787,G,A
1,200973727,T,C
1,200959747,A,G
1,200946363,G,T
1,200948841,G,A
1,200974540,A,G
1,200959110,C,A
1,200971492,C,A
1,200960786,T,A
1,200959286,C,A
1,200969648,C,A
1,200968555,C,A
1,200969639,C,T
1,200971279,C,A
1,200950098,T,A
1,200945903,C,G
1,200971298,C,A
1,200950184,T,A
1,200972894,G,T
1,200961498,A,T
1,200969614,G,A
1,200967643,A,T
1,200948800,G,T
1,200974497,C,A
1,200943165,G,C
1,200971448,C,A
1,200974783,G,T
1,200977969,G,T
1,200971531,G,T
1,200960801,C,T
1,200969654,G,C
1,200960056,G,T
1,200967536,G,T
1,200959710,G,T
1,200973843,C,A
1,200943242,C,T
1,200974433,C,T
1,200955994,A,G
1,200978015,T,A
1,200959157,G,C
1,200967546,T,A
1,200965516,C,A
1,200978549,C,G
1,200950154,C,T
1,200978394,C,A
16,29816492,G,A
16,29816619,T,C
16,29810961,G,T
16,29816531,T,G
16,29816493,A,C
15,69737240,G,A
15,69721517,G,A
15,69737187,G,T
15,69709797,C,A
15,69721485,G,T
5,61676955,G,A
2,26204527,T,A
2,26204592,A,G
2,26151773,G,T
2,26203459,C,A
2,26152910,G,A
2,26151924,G,A
2,26152180,C,A
2,26203668,C,T
2,26178520,G,A
X,69622419,T,A
X,69639590,G,A
X,69622523,C,A
X,69521901,G,C
X,69563564,G,A
X,69640090,C,T
X,69563592,G,C
X,69639962,C,A
X,69516981,C,A
X,69623835,C,A
X,69623832,A,T
X,69595170,C,A
X,69516870,C,A
X,69624660,A,T
X,69595093,G,A
X,69637807,G,T
X,69550032,T,A
X,69637839,C,A
X,69622527,G,T
X,69595967,G,T
X,69640090,C,A
X,69623846,G,T
15,90190167,G,T
15,90190168,G,T
15,90172699,G,T
15,90177050,C,T
15,90172673,G,T
15,90188567,C,A
15,90172276,G,A
15,90188652,C,A
10,7801895,G,A
10,7820880,T,A
10,7829905,C,A
10,7820891,C,A
10,7822262,C,T
10,7801912,C,G
10,7822238,C,A
10,7801920,C,T
10,7805721,C,A
10,7805722,C,A
10,7820806,C,T
10,7804421,T,A
10,7801874,T,A
10,7829784,T,A
10,7801865,G,A
10,7820939,C,T
10,7808025,C,A
10,7829911,C,A
4,39436088,G,T
4,39448876,G,C
4,39408722,T,A
4,39409048,C,T
4,39439587,C,A
4,39408690,C,A
4,39408691,T,A
4,39436334,C,T
4,39448619,G,A
4,39449014,A,G
4,39408733,G,C
4,39408945,G,T
4,39439400,G,T
4,39448103,T,C
4,39448475,G,A
4,39449002,T,A
4,39448730,G,T
8,103664175,G,A
8,103663875,A,G
8,103663609,G,A
8,103663859,G,A
8,103664623,C,G
8,103666041,A,G
8,103663385,G,A
8,103667925,C,T
8,103664248,A,G
2,10186425,G,A
2,10188397,G,T
2,10192638,G,T
2,10187792,C,T
2,10192405,G,T
2,10187792,C,G
2,10188593,A,C
2,10188051,G,T
3,126062589,G,A
3,126071103,C,T
9,110249369,C,A
9,110248154,A,C
9,110249590,G,T
9,110249615,C,T
9,110249616,G,C
9,110249810,C,A
9,110248069,G,A
9,110248040,G,T
2,207988804,C,A
2,207988914,G,A
2,207945805,G,C
2,207953272,C,A
2,207988583,C,A
X,56291841,C,A
X,56291997,A,T
X,56291790,G,T
X,56296679,C,A
X,56310868,C,A
14,50177066,G,T
1,202878154,C,T
1,202863732,C,T
1,202887329,C,A
1,202880184,C,G
1,202861651,C,G
1,202888887,C,A
15,86312771,C,A
15,86312160,G,T
15,86312336,C,T
15,86311732,G,T
5,136961545,C,A
5,137056262,C,G
5,136964068,C,A
5,136963999,G,T
5,137034054,G,A
5,137028039,C,A
5,137013243,T,G
5,136969802,G,A
5,137045486,C,G
5,136974696,C,A
5,136972995,C,A
5,137045461,G,A
4,39064576,G,C
4,39109252,A,G
4,39077728,T,C
4,39109275,C,G
4,39098377,G,T
4,39105095,G,T
4,39109240,G,T
4,39116892,G,T
4,39105076,C,T
4,39105132,G,T
19,51518109,T,A
19,51520452,G,A
19,51522352,G,C
19,51518152,C,A
19,51512807,C,A
19,51483660,G,T
19,51480790,C,T
19,51480647,T,G
19,51480877,C,T
19,51480935,C,T
19,51483496,C,A
19,51483127,C,A
19,51483572,G,A
19,51480936,C,A
19,51480645,T,A
19,51483646,G,T
19,51483661,G,C
19,51480693,G,C
19,51499449,C,A
19,51501051,C,A
19,51501061,C,A
19,51503712,G,T
19,51503889,G,A
19,51506313,C,A
19,51499390,G,A
19,51499377,C,T
19,51499457,C,G
19,51503928,C,G
19,51503426,G,A
19,51506215,G,T
19,51499412,C,G
19,51503858,G,A
19,51506360,C,G
19,51506358,C,G
19,51499412,C,A
12,9997030,G,T
12,9985931,G,T
12,9995033,G,A
12,9997060,A,G
12,9985974,T,C
7,139164445,C,G
1,241752098,C,G
1,241753533,G,T
1,241753361,G,A
1,241757665,T,C
1,241714278,G,T
1,241731862,C,A
1,241752098,C,A
1,241714305,A,T
1,241729848,A,T
1,241725606,T,A
1,241712173,G,T
1,241729874,C,T
1,241725627,G,T
13,50276609,C,T
13,50307098,T,C
13,50366664,C,T
13,50275916,G,C
13,50285092,C,G
17,45748079,T,A
17,45752019,G,C
17,45752095,G,C
17,45734268,G,A
17,45734381,G,A
17,45759827,G,C
17,45748181,C,T
17,45738534,C,A
17,45755523,C,G
7,149420975,C,G
7,149418473,G,T
7,149419891,A,C
7,149430594,G,T
7,149428770,C,T
7,149419567,G,T
7,149418484,A,G
7,149430516,G,C
7,149427528,C,T
7,149420020,C,A
7,149426299,G,A
7,149425649,G,A
7,149421940,G,A
7,149423124,G,T
7,149430453,C,A
7,149430403,C,T
7,149419947,G,T
17,8273312,C,A
7,91842527,G,A
7,91870326,A,T
7,91830661,C,G
7,91851243,C,T
17,39684352,C,A
17,39684318,T,C
17,39680656,T,C
17,39680734,G,A
17,39680183,G,A
17,39684413,G,A
17,39681167,G,C
2,27666044,G,T
14,50760867,T,A
14,50778849,T,C
14,50713738,C,G
14,50760887,C,A
14,50750751,C,A
14,50750752,C,A
14,50760875,C,T
14,50735895,C,A
14,50760895,C,G
14,50734574,C,A
6,130454753,G,T
6,130455019,G,T
6,130415511,A,T
6,130392185,C,T
6,130381180,G,T
6,130374009,A,G
6,130407385,A,T
6,130378627,G,A
6,130425623,C,A
6,130399766,T,C
6,130372452,G,T
12,6886480,G,C
12,6882411,G,T
12,6887564,C,G
12,6884556,C,A
X,153707110,C,G
19,54875929,G,T
19,54867011,C,T
19,54872584,G,T
19,54872787,C,A
19,54872693,C,T
19,54868136,G,A
19,54872552,T,C
19,54876442,G,C
19,54876437,G,T
19,54867867,C,A
19,54867009,C,A
19,54866743,T,A
19,54868182,G,C
19,54866615,G,T
19,54872783,G,A
X,119582867,G,C
X,119575734,T,A
X,119576490,C,G
X,119565035,G,C
X,119573053,C,T
X,119589315,C,A
X,119575692,T,A
7,55459528,G,C
7,55468970,G,T
7,55466259,G,T
7,55468883,T,A
7,55493123,G,T
7,55467774,G,A
7,55496113,C,G
7,55468954,C,T
7,55467749,G,C
7,55467690,G,T
4,17584016,G,A
4,17597048,C,T
4,17590461,G,A
4,17586685,G,T
4,17590484,C,T
4,17585150,G,T
4,17585192,G,T
8,98827616,A,G
8,98863681,G,A
8,98787896,G,C
4,129012285,G,T
4,129035746,G,A
4,129012520,A,G
4,129043234,C,G
4,129012246,G,T
4,129012218,G,T
4,128996092,A,G
4,128998985,A,G
5,154188019,A,T
5,154173492,G,T
5,154181811,G,T
5,154172338,G,T
5,154173449,G,C
5,154183201,A,T
5,154185566,A,G
5,154191175,G,A
5,154179189,G,C
5,154181956,C,G
5,154179525,G,C
5,154185581,G,A
5,154183157,C,A
5,154173195,G,T
5,154183274,T,A
5,154172335,C,T
5,154174747,C,G
5,154169891,C,T
5,154191138,A,G
13,21557801,C,A
13,21562246,C,T
13,21549289,G,A
13,21557766,C,A
13,21557438,C,A
13,21565415,G,A
13,21620119,C,A
13,21548889,A,G
13,21549028,C,T
13,21557821,C,A
13,21548928,C,A
13,21557918,G,C
13,21565414,G,A
13,21549420,G,A
13,21549230,C,T
10,103869187,G,C
10,103869729,G,T
10,103870648,C,G
10,103870845,C,A
10,103870879,G,A
11,36103329,G,T
11,36057708,C,G
11,36248960,C,T
11,36248825,G,T
11,36057735,C,T
11,36103258,T,C
11,36103304,G,T
11,36248704,C,T
11,36250936,G,A
11,36248861,C,A
11,36103274,T,A
11,36248807,C,A
4,108991841,C,A
4,109004522,G,C
4,109084840,C,A
4,109088908,C,T
4,108991910,C,A
4,109088791,C,T
4,108985506,T,A
4,108999404,G,T
4,109088767,T,C
4,108991854,G,T
4,109000667,C,G
4,109000650,G,A
4,109084728,C,T
4,109084820,G,T
4,109004595,G,T
4,109002741,C,A
4,109086350,A,C
4,109000667,C,T
4,109086290,C,G
4,109088893,C,T
6,33756865,C,G
6,33756206,A,C
15,52258570,C,T
15,52258551,C,A
15,52246769,C,G
15,52258168,C,G
8,38257831,A,T
8,38250462,G,T
8,38258379,A,T
7,2565073,A,T
7,2566998,C,T
7,2565965,G,C
7,2565886,A,G
7,2559920,A,G
4,25005336,G,A
4,25019697,G,C
4,25013978,G,A
4,25013979,G,T
4,25014122,C,A
4,25014061,T,C
4,25005757,T,C
4,25005381,G,A
4,25014056,C,T
4,25005234,C,A
4,25005367,C,A
4,25005582,C,A
4,25014044,C,A
8,22012939,C,T
8,22006443,A,G
8,22009054,G,A
8,22005941,T,A
8,22005801,C,A
8,22009455,G,C
8,22005823,T,C
19,35617207,G,T
19,35624632,G,T
19,35616112,G,T
19,35617312,G,T
19,35617782,G,T
6,63990433,C,T
6,63990184,A,T
6,63990034,C,A
6,63989818,A,C
6,63990462,A,T
6,63989854,C,G
6,63990329,A,T
6,64004924,C,A
6,63989943,A,T
6,63995567,G,T
6,63990290,T,C
7,103969335,C,T
7,103969337,G,T
7,103969338,C,A
7,103969268,C,A
7,103969439,G,T
7,104377162,C,A
7,103969353,C,T
7,103969569,C,A
7,104377158,A,C
7,103969375,G,A
4,39482431,C,T
4,39478734,A,T
4,39482763,G,C
4,39482024,G,A
19,48664733,A,T
19,48620982,G,A
19,48620984,G,A
19,48636319,G,T
19,48620931,G,A
19,48657256,C,A
19,48638992,C,T
19,48630602,C,A
19,48636252,C,A
19,48624191,G,A
19,48640796,T,A
19,48624412,C,A
19,48653362,G,A
19,48634422,C,T
19,48665538,C,A
19,48654564,C,A
19,48624242,C,A
19,48643258,C,A
19,48653361,C,G
19,48653099,C,A
17,33319679,G,T
17,33325307,G,C
17,33331509,T,C
17,33326409,C,T
17,33330148,A,G
17,33313130,G,T
17,33329776,A,G
17,33319597,G,A
17,33329065,G,A
19,54849216,G,T
19,54849819,G,T
19,54849250,G,T
19,54849841,C,A
19,54848801,C,G
19,54850419,T,G
19,54849400,C,T
19,54848795,G,A
19,54849295,G,T
19,54844801,T,C
19,54850149,G,T
19,54844917,T,A
19,54850356,G,T
19,54849379,C,G
19,54850254,T,C
19,54844896,T,A
19,54850228,C,T
19,54849257,G,T
19,54848884,C,A
19,54744753,G,A
19,54725832,C,A
19,54722662,G,T
19,54722657,G,T
19,54725094,G,T
19,54725821,G,C
19,54726852,G,A
19,54721011,C,T
19,54725733,G,T
19,54726364,G,C
19,54725715,C,T
19,54724659,G,T
19,54722715,A,T
19,54721091,G,C
19,54724513,G,T
19,54725202,G,T
19,54725719,G,C
20,62369202,A,T
22,31644635,C,T
22,31663872,G,A
22,31668610,G,A
22,31655955,A,G
22,31658604,G,A
22,31661989,G,C
22,31644745,G,T
22,31658126,C,G
4,83867567,T,A
4,83849377,T,G
4,83905676,C,A
1,226453251,C,G
1,226426782,G,A
1,226485450,T,A
1,226455689,C,T
1,226475390,C,T
1,226421197,C,T
10,90974763,C,G
10,90987961,A,C
10,90975768,T,A
18,47108730,A,T
18,47101900,G,T
18,47091826,C,G
18,47091756,C,G
18,47101931,A,T
18,47101831,T,C
18,47107814,G,T
18,47107849,G,T
18,47107935,G,A
18,56998708,G,A
18,57000323,C,T
18,57026338,C,G
18,57013249,T,A
18,57020364,C,A
18,57026271,T,A
18,57013159,C,A
12,49495285,G,C
12,49491726,C,A
12,49495911,C,A
12,49495284,C,T
12,49497572,T,C
12,49497771,C,G
6,70411384,C,A
6,70411385,C,T
6,70462161,C,G
6,70408994,T,C
6,70386411,T,G
6,70490434,C,G
6,70423557,C,A
6,70386117,G,T
6,70411385,C,T
6,70506702,T,C
19,2444466,C,G
19,2432467,T,A
19,2438277,C,A
19,2438277,C,A
19,2444431,C,T
19,2438389,C,A
19,2438518,C,A
19,2438179,C,T
19,2434013,C,A
13,28155856,T,G
13,28122551,G,A
13,28155640,A,G
13,28143301,A,G
13,28122554,T,A
13,28141976,G,C
8,23167421,G,A
8,23174526,G,T
8,23225689,C,A
8,23198531,C,G
19,19737900,T,G
19,19735238,A,T
19,19737528,T,C
13,48986493,T,A
13,48986494,G,T
13,48986459,G,T
13,48985870,C,G
12,7087520,G,A
1,212002481,C,G
1,211952321,T,C
1,212002507,C,A
8,19805713,C,A
8,19809383,A,T
8,19809404,C,A
8,19811772,G,T
8,19809451,T,C
8,19805737,C,A
8,19813437,G,T
8,19818412,G,T
8,19822849,C,T
8,19813423,G,A
8,19818481,C,G
11,66625248,C,A
11,66627156,C,A
11,66626438,C,A
11,66625659,G,A
1,113638531,A,G
1,113616016,G,T
1,113652872,C,T
1,113658959,A,G
1,113637318,G,C
1,113616159,C,T
1,113638582,A,G
1,113661947,G,T
8,105503727,T,A
8,105502807,C,A
8,105503499,C,A
8,105503353,C,A
8,105510277,C,A
8,105503566,C,G
8,105510107,G,A
8,105503136,C,A
8,105503299,T,C
8,105503739,G,A
8,105503667,C,A
8,105503016,C,A
8,105503425,C,A
8,105507492,C,T
8,105503496,C,G
8,105510247,C,A
8,105509951,C,G
8,105509551,C,A
8,105509392,C,A
8,105510240,T,C
8,105503207,T,C
12,57552240,G,T
12,57556762,C,T
12,57569388,C,G
12,57588382,T,C
12,57594926,G,A
12,57589477,G,T
12,57589478,C,G
12,57601998,G,T
12,57577283,C,A
12,57599408,C,T
12,57587066,G,A
12,57596320,A,G
12,57556192,C,G
12,57567684,C,T
12,57559898,G,T
12,57559724,C,T
12,57572723,T,G
12,57604561,G,A
12,57573898,T,G
12,57569701,A,G
12,57578912,A,T
12,57593723,G,T
12,57578153,G,A
12,57587421,A,G
12,57600282,G,T
12,57559724,C,G
12,57572344,C,T
12,57548025,C,T
12,57570823,G,T
12,57577918,C,T
12,57590912,C,T
12,57599438,G,A
12,57587416,G,T
12,57602924,C,T
12,57573277,G,A
12,57594275,C,T
12,57605102,G,A
12,57591140,C,T
12,57599187,C,T
12,57593171,C,T
12,57572789,A,T
12,57587439,G,T
12,57556748,G,T
12,57589710,G,T
12,57567573,C,T
12,57569858,G,T
12,57595378,G,A
12,57539234,G,A
12,57603849,C,G
12,57569296,G,T
12,57569264,G,A
12,57572802,A,G
12,57606328,C,T
12,57571353,G,T
12,57594886,G,T
12,57548038,G,T
12,57573723,G,T
12,57584591,C,T
12,57588394,C,T
12,57573738,G,T
4,186294019,A,C
4,186294187,G,A
2,170062546,C,A
2,170063588,C,A
2,170042168,C,A
2,170077036,G,A
2,170030431,C,A
2,170090060,G,A
2,170101325,G,T
2,170131704,C,G
2,170013947,C,G
2,170002408,G,A
2,170030461,C,G
2,170012818,C,T
2,170163811,C,G
2,170042429,G,T
2,170134345,C,A
2,170063292,G,A
2,170038761,C,T
2,170096037,C,A
2,170063608,C,A
2,170027171,C,A
2,169997053,T,C
2,170038695,G,T
2,170063462,A,C
2,170062993,G,T
2,170097559,C,A
2,170009461,G,A
2,170113642,G,A
2,170145561,G,T
2,170027160,C,T
2,170058244,G,A
2,170058194,A,T
2,170092507,A,T
2,170097415,C,A
2,170002265,T,C
2,170007439,G,T
2,170044616,C,T
2,170048424,C,T
2,169989136,G,A
2,170177373,C,A
2,170072850,G,C
2,170112703,C,A
2,169985138,T,A
2,170063602,C,A
2,170097528,G,T
2,170042448,C,G
2,170103224,C,A
2,170097603,T,A
2,170148851,G,A
2,170101223,C,T
2,170062887,T,G
2,170062692,C,A
2,170145620,G,T
2,170007412,G,T
2,170063602,C,T
2,170151180,G,A
2,170027086,C,T
2,170044635,C,A
2,170044637,A,C
2,170092469,A,T
2,169995821,G,A
2,170011008,G,T
2,170012841,A,G
2,170103489,G,A
2,170042416,G,T
2,170062635,T,A
2,170129455,C,A
2,170048350,C,G
2,170145598,C,G
2,170177288,G,A
2,169996113,T,C
2,170013974,C,G
2,170151164,G,C
2,170044658,G,A
2,170135918,C,G
2,170060630,C,A
2,170058370,G,C
2,170063006,A,T
2,170012818,C,G
2,170063626,T,C
2,170007496,C,T
2,170070315,C,A
2,170094714,C,A
2,170127535,C,T
2,170019084,T,A
2,170077068,C,T
2,170112651,T,A
2,170150674,A,G
2,170101331,C,A
2,169985301,G,A
2,170003401,C,A
2,170012785,C,A
2,170070325,G,A
2,170134283,C,G
2,170042416,G,T
2,170063751,T,C
2,170097780,C,A
2,170002321,C,T
2,170055393,T,G
2,170112653,C,T
2,170151120,T,A
2,170048464,C,A
2,170022537,C,A
2,170042337,T,A
2,170101382,C,A
2,170101363,G,A
2,170129481,C,A
22,25747644,C,T
22,25753347,C,A
22,25755958,G,A
10,72061136,C,A
10,72061133,C,A
12,7014864,G,T
12,7015723,G,A
12,7015087,C,G
12,7023076,C,G
12,7014888,G,T
12,7016570,C,G
12,7014918,G,A
12,7015772,A,G
3,46593057,C,A
3,46574379,C,G
3,46563057,C,G
3,46574296,A,G
3,46593050,G,A
3,46592962,C,A
17,44374805,T,A
17,30361940,G,T
17,30377039,A,G
17,30349570,A,G
17,30348805,A,G
17,30376182,G,C
17,30377081,G,T
17,30374810,G,T
17,30349307,C,G
17,30374882,C,T
17,30348928,G,T
17,30349420,C,G
17,30348293,G,T
17,30349328,A,G
17,30348281,C,G
1,70611486,A,C
1,70618156,C,A
1,70614345,G,C
1,70654905,T,C
1,70611554,G,T
1,70618226,C,A
1,70654875,C,A
1,70611392,C,A
17,79986492,G,A
17,79983380,G,A
17,79985276,G,T
15,71196915,C,T
15,71185957,C,T
15,71256259,G,T
15,71211467,G,T
15,71305143,G,C
15,71329670,A,G
15,71329524,G,T
15,71229102,A,T
15,42839596,G,C
15,42840384,T,C
1,90049149,G,T
1,90050199,G,T
1,90048428,G,A
1,90049089,C,T
1,90049557,A,T
1,90058463,A,G
1,90180521,G,A
1,90179086,G,T
1,90178811,G,C
1,90178876,G,T
1,90180404,G,A
1,90179620,C,T
1,90180271,A,T
1,90178352,G,T
1,90179493,A,T
1,90180148,G,T
1,90178300,A,G
1,90179864,C,T
19,7965114,G,A
19,7963616,A,C
19,7964661,G,A
19,7964676,C,G
19,7963879,G,A
19,7965609,G,A
3,37170591,T,A
3,37095392,G,A
3,37190483,C,G
3,37125163,C,A
3,37125164,A,T
3,37107762,G,A
3,37170577,C,A
3,37100392,G,A
3,37095446,T,C
12,85521787,G,T
12,85515611,C,T
12,85460613,G,T
12,85500333,G,A
12,85518017,A,C
12,85438563,A,G
12,85521791,A,G
12,85450577,G,T
12,85638757,G,C
12,85450738,G,A
12,85626523,G,T
12,85626515,G,A
12,85449837,A,T
12,85449856,G,T
12,85517978,G,T
12,85623399,G,A
12,85517926,A,G
12,85521615,C,T
12,85521644,G,C
12,85521630,A,T
12,85547500,T,C
12,85459121,C,T
12,85500390,G,T
12,85517849,G,T
12,85517973,C,T
12,85460635,T,A
12,85518101,G,C
12,85450634,G,A
12,85623366,T,C
12,85531678,G,A
12,85623399,G,A
12,85518189,A,T
12,85497801,C,A
12,85450232,A,T
12,85438587,G,T
12,85449777,G,C
12,85450529,G,A
12,85638758,C,T
12,85450741,A,T
12,85459115,C,T
12,85459116,T,C
12,85446027,G,T
12,85531673,C,A
12,85531700,G,A
12,85450241,T,C
12,85531691,G,A
12,85441216,G,T
12,85466740,C,T
12,85441286,G,T
12,85547872,G,A
12,85450464,A,G
12,85441357,A,C
12,85638600,G,C
12,85445952,C,A
12,85449827,A,C
12,85518200,G,T
12,85546088,G,T
12,85449928,A,G
12,85450946,G,T
12,85623306,G,A
12,85460559,T,G
12,85623409,G,C
12,85466712,T,A
12,85546867,G,T
12,85546922,A,T
12,85449967,A,T
12,85449828,G,T
3,3887047,T,A
3,3887072,C,A
3,3887996,G,T
3,3886639,A,T
3,3887010,G,A
3,3886635,C,A
3,3887802,G,A
3,3888136,A,G
3,3888070,A,C
3,3887744,A,T
9,130242172,G,C
9,130251778,A,G
9,130221303,C,G
9,130257628,G,T
9,130241233,G,T
9,130216818,C,T
20,60706504,T,A
6,31773871,C,A
6,31765615,G,A
7,32530016,A,C
7,32526822,T,A
7,32529942,C,A
7,32530064,C,G
19,2328602,C,G
19,2324190,C,A
19,2324192,C,A
11,1904651,C,A
11,1904654,G,T
11,1904695,C,A
11,1905162,C,T
11,1908758,G,T
11,1904722,G,T
11,1905217,T,A
11,1905191,C,A
11,1908785,G,T
11,1905755,G,T
21,47648438,C,G
21,47642573,T,A
21,47633658,T,C
21,47611873,C,T
21,47635212,G,A
21,47648483,C,A
21,47648502,C,A
21,47630634,C,T
21,47635094,C,A
21,47647530,C,T
21,47648484,T,A
21,47632939,C,A
12,96429162,G,C
12,96408740,A,C
12,96397757,G,C
12,96429315,C,A
12,96412590,T,C
14,24784999,C,G
14,24785095,C,G
14,24785485,G,A
14,24785064,C,G
14,24785492,G,T
14,24785583,G,A
14,24785218,C,A
14,24785514,C,A
2,33413709,C,A
2,33505166,G,T
2,33518259,G,T
2,33585793,G,T
2,33614329,G,T
2,33572544,A,T
2,33585729,G,T
2,33585790,C,A
2,33487838,C,A
2,33589305,C,T
2,33487870,C,A
2,33567972,C,A
2,33246008,A,T
2,33525618,G,A
2,33500061,C,A
2,33246003,G,T
2,33335717,C,A
2,33246130,C,A
2,33500077,G,A
2,33498809,G,A
2,33589406,G,C
2,33359867,C,A
2,33359868,C,A
2,33590483,G,C
2,33412009,T,A
2,33488390,C,A
2,33412023,C,A
2,33518226,G,C
2,33586576,T,A
2,33335697,C,G
2,33482359,A,T
2,33359884,A,T
2,33526632,G,T
2,33412037,T,C
2,33588493,G,T
2,33359928,G,T
2,33622279,G,T
2,33588554,G,T
2,33442709,C,A
2,33482463,G,T
2,33477850,C,A
2,33500929,G,T
2,33534521,G,A
2,33585669,G,T
2,33590570,G,A
2,33540297,C,A
2,33468818,T,C
2,33572462,G,C
2,33413727,G,C
2,33477911,G,T
2,33622289,G,T
2,33246225,C,A
2,33500076,C,A
2,33172863,C,T
2,33505174,C,T
2,33572548,C,T
2,33413810,C,G
2,33500974,G,T
2,33246069,C,A
2,33484662,T,A
2,33477873,G,T
2,33477883,C,G
2,33572578,G,A
2,33534500,G,T
2,33488394,T,A
2,33412028,G,T
2,33359933,C,A
2,33482447,T,C
2,33588541,G,C
2,33526644,T,A
14,75019645,A,C
14,74970709,C,T
14,75018955,G,A
14,74991896,C,T
14,74999205,A,T
14,74969961,A,T
14,75078231,C,A
14,74969971,G,T
14,74975651,C,T
14,75078484,C,A
14,74978023,A,T
14,74973502,G,C
14,74975375,C,T
14,74995241,C,A
14,74989535,T,A
14,75070356,T,C
14,75019619,C,A
14,75019651,G,T
14,74969991,T,G
14,74974742,C,T
14,74967652,G,T
14,74995712,C,G
14,74995224,G,A
14,74976824,C,T
14,74999213,C,G
14,74976012,G,A
14,74975631,T,C
14,75022254,C,G
14,74976541,C,G
14,74988617,G,T
14,75017917,C,T
14,75022276,C,A
14,74970292,C,T
14,74976540,C,A
14,75078524,T,A
14,74969481,G,T
17,48821101,A,C
17,48827892,G,T
17,48823140,G,T
16,242974,C,T
16,270650,C,G
16,249126,C,A
16,242939,G,A
16,258094,C,A
16,239215,C,G
16,239997,C,A
16,239895,C,G
16,240028,G,A
16,240044,A,C
16,239225,G,A
6,6649876,G,T
6,6654824,C,A
6,6654960,G,A
6,6654820,C,G
6,6588981,C,A
2,133426004,C,A
2,133427484,C,T
2,133403780,G,A
2,133403722,C,G
2,133426000,G,C
19,43967514,C,A
19,43965824,C,A
19,43968551,G,C
19,43965971,C,A
19,43969776,G,C
19,43967379,C,T
19,43965940,C,A
2,150061872,A,G
2,150061828,G,A
2,150069541,A,T
2,150061878,C,A
2,149987448,T,G
2,150061822,G,C
2,150071151,G,C
2,150071214,C,T
6,5216971,T,A
6,5109697,T,A
6,5109625,C,A
15,100269825,C,T
8,20110466,G,C
8,20112440,G,T
8,20110802,T,C
8,20110354,A,T
8,20107438,C,A
8,20110322,C,A
8,20107322,C,A
8,20110421,C,A
8,20110422,C,A
8,20110300,T,C
8,20107693,C,A
8,20110501,C,G
8,20107134,C,T
8,20110569,G,A
8,20107619,T,A
8,20112537,G,A
8,20107146,G,T
8,20110503,G,A
8,20110358,T,A
8,20110540,C,T
8,20107188,G,T
7,20198880,T,G
7,20198442,G,A
7,20199323,G,C
7,20198295,T,G
7,20199487,T,C
7,20198853,G,A
7,20180565,G,T
7,20198817,T,C
7,20199721,C,T
7,20198585,G,A
20,16021851,G,T
20,13983012,C,G
20,16030516,A,T
20,14665577,C,G
20,15918139,C,G
20,15480436,G,T
20,16025282,T,C
20,16025241,G,T
20,15913923,G,A
20,15967720,C,T
4,120981278,C,T
4,120987882,A,C
1,11736959,C,G
1,11734865,A,G
1,11740467,G,T
1,11736107,G,A
1,11737658,G,A
X,140995862,T,A
X,140996688,G,T
X,140993868,G,C
X,140994911,C,A
X,140996289,G,A
X,140995615,C,G
X,140994802,G,T
X,140995244,G,A
X,140995906,T,A
X,140994562,C,G
X,140995964,T,C
X,140995493,A,T
X,140994193,C,A
X,140994659,C,A
X,140995949,T,C
X,140995163,C,A
X,140996384,C,A
X,140994417,G,C
X,140996176,C,A
X,140996616,G,T
X,140995480,C,A
X,140995410,C,A
X,140992863,G,T
X,140996099,C,A
X,140995101,A,G
X,140995207,C,A
X,140993473,C,T
X,140992842,C,G
X,140995522,C,A
X,140994823,C,G
X,140995518,G,A
X,140996536,G,A
X,140996370,C,T
X,140995285,C,A
X,140995914,G,T
X,140995915,G,A
X,140994393,G,C
X,140995384,C,A
X,140996477,C,T
X,140995442,C,T
X,140996222,G,T
X,140996685,C,A
X,140996387,G,T
X,140995417,C,A
X,140993687,C,T
X,140993298,G,A
X,140996287,G,T
X,140994325,C,G
X,140993253,T,A
X,140995890,C,A
X,140995104,C,A
X,140996190,G,C
X,140993694,C,G
X,140994298,C,A
X,140995288,G,A
X,140995240,G,T
X,140994194,A,T
X,140996597,C,A
X,140993278,G,T
X,140995410,C,T
X,140996472,C,A
X,140993919,C,A
X,140996282,G,T
X,140995296,G,T
X,140994582,G,A
X,140995221,G,T
X,140996507,C,A
X,140995628,C,T
X,140995831,T,C
X,141290890,G,A
X,141290891,G,T
X,141291236,C,A
X,141291520,C,A
X,141291382,G,T
X,141291383,G,T
X,141291122,C,A
X,141291003,C,G
X,141290686,C,A
X,141293069,G,T
X,141291155,C,A
X,141291100,G,T
X,141291394,C,A
X,141291186,G,T
X,141291284,C,T
X,141291758,C,A
X,141291176,C,A
X,141291040,G,A
X,141291447,C,G
X,141291161,A,G
X,141291725,G,T
X,141290746,C,A
X,141291376,C,A
X,141291679,G,T
X,141291494,C,G
X,141291699,C,A
X,141291432,C,A
X,141291835,C,A
X,141290894,G,T
X,141290725,G,C
X,141291192,G,T
X,141291484,T,A
X,141291650,C,G
X,141290803,G,T
X,54838685,G,T
X,54841738,G,T
X,54837360,G,A
X,54837315,C,T
X,54839587,G,T
X,54839946,G,T
X,54841756,G,A
X,54840890,G,T
X,54838629,C,A
X,54841708,G,T
X,54840889,C,T
X,54841723,G,T
3,184429540,C,T
3,184429374,G,A
3,184428505,C,T
3,184428789,C,G
3,184429233,C,A
1,114226374,C,G
1,114189171,A,G
1,114225007,T,A
1,114128103,A,C
1,114189213,T,G
1,114157248,A,T
1,114225728,G,T
1,114226575,G,A
1,114193781,G,T
1,114215273,C,A
1,114193825,G,A
1,114214364,G,T
1,114224871,C,T
1,114186388,G,T
X,49022561,C,A
X,49021366,A,T
X,49021098,C,G
X,49021349,G,T
X,49021003,G,C
12,10766091,C,A
12,10763255,C,T
12,10763279,C,A
X,77109424,G,A
X,77112343,C,T
X,77112246,C,A
X,77112320,C,A
X,77112882,C,A
X,77086363,C,A
X,77112883,G,A
X,77126323,G,T
X,77151019,C,T
19,35791225,C,A
19,35790572,C,A
19,35791296,T,A
19,35786543,G,T
19,35791291,G,T
19,35804483,G,T
19,35804336,T,C
19,35791158,T,G
19,35786395,G,T
19,35801012,C,A
19,35786657,G,T
19,35800818,C,G
19,35804322,G,C
19,35786760,G,C
19,35790540,G,T
19,35786760,G,C
19,35791212,T,A
6,10764813,G,T
6,10775564,C,T
6,10796246,G,A
6,10764684,C,T
5,179201685,C,T
5,179201689,G,T
5,179193241,G,T
5,179192648,A,T
5,179201511,C,T
5,179192681,C,G
5,179192625,G,T
5,179192659,G,T
5,179193482,A,T
5,179193118,G,C
5,179192504,G,T
5,179192990,C,T
15,91453496,A,C
15,91455886,G,A
15,91453343,C,G
15,91463046,A,C
15,91456505,G,A
15,91454566,C,A
15,91463053,G,T
15,91456590,A,T
15,91447494,C,T
15,91450651,C,T
15,91456191,C,T
15,91452642,C,T
4,103595154,A,C
4,103595107,C,A
4,103590175,A,T
4,103579008,T,C
4,103585991,G,A
4,103590134,C,G
4,103647806,C,T
4,103557061,A,G
4,103560925,C,A
4,103645057,C,T
4,103579013,C,A
4,103553233,G,T
4,103635698,C,A
4,103571816,G,A
4,103553402,C,T
1,38265344,C,G
1,38260316,C,G
1,38265990,G,A
6,96034716,G,T
6,96034799,A,T
6,96034808,G,T
6,96034506,G,T
6,96034645,G,T
6,96034364,C,A
6,96054070,G,T
6,96053765,C,A
6,96054232,G,T
6,96034410,A,G
17,21206509,G,T
17,21201777,C,A
17,21207755,G,T
17,21201758,C,A
17,21207838,G,A
17,21201745,G,T
17,21207773,G,T
17,21203946,G,A
17,21201792,G,C
17,21201777,C,A
17,21204271,A,G
17,21201776,C,G
15,67878233,A,C
15,67878235,G,C
15,67885300,A,T
15,67893060,G,C
15,67879196,G,T
2,210558660,G,C
2,210557457,C,T
2,210559333,A,T
2,210561473,G,T
2,210543380,A,G
2,210558179,A,T
2,210561733,A,T
2,210560966,G,T
2,210574656,G,T
2,210558918,G,T
2,210558138,T,A
2,210560942,G,T
2,210545492,A,G
2,210558606,A,G
2,210569255,A,G
2,210560055,G,T
2,210561434,C,G
2,210561655,G,T
2,210561338,G,T
2,210560102,C,A
2,210560969,G,A
2,210557618,G,A
2,210588404,G,T
2,210557390,G,C
2,210560541,A,T
2,210517880,A,T
2,210574780,C,A
2,210518007,G,T
2,210560620,G,C
2,210561032,G,T
2,210574658,G,A
2,210558582,A,G
2,210559998,A,T
2,210558531,A,C
2,210558906,G,A
2,210560774,G,T
2,210560646,G,A
2,210557884,G,T
2,210561775,G,T
2,210558621,C,G
2,210560504,A,T
2,210558031,G,T
2,210558032,G,T
2,210574870,G,C
2,210559290,G,T
2,210559692,A,G
2,210557723,G,T
2,210518021,C,T
2,210559241,G,C
2,210560641,C,G
2,210558419,G,A
2,210558713,G,A
2,210559792,G,T
2,210560018,G,T
2,210561658,G,C
2,210557842,C,T
2,210570428,C,T
11,65365945,C,A
11,65365946,C,A
11,65375749,C,T
11,65373321,C,T
11,65380566,T,C
11,65375459,C,T
11,65375118,C,G
11,65375408,C,A
6,161470037,G,A
6,161470184,A,T
6,161519344,G,T
6,161508846,G,T
6,161469311,C,A
6,161519411,G,T
6,161519452,G,C
6,161505591,G,A
6,161529866,G,A
6,161522923,G,T
6,161527737,G,T
6,161470454,A,G
6,161508851,C,T
6,161508882,G,T
6,161519335,C,T
6,161502033,A,G
6,161455335,C,G
6,161470151,T,G
6,161508774,G,A
6,161522878,A,T
6,161527689,G,T
6,161523749,G,T
6,161530849,G,T
6,161491814,C,T
14,71197238,C,T
14,71206862,C,A
14,71209067,C,A
14,71206836,T,A
14,71209239,G,A
14,71267478,C,A
14,71199705,C,A
14,71205044,C,A
14,71209206,T,A
14,71197546,C,A
14,71196920,C,A
14,71209068,C,A
14,71216701,C,A
14,71199499,G,A
14,71197426,G,T
14,71199253,C,T
14,71206733,C,A
14,71197272,G,C
14,71216721,C,A
14,71227747,T,A
14,71209291,C,A
14,71197334,T,A
14,71209109,C,A
11,64568402,T,A
11,64564481,G,A
11,64564575,C,T
11,64567822,C,A
11,64563827,C,A
11,64564003,C,A
14,50935437,C,A
11,75298606,G,A
11,75319192,G,A
11,75298044,C,A
11,75379385,G,T
11,75298562,C,G
22,50704874,G,A
22,50694483,G,A
22,50693762,C,T
6,36040673,G,C
6,36041825,G,T
6,36075338,T,C
6,36075254,G,T
6,36075268,C,G
6,36076332,A,G
22,51048240,G,T
22,51043818,C,T
22,51043396,G,T
10,49643090,G,C
10,49634457,G,T
10,49633978,C,G
10,49612995,G,T
10,49628332,G,A
3,50685560,G,T
3,50679165,G,T
3,50677845,C,G
3,50677799,C,T
3,50685429,A,T
3,50684208,C,T
20,31436496,G,A
2,27247075,C,G
6,114181669,G,A
6,114181672,G,T
6,114181761,C,G
1,220826508,G,T
1,220791840,C,T
1,220835241,G,T
1,220805542,G,A
1,220805550,G,A
1,220805569,C,T
1,220835211,G,T
1,220771719,T,A
1,220835440,C,T
1,220808735,G,C
1,220752748,G,A
1,220752848,G,A
1,220825454,G,C
1,220752872,G,T
1,220791831,C,T
1,220752824,C,T
1,220824025,G,A
1,220791808,G,T
1,220826639,A,T
1,220825366,G,C
1,220791827,T,G
1,220804410,C,T
1,220835231,G,A
1,220752708,G,A
1,220835284,C,T
1,220792037,C,G
1,220805632,C,T
1,220825386,G,T
11,63676622,C,T
11,63666261,C,A
11,63665752,G,T
11,63665725,A,G
11,63668051,G,A
11,63676462,C,T
11,63657707,T,C
11,63670188,A,T
11,63668340,C,T
11,63668467,C,T
11,63668529,C,G
11,63666130,G,T
5,68737434,C,G
5,68728870,G,C
5,68715775,C,T
5,68728887,G,A
5,68728790,A,G
5,68715536,C,T
16,71668340,C,G
16,71663285,G,A
16,71668599,G,C
16,71663396,A,G
16,71674454,C,T
16,71663520,T,A
3,186937956,C,A
3,186969493,G,A
3,186944247,C,A
3,186961390,T,A
3,186953530,C,A
3,186954049,G,C
3,186954192,C,A
3,186954337,C,T
3,186954342,G,T
3,186947650,C,T
3,186953804,A,G
3,186969470,G,C
3,186953545,G,T
3,186953834,C,A
3,186947573,C,T
3,186954176,C,G
3,186969535,C,T
3,186953983,A,T
3,186980341,G,T
3,186943230,G,T
3,186974548,G,T
3,186943279,C,A
3,186953411,G,T
3,186978532,G,T
3,186947563,C,T
3,186954283,C,A
3,186937996,T,A
3,186974520,G,T
3,186937957,A,G
3,186943140,G,A
1,46501239,G,T
1,46500535,T,A
1,46500536,T,A
1,46495140,G,A
1,46468496,T,G
1,46500717,C,T
1,46295119,C,A
1,46489460,C,T
1,46500362,A,T
1,46471967,G,A
1,46497165,C,T
1,46476544,G,T
1,46500346,C,A
19,18235123,G,C
19,18260412,T,C
19,18260454,G,C
19,18245766,A,T
19,18254604,T,G
19,18258419,C,T
19,18254702,G,T
19,18254703,G,T
19,18255920,G,T
5,162930318,G,C
5,162944524,C,T
5,162940624,G,T
5,162943529,G,C
5,162939126,G,T
19,3778354,C,A
19,3785124,G,T
19,3779791,G,T
19,3789352,G,T
19,3783906,C,A
19,3784122,G,A
19,3778291,G,A
19,3779011,C,A
19,3778545,C,A
19,3778359,C,A
19,3779703,C,A
19,3779573,G,A
2,20203042,C,A
2,20202957,C,T
2,20205840,C,T
2,20200294,C,T
12,57919610,C,G
12,57920109,C,A
12,57920532,C,T
X,21887655,G,A
X,21887672,A,G
X,21887738,C,T
X,21857905,A,T
X,21900607,C,T
X,21900704,C,T
X,21861318,G,A
3,182812357,T,A
3,182740314,C,G
3,182738013,C,G
3,182756911,G,A
3,182775145,C,A
3,182743552,A,G
3,182759539,C,A
3,182733250,T,C
3,182738007,C,G
3,182810278,C,A
1,150551692,C,A
1,150549905,C,A
1,150551334,C,G
1,150549791,A,C
1,150551665,C,A
3,127325633,C,T
3,127318305,G,C
3,127336223,G,C
3,127325523,C,T
3,127339570,G,T
3,127317250,A,T
3,127327830,C,A
3,127327831,A,T
3,127337904,A,G
22,35802587,C,T
22,35799296,G,T
22,35802719,G,A
22,35817363,C,T
22,35817520,G,C
22,35796517,C,G
22,35812739,C,A
22,35811868,C,T
22,35811832,C,G
22,35817407,C,T
22,35817499,G,T
22,35804479,G,T
22,35812721,G,T
22,35812667,G,T
22,35809931,A,T
22,35806852,C,T
2,136602144,C,G
2,136626369,G,A
2,136633878,C,A
2,136630275,C,T
2,136605641,C,A
2,136633884,C,T
2,136626280,G,C
2,136620241,G,T
2,136605726,C,T
2,136598504,C,A
2,136609003,T,A
2,136609035,C,A
2,136623775,C,A
2,136598469,C,T
2,136630325,C,T
2,136626298,C,G
20,5939246,A,G
20,5948643,G,T
20,5958578,C,T
20,5932736,G,A
20,5974339,C,T
20,5966774,A,T
1,85405312,C,A
1,85397235,G,C
1,85403489,A,G
1,85406654,C,T
1,85422123,C,A
1,85403456,T,C
1,85462516,G,T
1,85397224,A,G
1,85397188,C,A
1,85397144,C,G
1,85405267,C,A
5,94207047,C,A
5,94224666,C,A
5,94248517,C,G
5,94208896,T,A
5,94417132,T,A
5,94248658,T,A
5,94224613,G,A
5,94353140,C,T
5,94253649,C,T
5,94046621,C,A
5,94114854,C,A
5,94353082,C,G
5,94619902,G,T
2,63832413,G,C
2,63832432,G,T
11,46403644,G,T
12,68708778,T,C
12,68708818,C,A
12,68708819,C,A
12,68710012,C,G
12,68720479,C,A
12,68715335,T,A
12,68708812,C,A
12,68715370,C,G
12,68715162,C,A
12,68708812,C,A
12,68708775,C,G
12,68716914,G,A
11,86209163,C,A
11,86270746,C,G
11,86267641,C,T
11,86157427,C,G
11,86270865,C,A
11,86209034,C,T
11,86161369,C,A
11,86267677,C,A
1,37979099,T,C
1,37975116,C,A
3,168833862,C,G
3,169099029,C,T
3,168818745,C,G
3,168840508,T,C
3,169099232,A,G
3,168830606,C,A
3,168830608,C,A
3,168833635,T,A
3,168807868,A,T
3,169099123,A,C
3,168840365,T,C
3,168812877,A,T
3,168802634,G,C
X,153296461,C,A
X,153297886,G,C
X,153297937,T,G
X,153297826,G,T
X,153297809,C,T
X,153296438,C,A
X,153296370,G,C
X,153296254,G,A
X,153363093,G,A
X,153363094,C,A
X,153297830,C,A
X,153296453,C,A
X,153297946,T,G
5,6374488,C,A
5,6378601,T,A
5,6378631,C,A
5,6372601,G,A
17,4634777,G,C
17,60062082,G,C
17,60045496,C,A
17,60130024,C,T
17,60107008,T,G
17,60107009,C,A
17,60043908,T,C
17,60042681,C,A
17,60059767,T,C
17,60060325,C,G
17,60106911,C,A
17,60039133,G,A
17,60032812,C,G
17,60024297,G,A
17,60112936,C,T
17,60023740,C,G
17,60088407,C,A
17,60069976,C,T
17,60088349,T,C
17,60042440,C,A
17,60040305,G,T
17,60060353,G,A
17,60043926,T,G
X,40531114,T,C
X,40531144,C,A
X,40513717,T,A
X,40568708,C,G
X,40534478,G,T
X,40562805,T,A
X,40522271,C,A
X,40523721,G,A
X,40572200,C,A
X,40569230,C,A
11,93542890,A,T
11,93528177,A,T
11,93530833,G,T
11,93521248,T,G
11,93542932,G,T
17,37566333,G,A
17,37564803,G,A
17,37566052,G,A
17,37563895,T,C
17,37565808,C,G
17,37566025,G,T
17,37596726,C,A
17,37595433,A,G
17,37563814,C,A
17,37563815,A,G
17,37571363,G,C
17,37564483,C,A
17,37566045,G,T
17,37584015,G,C
17,37564758,G,A
17,37565089,T,C
6,131914180,C,A
6,131912668,C,A
6,131917827,G,C
6,131927661,T,G
6,131937070,T,G
6,131926382,C,G
6,131917226,C,A
6,131926382,C,A
6,131921227,G,T
6,131948538,G,A
6,131944574,C,A
6,131943069,A,T
6,131943063,T,A
6,131944587,G,A
6,131917232,G,C
6,131913662,C,A
6,131924232,G,A
4,17616319,C,A
4,17616296,G,T
17,6547862,G,A
17,6554904,C,A
17,6554926,G,A
17,6547882,G,A
1,43853291,C,A
1,43851674,T,C
1,43855444,C,A
1,43853255,C,G
9,123367492,C,T
9,123370109,T,A
9,123367348,T,C
22,42095615,G,A
22,42144143,G,C
22,42191478,G,A
22,42174740,C,G
22,42174743,C,A
22,42120006,G,A
22,42095530,G,A
22,42150015,C,T
22,42139192,G,T
22,42099416,C,T
22,42180619,C,A
22,42177405,G,T
22,42172193,G,T
22,42139103,C,G
15,37187382,C,A
15,37184625,C,A
15,37385787,C,A
15,37184416,A,T
15,37390206,G,C
15,37184518,T,A
15,37329042,C,T
15,37188899,C,G
15,37187407,C,A
15,37184499,C,A
15,37329140,C,A
15,37184626,C,T
15,37376025,C,A
15,37188828,C,A
19,47912374,C,G
19,47909680,G,C
19,47920559,G,T
19,47912735,C,T
19,47920532,C,A
19,47910765,G,T
11,64574664,C,A
11,64575464,C,A
11,64575448,C,A
11,64575497,G,A
11,64575538,G,T
7,100028156,G,C
7,100028625,G,A
7,100028300,C,T
7,130143804,T,G
7,130137853,C,T
7,130140723,C,T
4,99960598,G,A
4,99982307,G,A
4,99960603,G,C
12,58164900,C,A
12,58162892,C,A
12,58165906,G,A
18,2539024,A,C
18,2566940,C,G
18,2566837,T,C
18,2566948,G,A
18,2555033,C,A
18,2539038,C,T
18,2567170,G,C
2,170677623,A,C
12,51318914,A,T
12,51319244,G,A
2,172195976,C,T
2,172195853,C,T
16,21636437,G,T
16,21611105,G,A
16,21623972,G,A
7,116397814,A,T
7,116412045,T,G
7,116339633,G,A
7,116435946,A,G
7,116339264,G,A
7,116397705,C,G
7,116371843,C,G
7,116340087,C,A
7,116339431,G,T
7,116412044,G,T
7,116339760,G,T
7,116371756,G,A
7,116412024,C,G
7,116380037,C,T
7,116340082,A,G
7,116412045,T,C
7,116423428,T,C
7,116435746,G,T
7,116403323,G,T
7,116371799,C,T
7,116411686,G,A
7,116412044,G,A
19,1556669,C,G
19,1555342,T,C
19,1555426,C,A
4,170912639,T,A
4,170913132,G,A
4,170913210,C,G
4,170912532,G,C
4,170913125,T,A
4,170912590,G,C
4,170912946,C,T
4,170912915,C,T
4,170912688,T,A
4,170912985,C,T
4,170913056,C,T
4,170913338,G,C
4,170913201,G,A
4,170913452,G,T
4,170926850,T,A
4,170927070,C,A
4,170913311,C,A
2,103334767,C,A
2,103353315,C,A
2,103335273,C,A
2,103343412,C,A
2,103335611,G,T
2,103335115,C,G
2,103335116,C,A
2,103340370,T,C
2,103335600,C,T
2,103335097,C,T
2,103335231,C,A
22,39884744,G,T
22,39883979,C,G
22,39884250,G,T
22,39883636,G,T
22,39884102,G,T
22,39883551,C,T
22,39884776,C,G
22,39884102,G,T
22,39884149,G,A
22,39883362,A,T
22,39884738,G,T
22,39884213,C,A
22,39884247,G,T
22,39883366,G,A
22,39884172,C,A
22,39883522,C,T
22,39884219,C,A
22,39884033,G,A
22,39884731,G,T
15,41988759,G,T
15,42049986,G,T
15,41988856,C,T
15,42041410,C,G
15,42005461,G,T
15,42005481,C,T
15,41988653,A,G
15,42041930,G,C
15,41991273,A,T
15,42042523,G,T
15,42058514,A,T
15,41988781,G,T
15,42058484,A,G
15,42032402,G,T
15,42005580,C,T
15,41988961,A,T
15,42041399,A,G
15,41988517,G,T
15,42000361,G,T
15,42021492,C,A
15,42003303,C,G
15,42058761,C,T
15,42058273,G,T
15,42041375,C,T
15,42041491,C,T
15,42059461,A,C
15,42042273,A,T
15,42042358,A,T
15,42003403,A,G
15,41989078,A,T
15,41989080,G,A
15,41988440,C,G
15,42042588,A,G
15,42028610,G,T
15,41961656,A,G
15,42042148,G,T
15,42028381,A,T
15,42057194,G,A
15,42041756,T,G
15,41961119,G,T
15,42040946,G,T
15,42028612,G,T
15,42005391,C,T
15,42041781,G,T
15,42042472,G,T
15,42003311,C,T
15,42052641,G,T
15,41961679,C,G
15,42040834,G,A
3,127540591,T,C
3,127439934,G,A
16,4700385,C,G
16,4727537,C,G
16,4731568,A,C
10,89265181,G,T
10,89311973,G,T
10,129903908,G,C
10,129902508,G,T
10,129903152,C,A
10,129901357,T,A
10,129904597,C,G
10,129907666,G,T
10,129904199,C,T
10,129913427,T,C
10,129903161,C,A
10,129903163,T,C
10,129906387,T,C
10,129904768,C,A
10,129907466,C,A
10,129906516,C,T
10,129906712,G,C
10,129904904,T,A
10,129903225,T,C
10,129921203,C,G
10,129902432,C,A
10,129904626,G,A
10,129906292,C,T
10,129913540,C,A
10,129902974,C,T
10,129902310,C,A
10,129897489,T,G
10,129914094,C,T
10,129899921,T,C
10,129903542,C,A
10,129913899,A,T
10,129902901,G,A
10,129906053,C,T
10,129911746,G,T
10,129903234,C,A
10,129903116,T,A
10,129905598,G,A
10,129911758,C,A
10,129903176,C,A
10,129905763,A,G
10,129901208,G,T
10,129913773,C,A
10,129901424,C,A
10,129903806,T,C
10,129905293,G,C
10,129913665,C,A
10,129913972,C,A
19,2043524,G,T
19,2039705,C,G
19,2039534,C,A
19,2039645,C,T
7,140159034,C,A
7,140156559,G,A
7,140159540,C,G
7,140154936,C,G
7,140154416,C,T
7,140159583,A,G
12,121131925,G,A
12,121132798,G,T
12,121131987,G,T
12,121125332,G,T
12,121125323,G,T
12,121132786,T,G
14,75515020,C,A
14,75515236,C,T
14,75514425,C,T
14,75515141,C,T
14,75515020,C,A
14,75514922,T,C
14,75515832,T,A
14,75498773,T,A
16,74709626,T,A
16,74708902,T,A
16,74716671,T,C
16,74729467,G,T
16,74708906,T,A
1,151039792,G,A
1,151040066,C,G
1,151039695,G,A
2,238462236,C,T
2,238427153,G,T
2,238427154,G,T
2,238462307,G,C
2,238419407,G,T
16,2256185,C,T
16,2258891,C,T
16,2255909,A,T
16,2258828,C,T
16,2256679,G,A
16,2255957,C,T
16,2258703,G,T
16,2258335,C,T
4,146575288,A,G
4,146560479,G,A
4,146567138,G,A
4,146575147,G,T
4,146560343,A,G
4,146576326,G,T
2,150435959,C,T
2,150433018,T,A
2,150426500,T,A
2,150426477,G,A
2,150426645,G,A
22,24124381,G,T
22,24122662,G,T
22,24122785,G,T
22,24124584,G,A
22,24122621,C,T
22,24123392,C,T
22,24123440,G,T
11,102743797,C,A
11,102742642,C,A
11,102742605,T,G
11,102743720,C,A
11,102743653,G,T
11,102742618,G,T
11,102745637,C,T
11,102734913,C,A
14,23311752,G,C
14,23315054,G,C
16,58073844,G,A
16,58076196,G,T
16,58071439,G,T
16,58075663,C,T
12,132325149,G,T
12,132335654,T,A
12,132323257,C,A
12,132334445,T,G
12,132325149,G,A
12,132334346,G,A
12,132325308,G,C
12,132325241,C,A
12,132322635,G,A
12,132334399,C,T
12,132322700,G,A
12,132334530,C,G
12,56232336,G,T
12,56231055,G,T
12,56236563,C,A
12,56231060,G,T
12,56230864,A,T
12,56233400,G,A
12,56233401,G,T
12,56232375,G,A
12,56234451,C,T
12,56230818,A,T
12,56234593,C,A
12,56232301,A,T
12,56234974,C,T
12,56230923,C,T
12,56234451,C,A
12,56234583,G,T
12,56231671,G,A
12,56236185,A,G
12,56230705,G,A
11,102709964,G,A
11,102709346,C,A
11,102713485,G,A
11,102709892,C,A
11,102712964,G,T
11,102709892,C,T
11,102702721,G,T
11,102709383,G,A
11,102711239,G,A
11,102702831,A,T
11,102398608,C,A
11,102395682,C,G
11,102401431,T,A
11,102395737,C,T
11,102401376,G,T
11,102394103,C,A
11,102395788,C,A
11,102401431,T,C
11,102394117,T,C
20,44645080,C,A
20,44639914,A,G
20,44639851,C,T
20,44642321,A,T
20,44640804,G,T
20,44641106,C,T
20,44637627,C,T
20,44639909,G,T
20,44637694,G,C
20,44641964,C,G
20,44640873,C,A
20,44639949,A,T
20,44641127,C,A
20,44641100,C,T
20,44641101,G,T
20,44639923,C,A
20,44639908,C,A
20,44640211,A,T
4,90816385,C,G
4,90874329,C,A
4,90856447,G,C
4,90857244,A,C
4,90856532,G,A
4,90857737,C,A
4,90848962,G,T
4,90874479,G,T
4,90857638,C,A
4,90844382,G,T
4,90856977,C,A
4,90857618,A,G
4,90874276,C,A
4,90816474,C,A
4,90855961,G,T
4,90816139,T,A
4,90848999,C,G
4,90872809,A,G
4,90856970,A,T
4,90849102,T,A
4,90857752,A,T
4,90857115,C,A
4,90856622,C,T
4,90833201,G,T
4,90874219,A,G
4,90856201,T,C
4,90874332,C,T
4,90830522,G,T
4,90830523,G,T
4,90857896,C,A
4,90856406,G,T
4,90857477,A,G
4,90856470,T,C
4,90857782,G,T
4,90874223,C,A
4,90856810,G,T
4,90874223,C,G
4,90857017,A,G
4,90857868,G,T
4,90857595,A,G
4,90874233,C,A
4,90874432,G,T
4,90844395,G,A
4,90872775,T,A
4,90816485,T,A
4,90816330,G,T
4,90857119,A,T
4,90872782,C,G
4,90816179,G,T
4,90857691,C,A
4,90857692,C,A
4,90857610,G,C
4,90857932,A,G
4,90872765,C,T
4,90874184,T,A
4,90844375,G,T
4,90874520,A,C
4,90857151,A,T
4,90857222,C,G
10,99238086,G,C
10,99225839,T,A
10,99240761,C,A
22,28194258,G,T
22,28192880,A,C
22,28192875,C,A
22,28193502,C,G
22,28194134,T,A
22,28194003,G,T
22,28193613,C,A
22,28195093,C,A
22,28193749,G,A
22,28196322,G,T
22,28193649,C,A
22,28194031,T,C
22,28193499,C,A
22,28193500,C,A
22,28193018,C,A
22,28146975,G,A
22,28193446,T,A
22,28146947,C,T
4,154318395,G,T
4,154318419,A,T
4,154336016,C,T
1,158815391,G,A
1,158813865,C,A
1,158817535,G,T
1,158815707,G,A
1,158815556,A,T
1,158815601,C,A
1,158813783,A,G
1,158815774,G,T
1,158813749,G,C
1,158815548,C,A
1,158813834,C,A
1,158815577,A,T
1,158815774,G,T
1,158812104,A,G
1,158817648,A,C
1,158819004,G,T
1,158815572,T,C
1,158813837,C,G
1,158813156,C,A
1,158813815,C,A
1,158815621,C,A
1,158813853,G,T
1,158812016,A,T
1,158812024,C,A
1,158817623,G,C
7,156798543,G,A
7,156799175,G,C
7,156798491,G,A
7,156798303,C,A
14,93649561,G,A
14,93649642,C,G
14,93649946,T,G
22,31342403,C,A
22,31328534,G,C
22,31328732,C,A
22,31330044,C,T
21,37741749,C,T
21,37747656,A,C
21,37741350,C,G
21,37713755,G,T
21,37741631,T,A
21,37710217,G,T
21,37741309,G,T
21,37711173,A,G
21,37741461,G,T
21,37744773,A,T
21,37721609,G,T
21,37741775,A,G
21,37721643,T,C
13,20233197,G,C
13,20221156,G,C
13,20235960,C,T
13,20220962,G,C
13,20246068,T,A
13,20221403,G,T
13,20237249,G,A
15,75183751,C,A
15,75185013,G,C
15,75190115,T,A
15,75189909,C,T
19,18305841,A,T
2,27535444,G,A
2,27535576,C,A
2,27535591,C,A
2,27545369,C,G
1,181003155,G,T
1,181024418,T,A
1,181018349,G,T
1,181021464,A,G
6,84799290,G,A
6,84765088,T,A
6,84765081,C,A
6,84765133,A,T
6,84765060,C,A
6,84765061,T,A
6,84772676,G,T
6,84772655,G,A
6,84798821,C,A
6,84799141,C,A
6,84799294,G,T
4,6710991,C,T
4,6710967,C,G
17,45901816,T,C
17,45904481,C,G
17,45901510,G,C
17,45904472,C,A
11,66204347,C,A
11,66204683,C,T
2,75881899,C,T
2,75881930,C,T
11,68660871,C,A
11,68668016,C,A
11,68660338,C,T
5,154346360,G,T
5,154320812,A,G
5,154320679,G,T
2,99812190,G,C
2,99812235,C,T
2,99812072,A,G
2,27997375,T,A
2,86437737,G,T
2,86433312,A,C
2,86437816,G,T
2,86433236,A,T
2,86437740,C,T
19,10362929,G,C
19,10369342,C,T
1,174987660,C,G
1,174983830,G,A
1,36926372,C,G
1,36929916,C,T
1,36926872,G,T
1,36923551,A,T
1,36926905,T,C
1,36926906,C,A
7,55980359,G,T
7,56020943,G,T
7,56022736,C,T
6,43643049,C,A
6,43648835,C,T
6,43646287,G,A
6,43643227,C,G
20,3028485,G,C
20,3027121,G,T
5,71528290,C,T
5,71524108,C,A
5,71533893,T,A
5,71519590,C,A
5,71616013,C,A
8,80831369,C,A
8,80942443,C,A
8,80942275,T,C
9,138395470,G,T
9,138395915,A,G
9,138395820,G,T
9,138395821,G,T
17,73261994,G,A
17,73261910,C,T
17,73259660,G,T
17,73258723,G,C
11,59949055,C,A
11,59939710,G,T
11,59940556,A,G
11,59949102,C,A
11,59943065,C,G
11,59939503,G,T
11,59949104,C,A
11,59945759,T,A
11,59949130,G,T
11,59942901,A,T
11,59947340,C,A
11,59949120,G,A
11,59947358,G,C
11,59940032,G,T
11,59940467,G,T
11,60157001,C,A
11,60150752,C,A
11,60156889,A,T
11,60160167,G,T
11,60150636,A,G
11,60156904,T,C
11,60150733,G,T
11,60150734,G,T
11,60152572,C,A
11,60156932,G,T
11,60157005,A,G
11,60157056,G,T
11,60157028,T,C
11,60161321,G,C
2,47702164,G,A
2,47643558,A,G
2,47710080,A,C
2,47637430,G,T
2,47637431,G,T
2,47637443,C,T
2,47690198,C,T
2,47703628,G,C
2,47690168,A,T
2,47690292,T,C
2,47630474,G,A
2,47637473,G,T
2,47709956,G,C
2,47690261,A,T
2,47693845,G,T
2,47690262,G,T
2,48030811,C,T
2,48026966,G,T
2,48027197,A,C
2,48026796,G,T
2,48032810,G,C
2,48033416,A,G
2,48033761,G,A
2,48010482,C,T
2,48027172,C,T
2,48026387,A,G
2,48033436,C,G
2,48027856,T,C
17,38285736,C,T
17,38287837,G,A
10,51562320,T,A
10,51556792,C,G
10,51556790,G,T
10,51556795,A,T
10,51555832,G,T
X,64958393,G,C
X,64949376,C,A
X,64955188,G,T
X,64949300,G,C
X,64949467,G,A
X,64958955,G,C
X,64959788,T,C
X,64959654,C,A
X,64955189,G,T
8,15998538,A,G
8,15967521,G,T
8,16032707,C,A
8,16021697,C,G
8,15978002,C,A
8,15998348,A,G
8,15998435,G,A
8,15998441,G,T
8,16026165,G,A
8,16032713,A,T
8,16001085,C,T
8,15998438,G,T
8,16032714,G,T
8,16035465,C,T
8,10177547,G,T
8,10177494,C,T
8,10102718,A,G
8,9912116,C,T
8,10285889,G,C
8,10285782,G,T
8,10285702,G,T
8,10177392,G,A
8,10177447,C,T
8,10102618,G,T
4,4864600,G,A
4,4864782,C,A
4,4864535,C,A
4,4864671,T,C
4,4864799,G,A
4,4861965,G,T
16,56716476,G,A
16,56716449,C,T
16,56718005,A,G
11,62368108,C,G
11,62363320,C,G
11,62362104,C,A
11,62364116,T,A
11,62362837,A,G
9,21818190,G,A
9,21837988,G,A
9,21862072,C,G
9,21862114,C,T
9,21854737,C,T
8,121509713,T,G
8,121463465,G,C
8,121483118,A,C
8,121457828,G,C
8,121457668,T,A
8,121535540,G,T
8,121463434,G,C
8,121457671,G,T
8,121522221,A,T
8,121534921,G,T
8,121457760,C,T
8,121531009,C,T
8,121531029,T,A
X,154292442,C,T
X,154293891,T,C
X,154293943,C,A
8,98735159,C,T
8,98718868,G,T
6,151247409,G,T
6,151265679,G,T
6,151358114,T,C
6,151358099,A,G
6,151331058,G,T
6,151362952,C,A
6,151362953,C,T
6,151277173,G,T
6,151209072,C,T
6,151413614,G,T
6,151277195,C,T
6,151239763,G,T
6,151247397,G,A
6,151358234,T,C
6,151247379,G,T
1,11852386,T,C
1,11854864,C,T
1,11854854,G,C
1,11850742,G,A
1,11850725,C,T
1,11851273,C,T
1,11855339,C,T
1,11852411,C,A
1,11861279,G,A
1,11860346,C,T
3,9710414,G,T
3,9743548,C,A
3,9730437,G,A
3,9719695,C,T
3,9714417,C,A
3,9726311,G,T
3,9704014,G,T
3,9743672,G,A
11,95569395,C,T
11,95583771,C,T
17,56572926,C,A
17,56586171,C,T
17,56586092,C,A
17,56590230,C,G
17,56573570,C,A
17,56572638,C,G
17,56589853,C,A
17,56572348,A,T
17,56573195,T,A
17,56573018,T,A
17,56573109,C,A
17,56584622,C,A
17,56573545,C,A
8,17228696,G,A
8,17218733,C,G
8,17188770,C,G
8,17169138,G,C
8,17218660,T,C
8,17188790,A,C
8,17157479,G,C
1,11184674,C,T
1,11292494,T,A
1,11227550,C,G
1,11308080,C,A
1,11167514,A,C
1,11227545,G,A
1,11199668,C,A
1,11319410,C,A
1,11270888,T,C
1,11167530,C,G
1,11300433,C,A
1,11303213,T,C
1,11184600,T,C
1,11291433,T,C
1,11181321,C,T
1,11217213,C,A
1,11300470,T,A
1,11298633,A,G
1,11217283,C,G
1,11194472,C,A
1,11298459,C,A
1,11300539,T,G
1,11182094,C,T
1,11297992,C,G
1,11319445,C,A
1,11264722,C,A
1,11297963,C,A
1,11318596,C,G
1,11264686,C,G
1,11273609,C,T
1,11288728,C,A
1,11272478,T,C
1,11181391,T,C
1,11270872,T,A
1,11313974,G,T
1,11175493,C,A
1,11181350,C,A
1,11288885,C,T
1,11316162,C,A
1,11182049,C,G
13,41827091,T,C
3,124646687,G,T
3,124627145,T,C
3,124631986,G,T
3,124631987,G,T
3,124632460,C,A
3,124646580,C,A
3,124632471,C,T
3,124632412,C,T
3,124646418,C,A
11,26582641,C,T
11,26582638,T,A
11,26582746,G,A
11,26584732,A,G
11,26586887,T,G
11,26582726,C,A
11,26582728,C,G
11,26586719,G,T
11,26586790,C,G
11,26586850,C,A
3,195453013,C,T
3,195453055,G,T
3,195516040,G,T
3,195474200,C,T
3,195498624,G,A
3,195498625,G,C
3,195517616,C,T
3,195515800,C,A
3,195474020,G,C
3,195516607,G,C
3,195516489,G,A
3,195498653,G,C
3,195492285,C,T
3,195516290,C,G
3,195518150,G,C
3,195517392,T,G
3,195477785,C,A
3,195475820,A,G
3,195515641,G,T
3,195491889,C,T
3,195538661,G,A
3,195538662,G,C
3,195492166,G,A
3,195497124,A,G
3,195515689,G,C
3,195515885,C,T
3,195516064,C,T
1,20827840,G,A
1,20827905,A,T
1,20827068,T,C
1,20827839,C,T
1,20827289,C,T
5,176732845,C,T
X,3240313,G,T
X,3241897,C,G
X,3238832,A,T
X,3228241,C,G
X,3261777,C,A
X,3242456,G,C
X,3261746,G,T
X,3261795,C,A
X,3242278,C,T
X,3228148,C,T
X,3235987,G,T
X,3248134,G,T
X,3238188,G,T
X,3242201,G,T
X,3238683,G,T
X,3240858,T,A
X,3240968,G,C
X,3228223,G,T
X,3238801,C,A
X,3235197,C,T
X,3229560,A,T
X,3239242,G,T
X,3229355,G,A
X,3261706,C,G
X,3240859,G,A
X,3235647,G,A
X,3242243,C,T
X,3240525,T,C
X,3241187,G,T
X,3228090,G,T
X,3235641,G,T
X,3242813,G,T
X,3242414,C,G
X,3239969,A,T
X,3238940,C,G
X,3240148,G,T
X,3240149,A,G
X,3239345,C,G
X,3228470,G,T
X,3228025,G,T
X,3238886,G,T
X,3242137,C,A
X,3241049,C,T
X,3241144,G,T
X,3235842,G,T
X,3228212,G,A
X,3240239,G,A
X,3241716,C,A
X,3239524,C,A
X,3240478,G,T
X,3242454,C,A
X,3242792,G,T
X,3240552,C,A
X,3228257,C,A
X,3241311,A,T
X,3241316,A,C
X,3228256,C,G
X,3242605,T,C
X,3228499,G,T
X,3240328,C,T
X,3241506,C,A
X,3235859,A,G
X,3240143,G,T
X,3240769,G,C
X,3228416,C,A
X,3228906,G,T
X,3238247,C,T
X,3235282,C,A
X,3238059,C,A
X,3241306,G,A
X,3248362,G,A
X,3239034,G,T
X,3238246,C,A
X,3241359,T,G
X,3228223,G,T
X,3238165,T,A
X,3240138,C,A
X,3248372,C,A
X,3229500,C,A
X,3240763,G,T
X,3242083,G,A
X,3235694,G,C
X,3235695,G,T
X,3242959,C,T
X,3248399,G,A
X,3235287,G,T
X,3238844,T,A
X,3228872,C,A
X,3238371,C,A
X,3229155,C,T
X,3235275,C,G
X,3242157,C,A
X,3228353,G,T
X,3238388,G,A
X,3248300,G,T
X,3235451,G,T
X,3227872,G,T
X,3228020,C,T
X,3238914,T,C
X,3235828,C,G
X,3228004,G,T
X,3240048,G,T
X,3240386,C,A
X,3238377,G,T
X,3229248,C,A
X,3240108,C,G
X,3228008,G,C
X,3239348,G,T
X,3241885,G,T
X,3238890,G,T
X,3241627,C,A
X,3248710,G,C
X,3239784,T,A
X,3229375,T,C
X,3229376,G,T
X,3242051,C,G
X,3229391,C,A
X,3239278,G,T
X,3235707,G,A
X,3239235,G,A
X,3235848,C,A
X,3229173,C,G
X,3242840,G,C
X,3228247,T,A
X,3235361,C,T
X,3248432,G,T
X,3239833,G,T
8,67488548,G,C
8,67509761,C,A
8,67488256,A,G
8,67492485,C,T
8,67492438,T,C
8,67476837,C,A
8,67477047,C,A
8,67492484,G,T
8,67525021,C,A
20,42343885,G,T
20,42310438,G,T
20,42343776,G,A
20,42331447,C,T
20,42328565,G,C
20,42338626,A,G
20,42311498,G,T
20,42331360,C,T
20,42331361,A,T
20,42341662,G,A
20,42340215,C,T
20,42338633,G,T
20,42331376,G,T
20,42315707,A,G
20,42333976,C,T
20,42331478,G,T
20,42331433,G,T
1,109838959,C,T
1,109839773,C,T
1,109839520,G,A
1,109849645,C,A
1,109839703,T,A
11,69063426,G,T
11,69063509,C,T
11,69063537,G,T
11,69063518,G,T
11,69062907,C,T
11,69063315,C,A
11,69063637,C,A
16,15850236,C,A
16,15850237,C,A
16,15808797,G,C
16,15797965,G,T
16,15818582,G,T
16,15831439,C,A
16,15809082,A,T
16,15865511,G,A
16,15865442,G,T
16,15878555,G,T
16,15843974,G,T
16,15811172,G,T
16,15880371,G,T
16,15818569,G,T
16,15815294,A,G
16,15917231,T,C
16,15820896,C,T
16,15917148,C,T
16,15851831,G,T
16,15850335,C,A
16,15817981,T,C
16,15850278,G,C
16,15818778,C,T
16,15811107,C,G
16,15876300,G,T
16,15809106,G,T
16,15829353,C,A
16,15844061,C,T
16,15797863,G,T
16,15843971,C,T
16,15841966,T,G
16,15797975,C,T
16,15808819,C,T
16,15811192,C,T
16,15841519,G,T
16,15820850,C,A
16,15841510,G,T
16,15850237,C,T
16,15814806,C,T
16,15844070,C,A
16,15832534,G,T
16,15808810,G,T
16,15826436,A,T
16,15831325,G,T
16,15829246,G,T
16,15853483,C,T
18,3277950,A,T
6,16143360,G,T
6,16145328,A,G
6,16145361,C,G
6,16130898,G,T
6,16144081,C,G
6,16143378,C,T
6,16130937,G,T
17,31072232,T,C
17,30932130,C,A
17,31105561,C,A
17,31099813,G,C
17,31098140,C,T
17,31039046,C,A
17,31094726,G,A
17,30821873,C,T
17,31107652,C,T
17,31048086,C,A
17,31087344,T,C
17,30986280,C,T
17,31105502,C,A
17,31107692,C,A
17,31048075,C,A
17,30986161,C,T
15,59523934,G,A
15,59470690,C,T
15,59494607,C,A
15,59553681,C,A
15,59515350,G,A
15,59480399,C,A
15,59494582,C,G
15,59501033,G,C
15,59548495,C,A
15,59519758,C,A
15,59487661,T,A
15,59553679,G,A
15,72195371,G,A
15,72190946,G,A
15,72190736,G,A
15,72143660,G,A
15,72208825,T,C
15,72142376,C,A
15,72141239,C,G
15,72144597,A,G
15,72190168,G,A
15,72190083,T,C
15,72190535,T,C
15,72227692,C,A
15,72190149,G,C
15,72283504,A,G
15,72208784,T,G
15,72324907,G,A
15,72190146,T,A
15,72338223,G,A
15,72146723,T,C
15,72172852,C,A
15,72189610,C,A
15,72119337,G,T
15,72191154,T,A
15,72311436,T,A
18,3126821,G,A
18,3214963,C,G
18,3067287,G,T
18,3142040,G,T
18,3135565,G,T
18,3187488,G,A
18,3089174,T,A
18,3100356,G,A
18,3188808,C,A
18,3116340,C,A
18,3071838,C,T
18,3134707,C,A
18,3215154,C,A
18,3168821,T,C
18,3187492,T,A
18,3102545,C,G
18,3089175,G,T
10,75397659,A,G
10,75397562,C,A
10,75391696,C,A
10,75391680,G,A
10,75391780,G,C
10,75394386,C,A
19,46404961,T,G
19,46393992,C,A
19,46393833,C,A
16,48576960,C,A
16,48594762,C,T
16,48581955,T,A
16,48581956,C,A
16,48596271,C,G
16,48595979,C,T
16,48594665,G,A
16,48596288,C,T
16,48580110,C,A
16,48585318,C,A
16,48576829,T,C
13,33110700,T,C
13,33016632,T,C
13,33016677,C,G
13,33017743,C,A
13,33110497,T,C
13,33110237,C,A
13,33110371,C,A
13,33092138,C,G
13,33018246,T,A
13,33017677,G,T
21,30254550,C,G
21,30257671,C,A
21,30248748,C,A
21,30255348,A,C
21,30255392,C,G
12,112516017,C,A
12,112471045,G,A
12,112506753,G,A
12,112485592,G,A
12,112528570,T,A
12,112481006,G,A
12,112525588,G,C
11,64822127,G,T
11,64821810,A,C
11,64825613,C,T
11,64825656,C,T
11,64821756,C,T
11,64815843,G,A
11,64815849,G,T
11,64825656,C,G
11,64821818,T,A
19,13249157,G,T
19,13249158,C,T
19,13247140,T,C
11,71195412,C,T
11,71208569,G,T
11,71164426,G,A
11,71209481,C,T
5,70308462,C,G
5,70308408,A,G
5,70308532,C,A
5,70308510,G,T
5,70308489,C,A
5,70308281,C,A
13,101726011,C,A
13,102051436,T,C
13,102051437,G,T
13,101710344,G,T
13,101710363,C,T
13,101717842,G,T
13,101714425,C,A
13,102051452,C,T
13,101997632,C,A
13,101762987,C,T
13,101712240,G,A
13,101833456,T,C
13,101714351,C,A
13,101763579,T,C
13,101736134,C,A
13,101763040,C,A
13,102029341,G,T
13,101742240,C,A
13,101797225,G,A
13,101944380,C,A
13,101944381,C,T
13,101828713,A,T
13,101742056,G,T
13,101728231,C,G
13,101728232,C,A
13,102047643,A,T
13,101997748,G,T
13,101795334,G,C
13,102029295,G,A
13,101710333,C,A
13,102029383,C,G
13,101755543,C,A
13,101881875,T,C
13,101714406,C,G
13,101707770,A,T
13,101760057,C,A
13,101944443,G,T
13,101747931,C,A
13,101833424,G,T
13,102029276,A,G
13,101714424,C,A
13,101756652,T,C
13,101795542,G,T
13,101890161,C,A
13,101710324,G,A
13,101714330,C,G
13,101714331,G,T
13,101726976,C,T
13,101717798,C,A
13,102047695,T,A
13,101756713,C,A
13,102030993,G,T
13,101721105,A,T
13,101717763,C,T
13,101717812,G,T
13,101890145,T,C
13,101748033,T,C
13,101997730,C,T
13,101717848,G,T
13,101728244,A,G
13,101735471,A,T
13,101720352,G,T
13,101944371,T,A
13,101944629,C,A
13,101944630,C,A
13,101756965,G,T
13,101735485,G,T
13,101736126,T,G
13,102029330,G,T
13,102047678,G,T
13,101728293,C,G
13,101736089,G,C
13,101890140,G,A
13,101735223,C,A
13,101735224,T,A
13,101753132,T,C
13,101712256,G,A
13,101717840,T,A
13,101881928,C,A
13,101714413,C,A
13,101795469,G,A
13,101735531,G,T
13,101760061,G,T
13,101797138,G,T
13,101997671,C,G
13,101890210,C,A
13,102029296,G,T
13,101712232,C,T
13,101707634,C,A
13,102051510,C,G
13,101707701,G,T
13,101769315,A,G
13,101910825,C,A
13,101833673,G,C
13,102051499,C,A
13,101763510,G,A
13,101759851,C,A
13,101735162,C,A
13,101777019,A,T
13,101728270,C,T
13,101997749,C,A
13,101890223,A,T
13,101714412,C,A
13,101881765,G,T
13,101712311,C,G
13,102029383,C,A
13,101757000,C,A
13,101795290,G,A
13,101763480,G,T
13,101755662,G,T
13,101755531,T,A
13,101844306,C,T
13,101717820,G,A
13,102029177,C,G
13,101881929,G,T
13,101726022,T,C
13,101944670,C,A
13,101755671,C,A
13,101795440,G,A
12,76454042,T,G
12,76442203,C,A
12,76444424,C,A
12,76453598,C,T
12,76444406,C,G
19,47996348,G,T
19,47996260,C,A
19,47996322,G,A
19,47991436,C,A
19,47996754,G,A
19,50862784,C,A
19,50865480,G,T
19,50868854,G,A
19,50863008,G,C
19,50862277,G,A
19,55998060,G,T
2,15601852,T,A
2,15615878,G,T
2,15496434,C,T
2,15514742,C,A
2,15359018,C,A
2,15557783,A,C
2,15601462,C,A
2,15676615,T,A
2,15555687,G,A
2,15492159,T,A
2,15493719,G,T
2,15523359,C,G
2,15567913,T,C
2,15467913,C,T
2,15614420,G,C
2,15358906,G,A
2,15644305,T,A
2,15542344,G,A
2,15618411,T,C
2,15523386,T,C
2,15555760,C,A
2,15468400,T,C
2,15468435,C,A
2,15701451,G,A
2,15506764,G,A
2,15564475,C,A
2,15378592,C,G
2,15427201,T,A
2,15519904,C,A
2,15432864,C,A
2,15506814,C,G
2,15378747,C,T
2,15601361,G,A
2,15629148,T,A
2,15307344,T,A
2,15651350,C,A
2,15358896,C,A
2,15519895,T,C
2,15555714,C,A
2,15432849,C,A
2,15427279,C,A
2,15415844,C,A
2,15701392,C,A
2,15496520,G,T
2,15307192,C,G
2,15644338,C,A
2,15493755,G,C
2,15432722,C,A
2,15319131,T,C
2,15651344,C,A
2,15651345,C,A
2,15615861,G,T
2,15358968,C,G
2,15607801,C,G
2,15679433,C,G
2,15608557,C,T
2,15330509,C,G
2,15470780,T,A
1,19969872,G,A
1,19981647,C,G
1,19983389,G,A
1,145311786,C,T
1,145367792,C,A
1,145367791,C,T
1,145296440,C,A
1,145295446,T,C
1,16907943,C,A
1,16935170,A,G
1,16895688,A,G
1,16914278,C,T
1,16902836,T,A
1,16901153,C,G
1,16935131,G,A
1,16935166,C,G
1,16916458,T,A
17,41345412,G,T
17,41341637,G,C
17,41352478,A,T
17,41341693,C,T
17,41341942,G,T
17,41345114,C,T
12,6635322,C,T
12,6619879,C,T
12,6640523,C,T
12,6626627,C,T
12,6631034,C,G
12,6604360,G,A
12,6635621,C,A
12,6637215,C,T
12,6637370,C,T
12,6619539,T,G
12,6623946,G,T
12,6635486,C,T
12,6635510,G,C
12,6624087,G,A
7,158439215,G,A
7,158468339,C,A
7,158482646,C,T
7,158424352,G,A
7,158444984,C,A
7,158444986,C,A
7,158448109,C,A
7,158451030,C,A
7,158456929,C,G
7,158449021,G,A
7,158455020,T,C
7,158483362,C,T
7,158468325,C,T
7,158449054,G,A
7,158447365,C,G
7,158468308,C,A
4,17819644,G,T
4,17816915,C,T
4,17814581,C,G
4,17816489,G,C
4,17841769,G,C
4,17824746,G,A
4,17816939,C,G
4,17816555,G,C
9,100429140,T,C
9,100412842,C,T
9,100433388,G,T
9,100417207,A,T
3,196663952,A,G
3,196664343,C,G
3,196669346,C,G
7,74191693,T,A
7,74193606,C,A
7,74197867,G,A
3,136646998,C,T
3,136667335,G,A
3,136667381,A,C
3,136664548,A,G
3,136664879,A,T
3,136665091,A,G
2,106498290,G,T
2,106498387,G,T
2,106497870,G,A
2,106498470,G,T
2,106497818,G,A
2,106497819,G,T
2,106498084,C,G
12,54929927,G,T
12,54925582,G,T
12,54917625,C,A
12,54914904,A,G
12,54912392,G,T
12,54925558,C,G
12,54911422,G,A
12,54925554,C,A
12,54894400,G,T
12,54917192,C,T
12,54910700,G,T
12,54905735,G,A
12,54914979,G,T
12,54914980,C,T
12,54902294,A,G
12,54912725,C,T
12,54920357,C,G
12,54910681,G,T
12,54917263,A,G
12,54925989,C,A
12,54910732,C,T
12,54928933,T,A
2,232326413,C,T
2,232326365,C,T
2,232323096,T,G
2,232322438,C,T
2,232325455,C,A
2,232322480,C,T
2,232324988,C,A
2,232322391,A,T
6,126203632,G,A
6,126206311,G,C
6,126249891,G,C
6,126249904,G,C
6,126199463,A,G
6,126211940,G,T
1,160321960,C,T
1,160326918,G,T
1,160323923,G,T
1,160326401,C,T
1,160313217,G,A
1,160320040,G,T
1,160326973,C,G
1,160313247,C,T
1,160319441,G,T
1,160313244,C,G
1,160324028,C,G
1,160324062,C,T
1,160318908,A,G
1,160325484,T,C
1,160314522,G,T
18,2589205,G,A
18,2595474,C,T
18,2599102,G,C
18,2577750,G,A
18,2572988,A,G
18,2616504,G,A
18,2610858,G,A
17,8350154,A,G
17,8363341,A,T
17,8370439,G,A
8,134274312,C,A
8,134262742,C,A
8,134269068,G,A
X,119005827,C,A
X,119007299,G,C
X,119007322,G,A
16,2011500,A,T
2,201950245,T,C
3,179341856,A,G
3,179334771,G,T
3,179341796,G,A
3,179332786,G,T
3,179334811,A,G
3,179341712,A,G
3,179336219,G,T
3,179336201,A,T
8,125555397,G,A
8,125562071,G,A
8,125559309,G,A
2,206980921,G,C
2,206994966,C,T
2,207008741,C,A
2,207008742,C,A
2,207017196,C,A
2,207003314,C,A
2,206997805,T,G
2,206994878,G,A
2,207012264,C,G
2,207012518,C,T
2,206980863,C,T
2,206992579,G,T
2,207011778,C,T
2,206992595,G,A
1,39494495,C,G
5,1816029,A,T
5,1816041,A,C
19,1388534,G,T
19,1390975,G,A
11,67804059,G,A
11,67799759,C,T
11,67800773,C,T
11,67800450,G,T
12,8248780,C,T
12,8248226,C,T
12,8245640,G,T
12,8245515,G,T
12,8234825,T,A
1,16778497,T,C
1,16778419,A,T
12,97331052,G,A
12,97303606,A,C
12,97313900,C,A
12,97328824,T,C
12,97334248,G,T
12,97328842,A,G
12,97330537,C,T
12,97306446,G,T
12,97313904,G,T
12,97311456,C,T
12,97334303,C,A
12,97328946,G,C
18,55992377,G,T
18,55996303,A,T
18,55998073,A,T
18,56052803,G,T
18,55996235,C,T
18,55862901,C,T
18,55998078,T,C
17,27069038,A,G
17,27067963,G,A
17,27065225,A,T
17,27067963,G,C
17,27061141,T,C
17,27067488,G,T
17,27061971,C,T
17,27062387,G,A
12,44915846,A,G
12,44913879,G,T
12,44913928,G,T
12,45169837,A,T
12,45059341,C,A
12,45169922,A,T
12,45173785,C,A
12,45269639,A,T
12,45001031,G,T
12,44915859,C,A
12,45173775,C,A
12,45105123,C,A
12,45170870,C,G
12,45269077,C,G
12,45171087,T,A
12,45269063,G,A
12,45001014,G,A
12,44913867,A,T
12,45059388,G,T
12,44917155,G,T
12,45173494,G,T
12,45170885,G,A
12,45269392,C,A
12,45209899,C,A
12,45004705,A,T
12,44926436,A,T
12,44913794,C,A
12,44926385,G,T
12,45173531,C,T
12,45173781,G,C
12,45171025,T,G
12,45000952,C,A
12,45169914,C,T
16,47117419,C,T
16,47117638,C,T
16,47117291,T,C
16,47117175,C,A
16,47143438,C,A
16,47143562,C,A
16,47162416,G,A
16,47117479,C,A
16,47117128,A,T
16,47162481,G,C
16,47117283,C,A
16,47117102,C,T
11,74717303,C,T
11,74716632,T,G
11,74716538,G,A
11,74717042,G,T
11,74716578,C,T
11,74716583,C,T
11,74717077,C,G
11,74716698,G,T
11,74716577,C,A
1,78392497,C,A
1,78399075,G,A
1,78395188,T,C
1,78392295,T,C
22,42805469,A,T
22,42807592,C,T
22,42793949,C,T
22,42783046,G,C
22,42807430,G,A
18,77170431,C,T
18,77227499,G,A
18,77227581,C,T
18,77171101,C,G
18,77246650,G,C
18,77193733,G,A
18,77246359,C,T
18,77227510,G,T
18,77170563,G,C
18,77227512,C,T
18,77193703,G,T
18,77246411,G,A
18,77221367,G,T
18,77170446,G,T
18,77170932,G,T
18,77193606,G,A
18,77171445,G,T
2,178098960,C,G
2,178098954,C,T
2,178098959,T,C
2,178098809,T,A
2,178098801,C,G
2,178096096,C,A
2,178098846,C,T
2,178098966,C,G
2,178098810,C,A
2,178096180,G,A
2,178095793,T,A
2,178097900,C,A
2,178098975,A,G
2,178096090,C,T
2,178098968,T,C
2,178098799,T,G
4,103531829,G,A
4,103528840,G,A
4,103517307,C,T
4,103534719,C,T
4,103498166,G,C
4,103534677,G,A
4,103504055,G,T
4,103505875,A,G
4,103517305,C,A
10,104157797,C,T
10,104160161,G,T
10,104157747,G,A
10,104157429,C,T
10,104156244,C,T
10,104161068,G,A
19,36380797,C,G
19,36386965,G,A
19,36381481,C,A
19,36387822,C,G
19,36380868,C,A
19,36387393,C,T
19,36380905,C,A
19,36387872,G,A
19,36381384,C,A
6,31516081,C,T
6,31525456,G,A
6,31515369,C,T
11,129745269,C,G
11,129748437,G,A
11,129739829,C,A
11,129746708,C,T
11,129762765,T,C
11,129748203,C,A
11,129739400,T,G
11,129758616,G,A
11,129743903,G,A
11,129754773,C,A
11,129758493,G,T
11,129739494,T,C
11,129743800,G,C
11,129754656,C,A
11,129753093,C,T
11,129762741,C,T
11,129740010,C,A
11,129751682,C,A
11,129753970,G,C
11,129743729,C,T
11,129742798,C,A
11,129751624,C,G
2,69664547,G,T
2,69646724,C,A
2,69633215,C,A
9,33301376,G,C
9,33318727,A,G
9,33370040,A,T
9,33318740,G,A
9,33364755,G,A
4,47853119,C,G
4,47850138,T,A
4,47900019,C,G
4,47900034,C,A
4,47892677,C,T
4,47850234,C,A
4,47887962,G,T
4,47850169,C,G
4,47880674,T,A
4,47892633,T,G
4,47877167,G,A
4,47880617,C,A
2,220012436,G,T
2,219942058,G,T
2,219941078,C,A
2,220022292,C,A
2,219942919,C,T
5,177580533,C,A
5,177576758,C,T
5,177580545,C,G
X,71360053,C,G
X,71360077,G,T
X,71359309,C,T
X,71358694,T,A
X,71360027,G,T
X,71359879,C,A
X,71359234,G,T
X,71359622,G,T
X,71360515,G,A
X,71364228,C,T
X,71360426,G,T
X,71359765,C,T
X,71360653,A,T
X,71360366,C,T
X,71359504,G,A
X,17746878,A,G
X,17744444,C,A
X,17743882,G,T
X,17705957,C,A
X,17744124,A,C
X,17744755,G,T
X,17745107,A,G
X,17743934,C,T
X,17744497,C,A
X,17744529,C,G
X,17394368,G,A
X,17742486,G,T
X,17746076,G,A
X,17750171,G,T
X,17750172,A,C
X,17743770,G,T
X,17743630,G,C
X,17744844,C,A
X,17745913,C,T
X,17743554,G,T
X,17744628,T,C
X,17739608,G,T
X,17750341,G,T
X,17742549,A,G
X,17739711,G,T
X,17745930,C,T
1,236205413,G,A
1,236148782,G,A
1,236212255,G,T
1,236157078,G,T
1,236205347,G,T
1,236212123,G,T
1,236187491,C,T
1,236228172,C,G
1,236201413,C,A
1,236205296,G,T
1,236143209,G,T
1,236212121,G,A
1,236205319,G,C
1,236205429,C,A
1,236201526,T,A
1,236187372,T,A
1,236205435,C,A
1,236205225,C,G
1,236201504,G,T
1,236154282,G,T
1,236195859,G,T
1,236201439,C,A
1,236176844,G,T
1,236228241,C,A
1,236205579,C,A
1,236205510,C,T
1,236195848,T,C
1,236208816,C,G
1,236145007,C,A
1,236175324,T,G
1,236187423,T,A
1,236141286,G,T
1,236141178,C,T
1,236212142,C,A
1,236208834,T,C
1,236143153,C,G
1,236201530,G,T
1,236157046,G,T
1,236157056,C,A
1,236192981,C,A
1,236201536,C,A
1,236195793,T,C
1,236195948,G,T
1,236211988,A,T
1,236180456,G,T
1,236157154,C,A
1,236205329,G,T
1,236187502,C,A
20,25457663,C,T
20,25485607,C,A
20,25485523,C,A
20,25457142,T,A
20,25472148,C,T
20,25507047,G,A
20,25470571,C,T
20,25472068,C,A
20,25481560,G,A
20,25456920,C,A
20,25491333,T,C
20,25472135,C,A
20,25481599,C,G
20,25459684,G,A
20,25442267,T,A
20,25439028,A,T
20,25456786,G,A
20,25507217,C,T
20,25456963,C,A
20,25459559,C,A
20,25457247,C,A
20,25443148,C,A
20,25450638,G,A
20,25450719,A,G
4,48037822,C,A
4,48035086,G,C
4,48032142,G,A
4,48038107,A,T
4,48038210,T,G
5,37063937,G,A
5,37064971,G,A
5,37044578,T,C
5,37006594,G,A
5,36985803,C,T
5,36986345,G,T
5,37000610,G,A
5,36976433,C,A
5,37038833,A,C
5,37014784,G,T
5,36985213,T,C
5,37026368,C,G
5,36976076,C,T
5,37000950,G,C
5,37027499,G,A
5,37048775,A,G
5,36976420,T,C
5,36955648,G,C
5,37016225,G,T
5,37049273,G,C
5,37060969,C,G
5,36961594,A,G
5,36962328,C,T
5,36986210,G,T
5,36985251,A,T
5,36985131,G,A
5,37048653,G,C
5,36953763,G,T
5,36976356,G,C
5,37022345,G,T
5,37007478,A,T
22,29957549,C,A
22,29966455,C,A
9,107521575,C,G
X,119059199,C,A
X,119077510,C,G
X,119077318,G,T
X,119077528,G,T
X,119077245,G,T
X,119077419,G,T
X,119077613,C,T
X,119077253,G,T
X,119066179,C,G
5,1037955,G,T
5,1038187,C,A
5,1038188,C,A
5,1038314,G,A
5,1034942,C,T
5,1034410,T,C
5,1038130,C,T
5,1036406,C,A
5,1034967,G,A
5,1037950,C,T
17,40169443,C,T
17,40175884,C,T
17,40174455,G,T
17,40174504,A,G
X,118723608,C,G
X,118724577,C,G
X,118723759,C,A
X,118723544,C,A
X,118724896,C,A
X,118724569,G,C
X,118723886,T,C
14,36988306,T,C
14,36988327,G,T
14,36987199,C,T
14,36988447,G,A
8,23539110,G,T
8,23540115,A,G
8,23538998,C,A
8,23538714,G,A
8,23538980,T,C
8,23538662,C,A
8,23538909,T,C
17,33463193,C,A
17,33464163,G,T
17,33464164,C,T
17,33464656,G,C
17,33467047,A,C
17,33463440,C,T
17,33469093,C,A
17,33462471,C,G
5,137465150,T,A
5,137454515,C,A
3,48336270,C,G
1,169272408,C,G
1,169292473,T,A
1,169292368,T,A
1,169267907,C,A
16,4511769,G,A
17,43175843,G,T
17,43159018,G,C
17,43181178,C,G
17,43176875,G,A
17,43183001,A,G
17,43171164,G,C
17,43182236,G,C
17,43175845,G,T
17,43175846,G,T
10,96122587,C,A
10,96117824,C,A
10,96093972,G,C
10,96109020,T,A
10,96112121,C,G
10,96099595,C,T
2,10729817,G,A
2,10712241,C,A
2,10712193,C,A
2,10729738,A,G
17,65722703,A,G
17,65739938,G,C
17,65735696,C,G
17,65716058,G,T
17,65733689,C,G
17,65714106,C,A
16,67208978,G,A
1,6610604,G,A
1,6589213,C,T
1,6585821,C,T
1,6585875,C,T
1,6610657,T,A
1,6586755,C,A
10,103919024,G,T
10,103917833,G,T
10,103912065,C,G
10,103917890,G,A
10,103921999,C,T
10,103920652,G,A
10,103919189,G,T
10,103922042,G,C
16,18538934,C,A
16,18549980,C,T
16,18535853,C,G
16,18544400,G,C
20,2638639,G,A
20,2636241,G,T
20,2633766,C,T
20,2638609,A,C
20,2636373,C,G
20,2637485,G,C
20,2636664,G,A
17,26116678,G,A
17,26110107,T,A
17,26086080,G,A
17,26094769,C,A
17,26108190,C,A
17,26105806,C,G
17,26094792,C,A
17,26096596,C,A
17,26107851,G,T
17,26087144,A,C
17,26093575,C,A
17,26086080,G,T
17,26110042,G,A
17,26107873,G,T
17,26108164,C,T
17,26125764,G,A
17,26109099,C,T
17,26116653,G,T
17,26099385,C,A
17,26092683,G,T
17,26114746,T,A
17,26094815,G,T
17,26109073,G,T
17,26086071,G,T
17,26096027,G,A
17,26114745,T,C
17,26114747,G,C
17,26114788,C,G
2,169699556,T,C
2,169707821,G,A
2,169713286,G,A
2,169717326,A,G
17,79916234,C,T
17,79910734,C,A
17,79914845,C,A
17,79918634,C,T
17,79914823,G,A
11,89059881,G,T
11,89133480,C,G
11,89070683,A,T
11,89059881,G,A
11,89070632,G,C
11,89133461,G,T
11,89185027,G,T
11,89166014,C,G
11,89177378,C,A
11,89075295,G,C
11,89185034,T,A
11,89088169,G,T
11,89106598,A,T
11,89069012,C,A
11,89224424,C,A
11,89133529,C,A
11,89060019,C,A
11,89184980,G,A
11,89135651,T,A
11,89135496,G,C
11,89088129,C,A
11,89135564,G,T
2,101582158,G,T
2,101541645,C,A
2,101581359,A,C
2,101609882,G,T
2,101598836,C,G
2,101611974,A,T
2,101591311,A,T
2,101604651,G,T
14,74959988,G,A
16,139797,C,G
16,139752,C,A
16,142603,A,G
16,162775,C,A
17,78444747,C,A
17,78444626,C,A
17,78445555,C,T
17,78449351,G,A
7,98254278,C,A
7,98256543,C,A
7,98254244,C,A
7,98257786,C,G
7,98249012,C,A
7,98257810,G,T
7,98257789,G,A
7,98254454,C,A
7,98249110,C,A
7,98254413,C,A
7,98256507,G,T
7,98256612,C,A
4,164246718,G,C
4,164246587,C,A
4,164247106,G,A
4,164247218,C,A
4,164247377,C,T
4,164247029,A,T
4,164246538,C,A
4,164247596,C,A
4,164247649,C,A
4,164246890,C,A
4,164246588,C,G
4,164247685,G,A
4,164247263,C,G
4,164247633,A,G
4,164247323,A,C
4,164247318,G,A
1,27240319,C,T
1,27238432,G,A
1,27238520,C,T
1,27240369,G,T
1,27238310,C,T
1,27240194,G,A
17,38253653,C,G
17,38253655,A,T
17,38253497,G,A
19,50881426,G,T
19,50883110,A,G
19,50881788,C,G
19,19312382,G,A
19,19313233,T,C
3,15057714,G,T
3,15084455,C,A
3,15070154,T,C
3,15057759,C,T
19,17346351,C,T
19,17343232,T,C
12,52451017,G,T
12,52449825,G,A
12,52448996,G,C
12,52448224,G,T
12,52448768,G,T
1,200012940,G,C
1,200017310,C,T
1,200080375,T,C
1,200143263,C,T
1,200017430,G,T
1,200080400,A,T
1,200143397,G,T
1,200080447,C,A
1,200008904,G,C
1,200013008,T,G
1,200014698,G,T
1,200008890,G,T
1,200080355,A,G
1,200017678,C,A
1,200014583,C,A
1,200017391,C,A
1,200017512,A,T
1,200017460,C,T
1,200017620,G,T
1,200017621,G,T
1,200143396,G,A
1,200012997,C,A
1,200014594,A,T
2,27659970,G,T
2,27660166,C,G
2,27664485,G,T
2,27656155,G,C
2,27657624,C,T
2,27657349,C,T
21,16339463,C,A
21,16339464,C,A
21,16340473,T,A
21,16338899,C,T
21,16339770,T,A
21,16340221,C,T
21,16339865,C,G
21,16340056,A,C
21,16340323,T,A
21,16340033,C,T
21,16338524,C,A
21,16338607,T,C
21,16339433,C,A
21,16339226,C,A
21,16337858,C,A
6,30656436,C,T
6,30657883,G,A
20,333933,T,C
17,44770357,G,C
17,44788372,A,C
17,44788352,T,G
17,44782158,G,A
17,44803949,G,T
17,44803921,G,A
17,44788392,G,T
16,27238081,G,A
8,126379083,G,T
3,93845334,A,G
3,93802949,A,T
3,93845162,G,C
3,93803026,A,G
3,93845109,G,A
3,93812983,G,T
1,46827252,C,A
1,46810744,C,G
1,46827467,C,G
4,40810350,G,C
4,40776832,C,T
4,40752995,C,T
4,40752747,G,A
6,116432047,G,T
6,116542282,G,T
6,116432034,G,T
6,116429571,A,C
6,116542390,G,T
19,49564708,C,T
19,49564715,C,G
1,107691317,G,A
1,107866928,G,C
1,107937777,T,A
1,107937801,G,C
1,107973434,T,C
1,107979327,T,A
1,107691462,G,C
1,107937821,C,A
1,107867376,T,C
1,107867473,G,A
1,107867258,G,T
1,107979316,C,T
1,107950397,C,A
1,107867120,G,T
1,107961207,C,A
1,107979390,G,T
1,107867442,T,A
1,107867366,C,A
1,107950367,A,T
1,107937887,T,A
1,108023382,C,A
1,107866972,G,T
1,107691376,C,A
1,107866939,G,C
1,107973521,G,A
1,107937773,C,T
1,107867486,G,A
1,107691165,C,T
1,108023385,G,T
1,107867321,C,T
1,107691419,G,T
1,107691420,G,T
1,107691370,C,A
1,107950799,G,T
1,107867328,A,T
1,107950542,G,T
1,107950661,C,A
1,108023306,C,G
1,107867410,G,A
1,107937934,G,A
9,87549124,G,A
9,87339228,T,C
9,87636305,C,A
9,87338593,G,A
9,87549173,G,C
9,87285692,C,A
9,87425589,C,A
9,87486749,G,T
9,87635123,C,A
9,87635146,T,A
9,87635209,G,C
9,87563493,C,A
9,87635234,T,G
9,87366928,G,A
9,87635149,G,T
9,87570366,G,C
9,87482253,C,A
9,87339212,C,A
9,87636230,T,A
9,87486716,C,T
9,87342834,G,A
9,87570333,C,T
9,87549120,G,C
9,87425618,T,A
9,87366961,C,A
9,87570257,A,G
9,87429985,G,T
9,87635229,G,T
9,87285783,C,A
9,87317135,G,T
9,87635144,C,A
9,87636221,C,A
9,87635137,T,A
9,87285621,G,A
12,86276113,G,T
12,86272222,C,A
12,86272289,T,A
12,86276089,G,A
12,86268247,G,T
1,205272824,G,T
1,205290688,C,A
1,205273623,C,A
1,205290708,C,G
1,205693063,G,A
1,205688745,T,G
1,205687434,C,G
1,205696877,G,A
1,205696904,G,C
1,205689671,C,T
7,44507863,C,A
7,44524807,C,T
7,44524564,C,A
7,44524670,G,C
13,48619794,A,T
1,145586916,G,A
1,145586633,T,A
1,145586632,G,T
1,145587382,G,T
1,145586946,C,A
7,2290710,T,C
7,2289541,G,A
7,2290724,G,T
7,2289637,G,A
7,2284283,G,A
6,34256708,C,A
6,34261308,T,A
6,34263448,C,G
4,123814263,T,G
4,123814181,G,A
16,77775523,C,T
16,77775776,C,T
16,77769779,G,A
16,77775669,C,G
13,45517783,C,T
19,41186932,C,A
12,69096537,A,T
12,69127246,G,C
12,69121133,G,T
12,69121134,G,T
12,69084442,G,T
12,69090597,A,C
12,69129095,G,A
12,69103080,A,T
12,69084516,A,T
12,69085777,A,T
12,69129056,G,A
12,69115750,G,C
6,17688669,C,T
6,17632972,G,C
6,17632986,C,T
6,17637957,C,T
6,17675491,A,T
6,17626174,G,C
6,17688767,A,T
6,17629177,C,A
6,17633037,C,G
6,17688816,T,C
6,17629326,G,A
6,17624952,G,A
5,37328457,T,A
5,37303423,C,T
5,37292071,C,T
5,37342741,C,A
5,37305173,C,A
5,37341209,C,A
5,37348642,C,G
5,37370996,C,A
5,37370993,G,A
5,37370835,C,A
5,37299643,T,C
5,37331816,C,G
5,37310724,T,A
5,37364387,C,T
2,184022190,T,G
2,184022179,C,T
2,183989210,C,G
2,183989185,A,T
2,184024234,G,A
2,183998312,C,T
12,102512147,C,A
12,102512193,A,G
12,102512215,C,A
22,45580629,C,G
22,45574442,C,G
4,77065569,G,C
4,77057381,C,A
19,50412420,G,T
19,50411625,C,A
19,50411471,C,T
19,50413058,C,A
19,50412101,C,T
17,73206069,C,T
17,73229201,C,T
17,73228042,G,A
17,73201778,C,T
17,73230881,C,T
17,73221790,C,T
17,73206052,G,T
17,73214376,G,A
16,56868087,G,A
16,56782199,G,A
16,56871538,G,T
16,56866268,C,T
16,56875616,G,T
16,56855440,G,T
16,28550293,G,A
16,28549480,T,G
16,28550162,T,G
16,67899124,G,C
1,224415298,C,G
1,224468875,C,T
1,224468853,G,A
1,224505445,C,T
1,224477242,G,A
1,224514102,C,T
1,224491431,A,C
1,224424241,G,A
1,224488275,C,A
1,224475615,T,C
19,16874726,C,A
19,16925938,G,T
19,16910888,C,G
19,16918833,T,C
19,16890214,G,A
19,16902383,C,A
19,16899933,G,A
19,16860107,T,G
19,16910854,G,T
19,16870183,A,G
19,16861059,C,A
19,16874727,G,T
19,16860348,C,A
19,16902312,C,T
19,16870093,G,T
19,16874686,G,T
19,16925862,G,T
19,16899898,T,G
19,16860134,C,G
19,16860465,G,T
19,16923619,G,T
11,62569425,C,A
11,62559871,G,C
11,62562464,C,A
11,62572875,G,A
11,62571367,G,T
11,62569274,G,A
11,62559845,C,A
11,62568824,T,A
11,62571284,C,G
11,62561739,C,A
11,62568674,C,A
11,62571288,G,A
11,62566046,C,T
11,62571439,C,G
11,62563573,C,G
12,57619307,T,A
12,57619152,G,T
12,57619598,A,T
12,57619578,C,G
20,23334706,G,A
20,23335017,C,G
11,120097704,A,G
11,120097704,A,T
11,120099733,G,A
11,120096462,C,A
12,121465410,C,A
12,121465411,C,A
12,121458260,G,A
12,121461868,C,G
12,121476600,C,A
12,121471372,C,A
12,121471496,C,A
12,121469379,C,A
12,121461898,T,A
12,121476663,G,A
10,126100674,C,A
10,126091575,C,T
10,126089481,G,C
10,126094195,C,A
1,151742669,C,A
1,151740627,G,T
1,151743591,G,A
2,220421267,G,T
2,220424002,G,T
2,220423972,C,A
2,220432056,G,C
2,220435139,C,A
2,220420766,T,C
2,220418377,G,T
2,220419213,G,A
2,220432677,G,A
2,220418344,C,G
2,220424202,T,A
2,220420682,C,G
2,220424097,C,A
2,220424039,C,A
2,220427170,C,A
2,220422763,A,G
2,220435105,G,T
2,220431998,G,A
2,220432115,C,T
2,220419218,G,A
2,220422584,G,A
2,220423027,C,A
2,220431754,C,A
2,220424026,A,T
19,17339818,C,G
19,17337905,G,C
19,17337105,G,A
19,17337954,G,C
19,17337064,A,G
4,48853937,C,T
4,48854030,G,T
4,48899870,C,T
4,48887482,A,G
4,48906501,C,A
4,71063865,C,T
4,71066320,T,C
4,71066318,G,T
4,71063851,C,T
4,71062448,G,A
4,71063020,T,G
22,50969207,C,A
7,44713410,G,A
7,44736966,C,T
7,44687313,G,T
7,44747321,C,T
7,44713460,G,C
7,44739749,G,A
7,44746964,G,A
7,44664004,A,C
7,44747304,C,T
7,44736068,C,T
7,44737016,G,C
7,44714856,G,T
6,72011638,C,A
6,72011597,G,A
6,72006410,C,G
9,95147854,G,C
9,95163438,C,T
9,95165620,G,T
9,95165621,G,T
9,95152234,G,T
9,95163461,C,A
9,95163390,G,T
9,137982046,G,T
9,137967559,G,T
9,138011774,G,T
9,138011775,G,T
9,137990334,C,G
9,138012049,C,T
9,138011958,G,A
9,137990228,G,T
9,138011949,G,T
9,138011965,G,A
9,138011928,C,T
9,138011913,C,G
9,137998651,A,T
1,161989783,G,T
1,161989751,G,A
1,161970018,G,T
1,161989882,A,T
1,161967648,G,C
1,161953809,C,A
1,161953814,G,T
1,161968140,C,T
1,161987227,G,T
1,161953810,C,T
1,161967784,C,T
1,161954923,C,T
1,161967727,G,A
1,161954010,C,A
1,161976113,C,A
1,161967956,G,C
1,161954721,G,C
1,161969907,C,T
1,161967990,G,T
1,161953827,G,T
1,161953395,C,G
1,161954714,C,A
1,161953460,G,T
1,161953963,G,T
1,161953644,G,A
1,161953817,G,T
1,161953806,C,A
1,161967966,G,C
1,161953507,G,A
1,161953798,G,T
1,161953755,C,G
1,161970075,G,T
1,161953396,G,T
1,161953954,G,A
1,161953940,C,T
1,161970075,G,A
1,161953628,G,C
22,31289876,G,T
22,31091455,G,T
22,31286744,C,T
22,31266432,C,T
22,31284263,T,C
22,31302178,C,A
18,21914211,G,C
18,21897298,T,C
18,21898723,C,G
18,21921570,C,A
18,21948316,C,A
18,21897289,A,T
18,21761174,A,G
18,21759781,C,A
18,21747290,C,G
18,21743135,T,C
18,21914232,T,C
18,21747364,C,T
18,21894275,A,T
18,21891947,C,A
18,21747356,T,C
20,60861642,G,A
20,60854217,G,C
20,60864347,C,T
20,60861678,G,A
20,60835154,C,A
2,179214117,G,T
2,179197661,C,T
2,179247976,C,T
2,179247751,T,C
2,179247153,G,T
2,179248905,T,C
2,179255873,G,A
2,179170975,G,T
2,179248858,T,C
2,179259071,G,T
2,179255867,T,A
2,179248840,A,T
2,179255854,G,T
2,179226408,G,T
2,179209051,G,A
2,179247977,G,A
2,179250197,C,A
17,45886294,C,A
17,45896421,C,A
17,45893993,G,A
17,45891148,C,T
17,45886818,T,A
17,45895647,G,A
17,45892391,T,A
17,45886269,G,T
17,45895954,C,A
17,45891129,C,A
17,45894135,C,A
17,45892693,C,G
22,30660259,C,T
22,30661059,C,A
22,30660402,G,T
22,30660136,G,T
22,30661033,C,A
22,30660183,T,A
8,99961644,C,A
8,99961564,G,C
8,99961221,C,A
8,99961558,G,T
8,99961674,C,A
8,99961477,G,T
8,99962949,G,T
8,99961384,C,A
8,99961691,G,C
8,99961618,C,T
8,99961588,G,C
X,48780529,C,A
X,48781242,G,T
X,48780398,C,T
X,48781242,G,C
X,48791779,G,C
X,48783166,C,A
5,41853613,T,A
5,41762287,C,A
5,41805723,C,A
5,41739590,C,A
5,41762251,T,C
5,41794128,C,A
5,41739577,T,C
5,41870398,C,T
5,41862832,G,A
5,41739504,C,G
5,41870434,G,A
5,41853623,C,A
12,121622337,T,G
12,121600272,C,A
12,121613190,G,C
12,121603861,G,C
12,121600296,C,G
12,121592673,G,T
X,78216382,G,A
X,78217036,A,T
X,78216154,T,A
X,78217060,C,A
X,78216452,G,C
X,78216792,T,C
X,78216865,C,T
X,78216927,C,T
X,78216960,C,A
X,78216858,C,G
X,78216859,G,A
X,78216921,C,A
X,78216922,C,A
X,78216969,C,T
X,78216564,G,C
X,78216521,C,A
X,78216847,G,C
X,78216425,C,G
X,78216671,C,A
X,78216469,G,C
X,78216209,C,A
X,78216121,C,A
X,78216114,C,T
X,78216351,C,A
X,78216671,C,A
X,78216603,G,C
X,78217004,G,T
X,78216073,G,C
X,78216338,G,C
X,78216850,C,T
X,78216851,C,A
X,1584585,G,A
X,1584436,G,A
X,1584744,C,A
X,1585173,C,A
X,1584489,G,T
X,1585399,C,T
X,1585188,G,A
X,1584364,C,A
X,1584858,G,A
X,1584266,G,T
X,1585308,C,A
X,1585309,A,G
X,1584494,T,A
X,1584597,G,T
X,1584615,C,A
X,1584368,G,A
X,1585327,A,T
X,1584790,A,T
X,1584597,G,T
X,1585176,C,A
X,1584429,A,T
X,1584526,C,G
X,1584780,C,T
11,73979202,C,A
11,73988125,T,A
11,73988126,G,A
11,73997406,A,G
11,74000173,T,A
11,73988087,C,A
11,74000151,T,A
17,79804359,C,T
17,79805209,C,G
17,79817264,C,A
17,79813069,G,A
17,79817162,C,G
17,79801924,T,A
17,79803440,C,G
17,79803471,G,A
17,79813036,C,A
3,49044257,C,A
3,49038812,A,C
3,49044234,C,A
3,49038897,G,C
3,49043295,G,A
3,49040084,G,A
12,56500854,C,T
12,56500856,C,T
12,56498499,G,A
11,73625495,C,G
11,73589859,C,T
11,73638539,C,T
20,43552898,G,T
20,43552822,G,A
20,43559304,G,A
20,43566779,G,C
20,43538805,C,T
20,43547850,A,T
20,43559182,G,C
1,40041491,C,A
1,40028026,T,A
1,40035545,G,A
1,40034599,T,C
1,40030416,A,T
1,40038208,T,C
14,23793585,C,G
14,23794470,C,G
14,23794376,G,T
14,23794441,C,T
14,23793490,C,T
14,23794478,T,C
14,23794548,A,G
14,23794321,G,T
14,23792633,C,G
14,23792683,A,T
14,23793489,G,T
6,34499478,C,A
6,34497246,A,T
6,34496627,G,C
6,34494074,G,A
6,34499392,C,G
6,34497300,G,T
6,34498311,G,T
22,43287087,C,T
22,43289489,C,T
22,43272936,G,A
22,43284730,G,A
17,2583589,G,T
11,117038152,G,T
11,117038323,G,T
11,117038616,A,T
19,42804211,C,A
4,57314715,A,G
4,57301963,G,A
6,10707679,G,C
6,10709643,G,A
6,10697641,A,C
6,10709681,A,T
6,10702848,C,A
3,196547287,G,C
3,196509565,G,A
3,196509691,A,T
3,196533538,G,T
12,56720128,G,A
12,56711296,G,C
12,56712094,G,A
12,56720556,G,A
12,56726626,C,A
12,56712162,G,A
12,56713716,T,A
12,56712181,C,G
12,56721396,C,T
11,93886744,A,G
11,93912816,G,T
11,93912879,G,C
11,93911607,G,T
11,93886733,G,A
11,93862636,C,T
14,73718736,A,G
14,73718501,G,C
14,73733266,C,G
14,73721605,G,T
14,73716727,G,T
14,73726063,C,A
14,73725692,C,T
14,73725989,A,G
14,73721320,C,T
14,73719443,C,A
4,79856274,C,T
4,79847761,T,C
4,79860372,G,C
4,79847698,C,G
16,3019681,G,A
6,52268418,C,T
6,52269009,G,C
6,52269010,C,T
6,52268474,C,G
6,52268034,G,A
6,52268055,G,T
2,205986319,C,A
2,206165394,G,T
2,206480452,C,T
2,206364756,G,T
2,206165336,G,T
2,206166581,G,A
2,205829890,G,A
2,206364714,G,T
2,206166423,G,A
2,206480498,G,T
2,206480499,G,T
2,205989156,A,G
2,205986561,G,A
2,205829880,T,G
2,205989158,G,T
2,206036933,A,T
2,206305289,A,G
2,206166215,C,G
2,206364664,G,A
2,206037038,C,G
2,206166217,G,T
2,205969185,G,C
2,206036935,G,A
2,205829958,T,A
2,206165275,G,T
2,206305167,G,T
2,206265804,C,T
2,206364738,G,T
2,206364739,A,T
2,205986661,G,A
2,206023588,G,T
2,206166352,G,A
2,205986568,C,T
2,206023618,G,T
2,206418047,G,T
2,206480373,A,T
20,49366697,G,T
20,49366767,G,T
20,49366455,A,G
3,183602624,C,A
3,183547335,G,A
3,183602624,C,T
3,183562041,A,C
3,183547410,G,A
4,75937772,C,T
12,3923203,C,A
12,3921379,G,A
12,3938098,G,A
3,122354971,T,C
3,122340333,G,T
3,122354909,C,G
3,122354777,G,A
3,122353866,G,A
3,122354802,G,C
14,20825623,A,C
14,20825207,C,T
14,20820432,G,A
14,20815046,G,C
14,20824169,C,T
14,20811812,G,T
14,20811820,G,A
2,242065750,T,C
2,242046118,C,G
2,242066563,C,A
2,242054438,C,A
2,242078153,C,A
2,242063447,C,A
2,242066662,C,G
2,242066203,C,A
2,242066565,C,A
2,242076536,C,A
2,242054508,C,A
2,242066605,C,A
2,242066327,T,A
2,242054368,G,C
2,242066278,C,A
2,242075382,C,A
2,242079351,G,T
2,242066664,C,A
2,242076568,C,T
2,242065726,G,A
2,242075338,C,A
2,242054766,T,C
1,19018324,G,C
1,19027164,C,T
1,19029612,C,G
1,19062344,C,A
1,19018358,G,C
1,19062359,C,A
1,19027165,C,A
1,19018254,G,C
1,19062125,G,T
1,19062154,C,T
1,18960982,C,G
1,164761875,G,T
1,164769122,G,T
1,164532548,G,T
1,164789369,T,G
1,164769120,A,T
1,164815970,G,T
1,164781329,A,T
1,164789339,C,G
1,164761873,T,C
1,164768988,G,T
1,164789390,G,T
12,53853102,C,T
12,53849708,G,C
12,53849272,G,T
21,47320983,G,T
21,47333886,A,G
21,47360050,G,A
21,47361694,G,C
21,47337642,A,T
21,47360050,G,T
21,47320913,T,A
21,47359949,A,T
21,47361589,C,T
21,47337671,G,C
21,47337540,G,A
21,47360037,G,A
3,51994785,T,A
3,51994299,G,C
4,30725755,G,T
4,30724540,G,A
4,30732507,C,A
4,30725602,T,A
4,30725689,T,A
4,30724796,C,A
4,31144321,C,T
4,30725633,G,T
4,30726045,C,T
4,30921948,C,A
4,30726073,A,T
4,30725575,C,A
4,30724495,A,C
4,30724559,C,G
4,31144129,G,T
4,31144507,A,T
4,30732542,T,C
4,30726066,C,A
4,30724070,G,A
4,30732466,C,G
4,30724787,C,A
4,30725013,C,A
4,30726008,C,A
4,30732498,G,T
4,30725202,C,T
4,30724581,C,A
4,31144138,T,A
4,30725632,A,T
4,30726162,G,C
4,30725202,C,T
4,30732382,T,C
4,30726120,C,A
4,30724649,C,A
4,31144127,G,T
4,31144176,G,A
4,30921781,C,T
4,30726139,G,C
4,30725906,G,C
4,30725930,G,A
5,140255260,C,A
5,140255544,G,T
5,140256217,G,T
5,140255556,C,A
5,140256399,G,A
5,140256892,A,T
5,140255495,G,A
5,140256796,T,A
5,140256157,C,T
5,140256382,C,A
5,140256600,G,T
5,140256515,G,C
5,140256768,G,A
5,140257427,A,C
5,140255192,G,T
5,140256799,T,A
5,140255643,C,A
5,140255829,G,A
5,140256759,A,G
5,140257174,C,T
5,140256592,C,T
5,140256413,G,T
5,140255726,A,G
5,140256308,C,G
5,140256557,C,A
5,140255747,A,G
5,140256740,C,T
5,140581105,G,T
5,140580953,C,A
5,140581353,C,A
5,140581456,C,G
5,140580730,C,T
5,140579865,G,T
5,140580418,A,T
5,140579376,A,G
5,140580183,A,G
5,140581263,G,T
5,140579415,T,C
5,140579307,G,C
5,140580431,G,C
5,140581561,C,T
5,140580647,G,A
5,140580339,C,A
5,140579566,G,T
5,140580847,C,T
5,140581600,C,A
5,140581388,G,C
5,140581420,G,T
5,140580977,G,A
5,140581247,G,A
5,140579376,A,T
5,140580991,C,A
5,140580953,C,G
5,140579393,C,A
5,140581715,C,T
5,140580956,G,A
5,140581415,T,C
5,140579492,G,T
5,140581012,C,A
5,140581442,T,C
5,140580845,C,A
5,140581476,C,T
5,140581202,G,C
5,140580679,C,A
5,140579439,G,T
5,140581526,G,T
5,140580573,T,C
5,140579944,G,T
5,140579690,C,T
5,140579691,A,T
5,140581504,G,T
5,140580808,C,G
5,140581670,C,A
5,140581426,G,A
5,140581230,G,T
5,140580428,C,G
5,140580429,C,A
5,140581767,T,C
5,140595266,T,C
5,140594246,G,T
5,140594521,G,A
5,140595759,C,A
5,140593731,G,A
5,140594640,C,A
5,140594856,G,T
5,140595072,C,A
5,140595284,G,A
5,140594323,A,T
5,140595934,C,G
5,140595569,G,T
5,140594670,T,A
5,140595778,G,T
5,140595063,C,A
5,140595689,G,T
5,140595852,G,T
5,140594394,C,A
5,140595649,C,T
5,140595396,C,T
5,140596013,A,T
5,140596014,C,T
5,140594255,G,C
5,140595675,G,T
5,140594338,G,T
5,140595123,A,G
5,140593986,C,A
5,140594897,A,G
5,140475432,C,A
5,140475149,G,T
5,140474955,C,A
5,140475866,C,T
5,140476407,C,A
5,140475158,C,A
5,140476226,G,T
5,140475165,C,G
5,140475166,C,A
5,140475631,C,A
5,140475245,C,T
5,140475710,G,T
5,140475761,C,A
5,140476716,C,A
5,140474662,G,T
5,140476930,C,A
5,140475894,C,A
5,140475903,C,T
5,140474663,C,A
5,140475572,G,A
5,140476198,G,T
5,140476694,C,T
5,140475054,C,A
5,140475725,C,A
5,140475181,G,T
5,140475239,G,T
5,140476414,G,A
5,140476417,C,A
5,140476230,T,G
5,140475031,C,G
5,140476117,G,T
5,140476118,G,T
5,140476327,G,T
5,140476015,G,T
5,140475997,G,A
5,140475340,G,T
5,140474750,A,T
5,140475524,G,C
5,140476111,C,A
5,140476387,C,A
5,140475971,G,T
5,140476092,C,T
5,140474443,G,T
5,140475913,C,A
5,140723779,C,A
5,140725310,C,T
5,140723873,C,A
5,140723724,G,T
5,140724478,A,T
5,140724479,T,A
5,140725148,G,T
5,140724833,C,A
5,140724834,C,T
5,140724004,C,A
5,140724427,A,C
5,140725293,C,T
5,140724491,G,C
5,140725397,C,A
5,140723759,G,A
5,140725007,C,A
5,140725094,G,T
5,140725741,T,A
5,140725308,G,A
5,140725500,G,C
5,140725937,C,T
5,140725438,A,G
5,140724253,G,A
5,140723843,C,G
5,140724883,G,T
5,140725926,G,A
5,140724495,G,A
5,140725310,C,A
5,140725017,T,A
5,140724444,G,T
5,140725337,T,A
5,140725691,G,T
5,140725540,A,G
5,140724454,C,A
5,140723793,C,T
5,140725454,G,T
5,140725827,G,T
5,140725056,C,G
5,140723658,C,A
5,140724046,G,C
5,140723888,C,A
5,140723710,A,G
5,140725383,G,C
5,140725412,G,T
5,140723874,C,A
5,140725527,G,C
5,140725167,G,A
5,140725983,C,T
5,140723667,C,T
5,140725254,G,T
5,140725835,G,T
5,140723683,C,A
5,140725707,G,A
5,140724231,G,T
5,140725511,G,T
5,140724783,G,A
5,140789266,G,T
5,140789108,G,A
5,140788211,G,T
5,140789016,C,A
5,140788037,A,G
5,140787978,C,A
5,140788541,G,T
5,140790226,C,A
5,140788613,C,A
5,140788043,C,A
5,140788740,G,A
5,140787938,A,T
5,140788222,A,T
5,140788971,A,T
5,140789165,C,G
5,140789649,G,A
17,36896596,G,C
17,36895085,C,T
17,36894636,G,A
10,105110867,G,A
10,105108755,C,A
21,41300977,G,A
1,55512290,G,T
1,55524239,C,T
2,70502790,A,G
2,70504027,C,G
2,70504387,G,C
2,70504289,C,G
7,99002529,C,T
7,98995497,C,T
7,98995504,C,G
3,167413436,T,A
3,167414840,G,C
3,167414851,C,A
10,105199500,C,G
10,105158271,G,T
10,105178389,G,T
10,105162908,G,T
10,105205183,G,T
10,105174762,G,T
10,105166456,C,G
10,105194078,C,G
10,105177627,G,T
10,105158170,T,A
10,105198552,G,C
10,105193765,C,T
10,105194595,A,T
10,105173785,T,C
10,105201669,G,T
10,105201670,G,T
10,105166430,A,G
10,105169541,G,T
10,105182844,G,T
10,105200102,A,C
10,105191887,G,C
10,105203041,A,T
10,105197799,C,T
10,105166456,C,T
10,105184934,G,T
10,105158243,G,C
9,5534754,C,A
9,5549474,C,A
9,5534764,C,A
9,5534897,C,A
9,5522564,A,C
9,5557753,G,A
6,170886768,C,G
6,170887973,C,G
6,170886617,A,G
19,33075909,G,A
19,33078020,C,T
19,33078159,T,C
19,33076808,G,A
3,33885676,A,T
3,33870350,G,T
3,33879712,G,C
3,33863558,C,T
3,33896716,T,A
3,33863496,A,G
3,33867986,G,T
3,33883431,G,T
3,33886985,C,T
3,33906811,C,T
3,33870389,C,T
2,101192951,G,T
2,101188174,C,T
2,101183005,A,G
2,101192814,A,G
2,101192998,A,C
2,101186146,G,A
2,101192911,C,T
2,101192912,G,T
2,101179519,C,A
11,72297129,G,C
11,72295736,C,T
11,72290584,G,A
11,72293506,G,C
11,72290346,G,T
11,72299887,G,A
11,72295353,G,A
11,72291952,T,C
11,72289976,G,T
11,72291955,G,C
11,72295737,G,A
11,72289312,G,T
11,72292014,G,A
11,72289976,G,T
11,72292496,G,T
11,72301025,G,T
11,72289364,C,A
11,72290425,G,A
1,66838395,C,T
1,66713219,C,A
1,66713283,A,T
1,66458793,G,T
1,66384438,G,A
1,66838487,G,C
1,66723131,G,T
1,66838408,C,A
1,66833499,A,T
1,66834571,G,C
1,66384459,G,T
1,66458629,G,A
1,66384348,C,T
1,66713197,C,A
1,66831407,G,T
1,66723129,A,T
1,66713200,C,G
1,66458592,G,C
1,66833501,C,T
1,66829200,C,A
1,66833441,G,T
1,66833714,T,A
1,66829204,G,T
1,66833711,G,A
1,66713189,C,A
1,66723362,C,T
5,58295355,T,A
5,58271639,C,A
5,58273015,T,G
5,58271612,G,A
5,59064159,A,T
5,59284440,G,A
5,59064319,C,A
5,58271518,C,A
5,59284456,C,G
5,58271618,G,A
5,58273027,G,T
5,59064181,G,A
2,232597568,T,A
2,232645927,C,T
21,44108030,C,T
21,44182290,G,A
21,44190883,A,G
21,44171239,T,A
21,44151978,G,A
21,44151935,G,A
21,44108033,G,C
21,44151869,G,T
21,44117587,G,T
21,44152042,G,T
21,44192569,C,T
21,44152188,G,A
22,39626149,C,T
5,149515331,C,A
5,149501578,C,T
5,149515439,C,A
5,149514487,C,G
5,149505025,C,A
5,149501587,C,A
5,149495388,C,G
5,149515374,T,A
5,149515136,G,T
5,149515317,C,A
5,149513572,C,A
5,149497284,C,A
5,149498364,G,T
5,149509368,G,A
5,149514548,G,C
5,149502656,G,T
5,149512387,G,C
5,149502662,C,A
5,149501447,G,T
8,17447231,A,T
8,17491598,C,T
8,17500265,T,C
8,17434764,G,C
8,17447249,G,T
8,17486207,G,C
X,19369444,C,A
X,19362145,G,A
X,19377734,G,T
X,19362105,C,T
X,19377730,C,T
X,19375768,A,T
X,19372640,G,T
11,34988231,C,A
11,34979028,T,C
11,34978962,G,T
11,34938196,C,T
2,10927534,C,G
2,10929942,C,T
2,10933284,G,A
2,10932003,C,T
2,10927471,G,A
17,48186757,A,G
17,48186727,T,C
8,22439036,C,T
8,22449117,G,T
8,22438043,C,A
8,22442667,C,G
8,22442336,C,G
8,22442594,C,T
4,95445019,C,G
4,95497016,G,T
4,95444992,G,C
4,95444880,A,T
4,95539174,C,T
4,95444920,G,T
5,176918102,C,T
5,176923490,C,T
5,176919548,C,A
5,176916490,C,A
5,176915218,A,T
8,94935532,G,T
8,94934845,G,T
8,94934695,A,G
8,94934291,C,A
8,94930028,G,T
8,94935646,G,T
10,27031431,A,T
10,27009245,G,A
21,45152394,G,A
21,45172503,G,C
21,45161605,A,C
21,45173597,C,G
10,119044378,C,A
10,119043130,G,A
10,119043833,T,A
10,119044270,G,A
10,119078424,T,G
10,119043973,C,A
10,119043168,C,T
10,119044936,C,T
10,119044981,A,T
10,119043306,T,C
10,119043108,C,T
10,119044326,C,A
10,119044815,C,A
10,119043640,C,T
10,119100606,G,A
10,119043175,C,A
10,119044119,T,C
1,47653003,C,A
8,22570953,G,T
8,22571033,G,A
17,4607241,C,A
17,4574687,T,C
17,4607409,T,C
17,4576080,C,T
17,4594689,T,A
17,4576947,C,A
17,4576158,C,A
17,4575007,C,A
17,4575248,C,G
17,4579109,C,G
17,8045618,G,A
17,8053356,C,A
17,8046768,G,T
17,8054080,C,A
17,8044235,C,A
17,8050243,G,A
17,8048176,A,T
17,8048275,G,C
17,8048231,C,A
17,8045300,G,C
17,8044469,G,C
17,8053822,C,T
17,8053803,G,A
17,8051528,G,T
1,7858635,T,C
1,7887624,C,A
1,7880257,G,C
1,7879479,A,T
1,7897194,A,G
1,7848195,G,A
1,7880542,C,T
1,7846896,A,T
1,7887411,C,T
1,7858730,G,T
1,7848163,A,T
22,30974931,G,A
22,30977610,T,A
22,30977532,G,A
22,30984106,C,A
22,30974976,C,A
22,30976163,C,G
15,90226656,T,A
15,90226986,C,G
15,90227119,G,A
15,90226650,C,A
1,145522602,G,A
1,145522532,G,C
2,61258828,G,A
2,61259019,G,C
2,61272966,T,C
2,61258982,A,G
11,45937333,C,A
11,45937052,G,A
11,45935430,C,A
7,92146692,C,A
7,92148291,T,C
7,92131279,C,A
7,92147008,T,C
7,92118631,T,C
7,92131237,G,A
7,92146862,C,G
7,92136428,G,A
7,92147523,C,A
12,7343064,C,A
12,7362677,G,A
12,7361763,C,T
12,7362389,G,T
12,7361712,G,A
12,7362816,G,T
12,7342955,C,T
1,161087769,C,A
1,161070589,C,T
1,207245718,C,T
1,207245606,C,T
1,207240992,G,A
1,207240959,C,T
1,207235398,C,T
3,149683838,C,A
15,34396295,A,G
15,34396158,C,G
15,34396410,C,T
15,34395533,G,A
15,34396468,A,T
1,230472853,C,T
1,230472903,C,A
1,230472975,C,A
1,230503892,T,A
1,230472947,T,A
1,230468654,C,A
1,230472933,G,T
1,230492930,C,A
1,230486821,C,G
1,230492952,G,C
1,230492796,G,A
1,230459115,G,A
1,230492710,T,C
11,74053997,C,T
11,74049567,C,A
11,74056626,C,T
11,74049637,C,A
11,74049576,C,G
11,74054018,T,C
11,74054019,C,T
9,71144537,A,G
9,71006561,A,T
9,71098889,C,A
9,71114172,A,T
9,71098793,G,T
9,70999419,G,A
9,71007278,C,T
9,71006587,G,T
9,71006565,G,C
9,71006478,G,A
9,71098938,G,A
9,71006459,C,A
9,71006456,G,T
9,70993155,C,A
9,71006524,C,A
9,71098888,G,A
9,71098929,G,T
9,71094399,G,T
9,71002378,G,A
9,70993229,G,T
9,71114208,G,A
9,71080084,A,T
16,2263992,T,A
16,2263681,G,T
X,118370318,C,A
X,118377132,G,T
X,118370574,G,T
X,118370259,C,A
6,13206311,G,A
6,13182882,G,T
6,12718972,C,T
6,13283761,T,C
6,12934208,G,T
6,13160490,G,T
6,12933902,G,A
6,13283719,C,T
6,13230268,G,T
6,13228216,C,T
20,58342339,C,A
20,58318161,G,A
20,58348444,C,A
20,58349494,G,C
20,58330261,C,A
20,58381109,G,C
20,58348440,G,T
20,58348406,C,T
20,58349509,C,A
20,58416515,C,T
20,58349461,G,T
20,58322877,G,C
20,58349510,A,T
20,58349336,G,A
20,58322818,G,C
20,58342383,C,A
20,58342384,C,A
20,58348388,G,T
20,58330363,C,T
12,7077178,G,A
12,7079375,C,T
12,7076663,C,T
12,7076633,G,C
12,7079435,C,T
12,7079658,G,A
12,7079659,G,A
12,7076739,G,C
17,47482453,C,G
17,47486768,G,A
1,33832803,T,C
1,33790549,C,A
1,33799778,A,T
1,33820487,G,C
1,33794655,A,G
1,33790505,C,T
1,33832751,A,T
3,169840403,A,C
9,123626344,C,T
9,123632765,G,A
9,123628312,A,T
9,123623386,C,T
9,123620246,C,A
9,123628067,T,A
22,41864685,G,A
12,76424431,G,C
12,76425198,G,A
12,76424788,C,A
12,76424317,C,G
12,76424750,C,G
12,76425191,C,G
19,44008064,G,A
19,43979578,T,C
19,44001363,C,T
19,44001309,G,C
19,44001348,C,A
19,44001416,C,A
19,44008246,C,A
19,43990952,C,G
19,44005962,C,T
19,43979530,G,C
19,43982285,C,A
2,170558020,G,T
2,170557488,A,G
2,170557703,C,T
2,170558124,C,G
2,170557787,G,T
2,170558031,G,T
8,75757373,A,T
8,75756296,G,A
8,75737548,G,T
8,75761495,C,A
8,75757725,G,T
8,75756325,G,T
8,75737654,G,T
8,75737725,G,C
8,75737310,G,T
8,75757616,G,T
8,75737559,C,G
8,75756256,C,A
8,75756265,G,A
8,75756266,C,T
8,75737501,C,A
6,36930854,A,G
6,36930861,T,A
6,36930959,C,T
6,36929264,C,T
6,36931029,C,A
6,36922668,G,T
10,99426256,T,A
10,99400513,G,A
15,65112091,C,A
15,65112092,C,A
15,65114451,G,T
15,65110486,C,A
15,65108962,G,T
15,65108869,G,A
15,65114717,G,T
15,65114558,G,C
15,65108918,G,C
15,65111421,A,T
15,65114620,C,A
15,55626073,A,G
15,55647133,C,T
15,55619816,G,A
15,55613537,A,T
16,630919,C,G
16,633311,A,T
16,624618,G,C
16,633139,G,A
16,632949,A,G
16,633239,G,A
16,624190,C,G
17,34894229,C,T
17,34893860,G,A
17,34894132,T,A
1,204425171,C,A
1,204412608,C,A
1,204402453,T,C
1,204436048,T,C
1,204394102,C,A
1,204433733,C,T
1,204438008,G,A
1,204438211,C,G
1,204401488,T,C
1,204418313,C,A
1,204425008,C,T
1,204403679,C,A
1,204403029,G,A
1,204416610,C,A
1,204415187,T,A
1,204410669,T,C
1,204400812,G,A
1,204408126,G,A
1,204429716,T,A
1,204412697,G,A
1,204419113,G,A
1,204426904,G,A
1,204438804,C,A
1,204413539,C,A
1,204415219,G,A
1,204394102,C,A
1,204415206,C,G
1,204409332,C,T
1,204438486,C,A
18,39647380,C,T
18,39537583,G,T
18,39617691,G,T
18,39637886,G,T
18,39623730,G,T
18,39567840,G,A
18,39570441,A,T
18,39623776,G,C
18,39620662,C,T
18,39647373,G,T
18,39609346,G,A
18,39537617,C,G
18,39575887,G,C
18,39629595,C,T
18,39584342,G,T
18,39535227,G,T
3,138461618,G,T
3,138374338,C,T
3,138375036,A,T
3,138478125,C,G
3,138375084,A,G
3,138376650,G,C
3,138383947,C,T
3,138453601,G,A
3,138456718,C,A
3,138474811,T,G
3,138478038,C,G
1,46531746,C,T
1,46532698,G,A
1,46511639,A,G
1,46521524,A,G
6,37138393,C,T
6,37139014,G,C
1,20977310,A,G
1,20977311,G,A
1,20964599,A,C
1,20964402,G,A
X,15425673,C,A
X,15444094,G,A
X,15474024,T,A
X,15509385,G,T
17,65628352,G,C
17,65574312,T,A
17,65688809,C,A
17,65665684,G,T
17,65688837,A,T
17,65529066,G,T
17,65688891,C,T
10,3206021,G,A
10,3212375,C,T
10,3197873,G,A
10,3190491,A,G
10,3190573,C,T
X,68382689,A,T
X,68382833,C,T
X,68381557,C,A
X,68381182,C,A
X,68381937,C,G
X,68381955,C,T
X,68381829,C,A
X,68381806,C,G
X,68382735,C,A
X,68381246,C,A
X,68382632,C,A
X,68382067,G,A
X,68381718,G,T
X,68382496,C,G
X,68381607,T,A
X,68382049,T,G
16,2164249,C,A
16,2156625,G,A
16,2159029,C,A
16,2156195,T,A
16,2159364,C,A
16,2168147,T,A
16,2159381,C,A
16,2159382,T,A
16,2164306,C,A
16,2158369,C,A
16,2162448,G,A
16,2155467,C,A
16,2140354,C,T
16,2158452,G,A
16,2161139,C,A
16,2147971,C,A
16,2159023,C,T
16,2160517,G,C
16,2153583,G,T
16,2160778,C,T
16,2147731,C,G
16,2150186,C,G
16,2152079,C,A
16,2158299,T,A
16,2158457,C,A
16,2142138,C,A
16,2147377,C,A
16,2160594,A,C
16,2155885,A,G
16,2160490,C,A
16,2159683,G,A
16,2159684,C,A
16,2164413,C,A
16,2162818,C,T
16,2161870,C,T
16,2156019,C,A
16,2143934,C,A
16,2164199,T,A
16,2153733,C,G
16,2160655,C,A
8,110457307,G,T
8,110394800,C,T
8,110457743,G,T
8,110457425,T,G
8,110455957,A,G
8,110455958,G,T
8,110476784,G,T
8,110394766,A,T
8,110535564,C,A
8,110448582,C,T
8,110464485,C,A
8,110497320,G,C
8,110397854,T,A
8,110464484,T,A
8,110509245,T,G
8,110432765,T,A
8,110431379,G,T
8,110477349,G,T
8,110394763,G,A
8,110460467,A,T
8,110477365,G,A
8,110394726,A,T
8,110396319,A,T
8,110441625,G,C
8,110477324,G,A
8,110523119,C,A
8,110467032,C,T
8,110539098,T,C
8,110457421,G,C
8,110498976,C,A
8,110457293,C,A
8,110504206,T,A
8,110456949,T,A
8,110477130,C,A
8,110466949,C,T
8,110457684,A,C
8,110457385,G,T
8,110488847,G,T
8,110456009,C,G
8,110509228,C,A
8,110463272,C,T
8,110487448,G,T
8,110457161,C,G
8,110502186,G,T
8,110478928,C,A
8,110457348,C,T
8,110523110,G,C
8,110476711,C,T
8,110497338,C,T
8,110457187,C,T
8,110431348,C,A
8,110453503,G,C
8,110453504,G,T
8,110454380,A,T
8,110463299,C,A
8,110452937,A,G
8,110476845,C,A
8,110530423,C,A
8,110432848,C,A
8,110509423,T,C
8,110447569,C,A
8,110457589,C,A
8,110457590,C,G
8,110476838,G,C
8,110451174,C,G
8,110451322,G,T
8,110447583,G,C
8,110448623,G,T
8,110424542,G,T
8,110530708,C,T
8,110460608,A,T
8,110397857,G,A
8,110509204,G,T
8,110534559,G,T
8,110520333,T,G
8,110478983,C,A
8,110476589,C,A
8,110466981,C,T
8,110454385,G,T
8,110457536,G,A
8,110505897,G,A
8,110523010,A,T
8,110432868,T,C
8,110432879,G,T
8,110457809,C,G
8,110408305,G,T
8,110432916,G,T
8,110453508,C,A
8,110457431,A,G
8,110466963,G,T
8,110530508,T,A
8,110535061,C,A
8,110408292,G,A
8,110466953,T,A
8,110454418,A,T
8,110447520,G,T
8,110455274,T,G
8,110457547,G,C
8,110476761,C,A
8,110477106,G,T
8,110454419,C,A
8,110477060,G,T
8,110455939,G,T
8,110431379,G,T
8,110454308,G,T
8,110451183,T,C
8,110396316,C,T
8,110477365,G,T
16,3025598,A,G
16,3024317,G,A
16,3025738,C,A
19,14581019,G,A
19,14574749,G,T
19,14569168,A,T
19,14569148,G,C
19,14569149,C,T
9,131482827,G,A
9,131475832,G,T
9,131469282,G,C
9,131476880,G,A
9,131469303,G,T
9,131479051,G,C
9,131475465,G,T
21,44441491,C,G
21,44437171,C,T
21,44438272,G,T
21,44433348,G,C
21,44441416,C,T
21,44427664,G,T
21,44445025,G,A
21,44441505,G,T
3,119336897,G,T
3,119347670,T,C
3,119348297,G,A
3,119327669,C,A
3,119344001,A,T
3,119325679,T,C
4,110639891,C,A
4,110635603,C,A
10,74714370,G,T
10,74714335,G,C
10,74714288,A,G
10,74701039,A,C
12,120760004,G,T
12,120765547,G,T
22,31533819,G,C
22,31533867,G,A
22,31533822,G,C
22,31533803,C,A
22,31534744,G,T
22,31536292,C,G
22,31534710,T,A
15,42436328,C,T
15,42446614,G,A
15,42441919,T,G
15,42436333,G,T
15,42438093,C,T
15,42434260,C,T
15,42434278,G,A
15,42436757,C,G
15,42434107,C,T
15,42445819,T,A
2,160898556,C,A
2,160807914,G,C
2,160798647,G,C
2,160836348,C,G
2,160901621,G,C
2,160901606,C,A
2,160862202,C,A
2,160806229,T,A
2,160825826,C,T
2,160806217,G,A
2,160901445,A,G
2,160884857,G,T
2,160803187,G,A
2,160833814,C,A
2,160798460,C,T
2,160884750,G,A
2,160801417,C,G
2,160898542,C,A
2,160807954,T,C
9,26920328,T,C
9,26928119,T,C
9,26905785,T,C
9,26935113,G,C
9,26905890,G,A
6,144263090,G,A
6,144263529,G,T
6,144263191,A,T
8,42036487,G,C
8,42038086,G,T
8,42038087,G,T
8,42040297,A,C
8,42038173,G,A
8,42037843,G,C
8,42044933,C,T
8,42046532,C,G
8,42037474,C,A
8,42037883,G,T
8,42040260,G,A
8,42037883,G,T
8,42046462,C,A
8,42046466,G,C
8,42038061,G,T
8,42036448,G,T
8,42040332,G,T
8,42036484,G,T
8,42038129,G,A
8,42050725,A,G
3,111564672,G,A
3,111426975,G,T
3,111427069,C,T
3,111394116,G,A
3,111432915,C,A
3,111394113,C,A
3,111426976,G,A
3,111432892,T,G
3,111432789,G,A
14,67859505,C,T
14,67862182,C,A
14,67859554,A,G
2,179360225,C,G
2,179343309,A,G
2,179343292,G,C
2,179358664,C,T
11,73372606,G,T
11,73372606,G,A
19,39915029,G,C
19,39915833,G,T
19,39911931,G,T
19,39911932,G,T
19,39913963,G,A
19,39914084,G,A
19,39914598,G,A
19,39915830,A,G
19,39913447,G,A
19,39913448,C,T
19,39915327,G,T
19,39911934,T,G
19,39907024,C,T
19,39915411,C,G
19,39914254,C,T
19,39909404,C,A
19,39911746,A,T
19,39913476,G,A
14,65198849,C,T
14,65209851,G,T
14,65208183,G,T
14,65194383,A,G
14,65194490,G,C
14,65205488,C,T
14,65208998,C,A
14,65208208,C,T
14,65210038,G,C
14,65208725,G,A
14,65197753,C,T
14,65194591,G,T
1,6527624,C,G
1,6527485,C,A
1,6528571,G,A
1,6527564,C,T
1,6528512,G,A
1,6528321,G,A
1,6534646,C,A
1,6527588,C,G
1,6528596,C,A
1,6537604,C,A
12,6424195,G,A
12,6428049,T,C
12,6424235,G,A
12,6426509,G,A
12,6435620,G,A
2,208725974,T,A
2,208795666,C,G
2,208866251,C,A
2,208866252,C,G
2,208795833,T,A
2,208811092,T,G
2,208865986,C,T
2,208865888,C,T
2,208795744,G,A
2,208795829,G,A
2,208841790,C,A
2,208795816,C,A
2,208811222,T,A
2,208866199,T,A
2,208841503,G,C
15,65140842,G,A
15,65157577,G,A
15,65157744,C,T
15,65157686,G,T
15,65157235,C,T
19,4513302,C,T
19,4504673,G,T
19,4517573,C,T
19,4513702,C,A
19,4511380,G,C
19,4511323,G,T
19,4511063,C,T
19,4512005,G,T
19,4510609,C,A
19,4512261,C,G
19,4504784,C,T
19,4513513,G,T
19,4529849,C,A
19,4523664,T,G
19,4529233,G,A
19,4534046,A,C
19,4528892,C,A
19,4529859,G,A
19,4529375,C,A
19,4529105,G,A
19,4523626,C,A
1,45269868,T,A
1,45268774,C,G
1,45268721,A,T
1,45270161,C,A
1,45270044,A,T
4,128808591,G,T
4,128807079,G,A
4,128804507,T,C
4,128804445,G,T
4,128802194,G,C
4,128814463,G,T
4,128812264,A,T
4,128804496,A,G
4,128816214,C,G
4,128802317,G,C
4,128807073,C,G
4,128807298,C,A
4,128814717,G,A
16,57318396,G,C
1,12016982,G,T
1,12025620,C,A
1,12025546,A,G
1,12008052,G,C
1,12009871,G,T
1,12017201,C,T
1,12024297,G,T
1,12020778,G,T
1,12010521,G,A
7,100853845,C,G
7,100853846,C,A
7,100859822,C,G
7,100859584,C,A
7,100849607,C,T
7,100850884,C,A
7,100850885,T,C
7,100860066,C,T
7,100849495,C,A
7,100853847,G,A
7,100856219,C,A
7,100855149,G,T
7,100855548,G,A
7,100859553,C,A
7,100859293,C,A
7,100855930,G,T
7,100850973,C,A
7,100856412,C,A
3,142402845,C,G
3,142402908,G,T
3,142402909,G,T
3,142388293,C,A
3,142388273,G,T
3,142430746,C,G
20,44536389,G,C
20,44536370,C,A
20,44531161,G,T
20,44530969,G,T
20,44540080,G,A
20,44536380,G,C
20,44538660,G,A
20,44540106,G,T
20,44539834,C,G
20,44540122,G,T
20,44540099,G,T
20,44533604,G,T
3,126751248,G,T
3,126707723,A,T
3,126735383,G,T
3,126708479,G,A
3,126747837,G,A
3,126708349,G,T
3,126735843,G,A
3,126708358,G,T
3,126708353,G,T
3,126751317,G,T
3,126751397,T,A
3,126707962,G,T
3,126737303,G,T
3,126746796,A,G
3,126708322,G,T
3,126741074,G,T
3,126708091,G,T
3,126751305,G,T
3,129285420,G,A
3,129286351,C,A
3,129293305,G,T
3,129275046,C,A
3,129276009,C,T
3,129281962,C,A
3,129304863,C,T
3,129284753,C,T
3,129291746,G,C
3,129279567,C,G
3,129275994,T,A
3,129305058,C,A
3,129290609,C,A
3,129275946,G,A
3,129308193,C,T
3,129275272,C,A
3,129290685,C,A
3,129284183,C,A
6,89864535,C,T
6,89862832,G,C
6,89868113,A,G
6,89871553,A,G
6,89859008,G,A
9,139311650,C,T
9,139313653,G,A
9,139306551,A,T
2,190717471,A,T
2,190682749,C,G
2,190660675,G,T
2,190656638,G,T
2,190728561,G,T
2,190719671,G,T
2,190738243,A,T
2,190728661,G,T
2,190656599,G,C
2,190656605,G,A
2,190660540,G,T
2,190719714,G,A
2,190738322,A,T
2,190742055,C,G
2,190728574,A,G
2,190682877,G,A
2,190742066,C,G
2,219137401,C,T
2,219206815,C,T
2,219206749,C,G
2,219204767,C,G
8,28186658,C,G
8,28196801,A,T
11,821651,G,C
9,140358794,C,G
9,140400126,C,T
9,140441330,G,A
9,140400120,C,A
9,140389498,C,T
9,140356425,C,A
9,140392679,C,A
9,140395241,C,A
9,140444638,C,G
9,140442061,C,A
9,140414421,G,T
9,140356630,C,A
9,140414421,G,A
9,140372490,C,A
9,140372491,T,G
9,140438210,T,C
9,140356475,C,A
9,140356755,C,A
6,89790745,G,A
6,89790770,C,T
6,89790705,C,T
6,89790788,C,G
1,24288058,G,C
1,24288049,C,T
20,30804481,G,T
20,30804817,G,A
20,30804435,C,T
20,30816238,C,G
20,30804817,G,A
11,65055292,G,T
11,65048471,C,T
11,65035009,G,C
11,65048481,G,T
11,65055233,A,T
11,65043444,C,T
8,42206594,C,T
8,42196548,A,G
8,42214904,A,G
8,42213036,C,T
8,42220148,G,T
11,67120164,G,A
11,67121003,G,T
11,67120236,C,G
12,133244114,C,A
12,133226000,C,T
12,133218912,C,T
12,133257827,C,A
12,133220029,T,A
12,133209344,C,A
12,133256567,C,A
12,133209087,G,C
12,133201943,G,A
12,133210946,C,T
12,133214603,C,T
12,133220441,C,A
12,133226011,C,T
12,133233726,C,G
12,133209285,G,T
12,133226046,C,A
12,133219533,T,G
12,133218360,C,A
12,133256576,T,C
12,133212492,T,C
12,133225973,C,A
12,133219462,C,T
12,133218935,G,A
12,133256772,T,A
12,133256773,C,A
12,133237579,G,A
12,133219893,A,G
12,133245323,G,C
12,133237666,C,G
12,133234016,C,A
12,133209096,T,A
12,133250242,C,T
12,133214629,G,A
12,133208909,C,A
12,133248870,C,T
12,133202289,T,C
12,133240615,C,A
12,133256133,C,G
12,133248904,G,A
5,74865234,G,A
5,74892989,G,T
5,74892214,A,G
2,86258661,C,T
2,86272749,G,A
2,86258460,C,A
2,86271325,C,T
2,86258474,G,A
2,86292631,C,G
2,86305393,C,G
2,86255821,C,A
2,86292633,T,A
2,86255764,G,A
2,86305001,T,A
2,86305209,A,G
2,86292455,C,T
2,86254630,C,A
2,86305044,C,T
2,86302202,T,A
2,86327196,A,G
2,86258615,C,G
6,43489113,C,A
6,43488713,C,T
1,145601802,C,T
1,145609281,A,G
1,145601583,G,A
1,145594089,C,A
1,145608189,G,C
1,145598609,G,A
1,145609339,A,G
1,145608466,G,A
8,22105494,G,T
8,22107979,A,C
8,22108115,G,C
8,22106630,A,T
8,22102500,C,A
8,22102955,C,T
8,22107690,G,T
16,22326444,G,T
16,22337459,C,T
16,22325045,G,T
16,22326467,G,T
16,22328517,G,A
16,22330144,C,T
16,22330235,G,T
16,22330212,C,T
5,89783891,G,C
5,89781468,T,C
5,89802489,G,C
22,41926706,A,C
22,41926752,G,A
19,624806,C,G
19,629955,C,A
19,629550,C,G
19,622627,C,A
19,625205,C,A
19,629886,C,T
19,619607,C,T
19,630027,T,A
19,619717,G,A
14,77772688,T,A
14,77767592,C,A
14,77767499,G,T
14,77767394,G,T
14,77767441,G,T
14,77765851,G,A
8,99170196,A,T
8,99169968,C,G
8,99169910,G,A
8,99168473,A,G
8,99148943,T,C
8,99135611,C,T
8,99170455,G,T
8,99148736,G,A
8,99168522,G,C
8,99168552,C,T
8,99170181,G,T
8,99169981,C,T
8,99149090,G,T
8,99169904,G,T
8,99158833,G,T
8,99168328,C,T
8,99142345,C,T
8,99161154,G,T
8,99162791,G,T
8,99170233,G,T
8,99142321,G,A
8,99161079,G,C
8,99140740,G,T
3,119373414,A,G
3,119367417,G,A
3,119367346,C,A
3,119373369,C,A
3,119378826,C,A
3,119367340,C,A
3,119367326,G,A
3,119373406,G,T
3,119367247,C,G
13,38158961,C,G
13,38161989,C,A
13,38172925,A,C
13,38160276,C,G
13,38154834,C,A
13,38153997,C,A
13,38161012,A,T
13,38154715,T,C
13,38166236,C,A
13,38143960,T,C
13,38172919,G,A
13,38153365,C,G
13,38172804,G,A
13,38145512,G,T
13,38143443,G,C
13,38154004,G,C
13,38158943,C,A
13,38172752,C,A
13,38161053,T,A
13,38164596,G,C
13,38145519,T,A
13,38171387,C,G
13,38160960,G,C
13,38172935,T,C
13,38166303,T,A
13,38162064,A,G
13,38164523,C,A
13,38158978,G,T
13,38143960,T,C
13,38160919,T,A
13,38148760,G,T
13,38138664,T,A
13,38171417,G,T
13,38156502,C,T
13,38172838,G,T
13,38160333,C,G
13,38154116,G,C
13,38160341,T,C
13,38160987,C,G
13,38153024,A,T
13,38158179,T,A
11,111229611,G,T
11,111225223,C,T
11,111225164,G,T
11,111225079,G,A
11,111224994,C,T
11,111229626,C,A
11,111229633,C,G
11,111228178,T,A
19,42621519,C,T
19,42600075,C,A
19,42599776,C,A
19,42600287,C,A
19,42621423,C,G
19,42621437,C,A
19,42599696,C,A
4,23830166,C,A
4,23815726,G,A
4,23815727,G,T
4,23814457,C,G
4,23886328,C,A
4,23816048,T,A
4,23815782,T,A
4,23797471,C,A
4,23830043,G,T
4,23803939,T,A
4,23815429,A,G
4,23815833,A,T
4,23833297,G,T
4,23803479,G,T
4,23830147,G,C
4,23826100,G,A
4,23816228,C,A
4,23803857,G,T
4,23833295,C,A
4,23816059,C,A
4,23833288,G,A
4,23814445,T,G
4,23830212,T,C
4,23803877,T,A
4,23886435,G,A
4,23815375,C,T
4,23803356,G,C
4,23803432,C,T
4,23816192,T,A
4,57272667,C,T
4,57301533,G,C
4,57301535,G,A
4,57272658,T,G
1,42922946,G,T
1,42923009,G,A
1,42925501,A,G
1,42922700,A,G
11,70171001,C,G
11,70220910,C,T
11,70118299,G,T
11,70176314,C,T
11,70201823,A,G
11,70194393,C,G
11,70172854,T,A
11,70172763,G,A
11,70221071,A,C
1,203026012,C,G
1,203029443,G,T
1,203029447,A,T
1,203024683,C,A
1,203012563,G,C
1,203015032,G,T
1,203033008,C,T
1,203045527,C,A
1,203020922,G,C
1,203036893,C,A
1,203015020,C,T
1,203025516,G,T
1,203025979,G,T
1,203017403,G,C
1,203017404,G,T
1,203024569,G,A
1,203032955,G,T
1,203024729,G,T
11,7662730,G,T
11,7674426,G,C
11,7674544,G,A
11,7662787,C,A
11,7647005,C,T
11,7654166,G,C
11,7631629,G,T
4,159631959,G,A
4,159644357,T,A
6,109762186,G,T
16,4935596,C,A
16,4933740,C,T
16,4934391,C,T
16,4934683,G,C
16,4934911,G,A
16,4949122,C,G
16,4935647,G,T
16,4935802,G,A
16,4940293,G,C
16,4933615,C,G
16,4941903,T,C
16,4935331,C,G
16,4942171,C,T
16,4934324,C,T
16,4960865,C,T
16,4941886,C,A
14,60749727,A,T
14,60749757,G,A
14,60749937,A,G
14,60759220,G,T
14,60749751,A,C
14,60749475,G,T
14,60758115,G,T
2,27616085,C,T
2,27607565,G,A
2,27608914,G,C
2,27616221,G,C
2,27606278,T,C
2,27608704,T,A
2,27604592,G,C
2,27616121,C,A
2,27607729,T,A
2,27615752,C,A
2,27607796,G,A
3,160474394,G,T
3,160783208,G,T
3,160783226,G,T
3,160786693,G,T
3,160474182,T,C
3,160783209,C,A
3,160474420,C,A
3,160786849,G,T
3,160786690,C,T
3,160474254,G,T
3,160474243,G,C
3,160786769,G,T
3,160679533,G,A
19,46002352,C,T
19,46005305,C,A
19,55605780,T,C
19,55624154,C,A
19,55607673,G,A
19,55614842,C,A
20,58514537,G,A
20,58514485,A,C
20,58514177,G,C
20,58514323,G,A
20,58514506,G,A
1,28176643,G,A
1,28167669,G,A
17,48212124,C,A
17,48217463,C,T
17,48226726,C,T
8,26217798,G,A
8,26223870,G,A
8,26212038,A,G
8,26212074,G,T
8,26227802,A,T
8,26212050,G,T
8,26220330,G,A
6,42976964,A,T
6,42978258,C,G
6,42974779,G,C
6,42974720,G,A
6,42976164,T,A
6,42957397,A,T
6,42974756,G,T
6,42952393,G,C
10,75238254,T,G
10,75230716,T,A
10,75198004,T,A
10,75204447,C,G
10,75255498,C,T
10,75231359,T,C
8,22386066,C,A
8,22384988,A,T
8,22355572,G,T
8,22333113,G,T
16,30094153,G,T
16,30087726,C,T
16,30094792,C,T
3,73047268,G,C
3,73096425,G,T
3,73113183,G,T
9,127920638,G,C
9,127952063,G,C
9,127933458,C,A
9,127952031,C,G
9,127933409,C,A
22,22891032,T,A
22,22892305,G,A
22,22892423,G,T
22,22890546,C,A
22,22892504,C,T
22,22899246,G,A
22,22890528,G,C
22,22890891,G,A
22,22892596,C,A
22,22890696,A,G
22,22892596,C,T
22,22890743,G,C
22,22890729,G,T
22,22893465,G,T
22,22890900,C,T
22,22893340,G,T
22,22890898,T,C
22,22890449,T,C
22,22893228,T,A
22,22893242,G,A
22,22890790,G,T
22,22892257,C,G
22,22892468,C,T
22,22892503,T,A
22,22892170,C,A
22,22890704,C,T
15,91527365,G,T
15,91524890,G,T
15,91512758,C,G
15,91524843,T,G
15,91519973,G,A
15,91522525,C,T
15,91510376,G,C
15,91523510,C,T
11,129807520,G,A
11,129788547,C,T
11,129814802,G,A
11,129814722,C,T
11,129801063,G,A
11,129775622,T,C
11,129814700,C,G
11,129785714,C,G
11,129812438,C,A
11,129785595,G,A
11,129817146,C,T
11,129827702,T,A
11,129793258,T,C
11,129794872,G,A
11,129814846,C,G
11,129830884,G,T
11,129775587,T,A
11,129801996,C,A
11,129817352,G,A
11,129795005,C,A
11,129812525,C,A
21,43223078,C,A
21,43299465,G,T
21,43277313,C,A
21,43248563,C,A
21,43239971,C,T
21,43298876,C,G
21,43240475,C,G
21,43243677,G,T
21,43299505,G,T
21,43236155,C,A
21,43256743,C,T
21,43259796,C,A
21,43221323,T,A
21,43221631,G,A
21,43280475,C,G
1,3328607,G,T
1,3327948,G,T
1,3319367,T,C
1,3342312,C,T
1,3327964,G,C
1,3321339,C,T
1,3328444,C,T
1,3328730,G,T
1,3342755,G,T
1,3347509,G,A
1,3328631,G,T
1,3328393,C,T
1,3328988,C,T
1,3328888,G,T
1,3328481,G,C
1,3328631,G,C
1,3328998,C,G
1,3328985,G,T
1,3103017,G,T
1,3319455,G,T
1,3348615,G,A
1,3319530,G,T
1,3347458,G,T
1,3328245,C,T
6,106555120,A,T
6,106554881,C,A
6,106554849,G,A
6,106547289,T,A
6,106553510,C,G
6,106543577,C,T
6,106555151,G,A
6,106555402,T,A
6,106554835,G,C
4,81123069,G,T
4,81123237,C,T
4,81123425,A,C
4,81124407,C,A
4,81124650,C,A
4,81123121,C,T
4,81123163,C,T
2,44565657,C,T
2,44553939,G,T
2,44571703,T,A
2,44569580,C,T
2,44553863,C,A
2,44571027,A,G
2,44556126,C,A
2,44565504,C,A
2,44566424,C,A
2,44565663,C,T
2,44565618,T,C
2,44548542,C,A
2,44550475,C,A
2,44586872,T,C
2,44586775,T,A
2,44571697,T,C
10,72360455,C,A
10,72360337,T,C
10,72360525,C,A
10,72358332,G,T
10,72360415,C,T
10,72360376,A,G
10,72358094,C,G
10,72360567,C,T
10,72358889,G,A
10,72360447,C,A
12,57128024,T,A
12,57135255,G,C
12,57135352,G,A
6,57189079,G,A
6,57183296,G,T
14,94203694,G,T
14,94187868,A,G
14,94187270,T,C
19,14208663,C,G
19,14208362,G,A
19,14208578,G,C
19,14208238,C,A
19,14208272,C,A
19,14208609,C,T
17,66521990,C,G
17,66518895,A,T
17,66518896,G,T
17,66511483,T,A
2,46228649,A,C
2,46237565,A,T
2,46386830,A,G
2,46211689,G,T
2,46211690,G,T
2,46211818,A,T
2,46411986,G,T
2,46386864,G,C
3,170009707,A,T
3,170013729,G,C
3,169940447,G,C
3,170002369,C,A
3,169953139,G,T
3,170016797,G,T
3,169985727,G,T
3,170011186,G,T
3,170011269,C,A
3,170002268,A,T
3,169981184,G,T
3,170016829,G,T
3,170016830,G,T
3,169985720,G,T
10,6506320,A,G
10,6498661,C,A
10,6498720,C,A
10,6539207,C,T
10,6540402,G,C
10,6525494,C,G
10,6498683,C,A
10,6528031,G,A
10,6553016,C,T
10,6504277,C,G
10,6527124,C,T
10,6527227,C,A
19,11552077,G,T
19,11560097,G,T
19,11560101,A,G
19,11559930,C,T
19,11546862,C,T
1,2082357,G,T
1,2105377,G,C
1,2077475,A,G
1,2106259,G,C
14,30047522,G,A
14,30068940,A,T
14,30066734,C,A
14,30100229,T,A
14,30108069,C,A
14,30068938,C,A
14,30093446,C,A
14,30107930,C,A
14,30108094,T,G
14,30133047,T,C
14,30095757,G,A
14,30396585,G,A
14,30105570,C,A
14,30100003,G,A
14,30103642,G,A
14,30107998,G,T
14,30105689,G,A
14,30105610,T,C
14,30066964,C,A
14,30194845,C,T
14,30133065,C,A
14,30133012,T,A
14,30133002,C,A
14,30100163,C,A
14,30100164,C,A
14,30135403,A,T
14,30100154,G,T
14,30066936,C,A
14,30107735,T,A
14,30135337,C,T
14,30066937,G,A
14,30066904,C,A
14,30046565,G,T
8,48772236,C,T
8,48771464,C,T
8,48715952,G,C
8,48769775,T,C
8,48733455,T,G
8,48743246,T,C
8,48711843,C,A
8,48746778,C,T
8,48801591,T,C
8,48839832,C,A
8,48711844,C,G
8,48746951,C,G
8,48772259,C,G
8,48748977,G,A
8,48713447,G,A
8,48845668,A,T
8,48744433,T,C
8,48775080,C,A
8,48777256,C,A
8,48817536,C,A
8,48730024,T,C
8,48689479,T,A
8,48761816,C,G
8,48790311,T,G
8,48866265,T,C
8,48711786,C,A
8,48711787,C,A
8,48777168,G,A
8,48826536,T,A
8,48762047,C,G
8,48771477,C,G
8,48790322,C,T
8,48743264,C,A
8,48805717,C,G
8,48746958,C,T
8,48775078,C,A
8,48826610,C,A
8,48767902,T,C
8,48826496,C,G
8,48701799,C,A
8,48719862,C,T
8,48848447,T,A
8,48866220,C,A
8,48801713,C,A
8,48798590,G,C
8,48805812,C,A
8,48689545,C,G
8,48845659,T,C
8,48689457,T,G
8,48743289,C,G
4,82090872,T,A
4,82126021,G,C
4,82126147,C,A
4,82096055,G,T
4,82058598,A,T
4,82125934,C,A
4,82125782,A,T
4,82031648,C,A
4,82125882,C,A
4,82056432,G,T
4,82031655,G,C
4,82074851,T,C
4,82092953,G,A
4,82070094,C,T
4,82031766,C,T
14,23398432,C,T
14,23397790,G,A
14,23398556,C,A
14,23392302,G,T
14,23393546,C,G
14,23395765,C,G
14,23397745,C,A
14,23390185,C,A
16,68379639,G,C
16,68389759,G,A
16,68362980,T,A
16,68363044,A,G
16,68373273,G,T
20,4705650,G,A
20,4705533,C,T
20,4705237,T,A
20,4705390,A,T
20,4705434,G,A
20,4705263,T,C
10,13672285,G,A
10,13628984,G,C
10,13647726,C,T
11,60670077,G,A
11,60658701,C,G
11,60666723,G,A
11,60666028,C,A
11,60658726,C,T
11,60665647,C,A
14,45571881,A,G
14,45564707,G,C
14,45565408,G,C
14,45584171,T,A
2,153512879,C,A
2,153535966,G,T
2,153525752,C,T
2,153530214,A,G
2,153519186,T,C
2,153519649,T,A
2,153530178,C,G
2,153572544,T,A
2,153572545,C,A
2,153573945,G,C
20,62630480,G,C
20,62664298,C,T
20,62612617,C,G
20,62612636,C,T
20,62642703,G,C
17,74308953,C,T
17,74328494,C,A
17,74326137,C,T
17,74324814,T,A
17,74328468,C,T
17,74307611,C,A
17,18775902,G,C
12,53839949,C,G
16,30666694,G,C
16,30666091,C,T
16,30667570,G,A
5,120021899,C,A
5,120021777,A,C
5,120022181,T,C
5,120021734,G,C
5,120021925,C,G
5,120021732,T,C
5,120022351,G,C
5,120021985,A,T
5,120022249,A,T
5,120022158,G,T
5,120021828,C,T
5,120021742,A,G
5,120021716,A,T
5,120021757,T,C
5,120022087,G,C
5,120021977,C,A
5,120022254,C,A
5,120022193,G,A
5,119800199,G,A
19,42813762,A,T
19,42813884,C,T
19,42814443,G,C
19,42813889,T,G
19,42813653,G,T
19,42814072,G,T
19,42813664,C,T
19,42814213,G,A
6,30525208,G,A
4,119252906,G,T
4,119200184,G,A
4,119202977,C,G
4,119234547,C,T
4,119220095,T,A
4,119234375,C,T
4,119259402,A,T
4,119200429,G,T
16,2871586,C,T
16,2871423,A,G
16,2870974,C,A
16,2868692,G,C
16,2868930,C,T
16,31098019,G,A
16,31096568,C,G
10,25160969,C,A
19,40902280,G,A
19,40900086,C,A
19,40901155,G,A
19,40904367,G,C
19,40903823,C,A
19,40900895,G,A
19,40903049,G,T
19,40902381,G,T
19,40901333,C,A
19,40903848,C,G
19,40901739,C,T
8,18430067,G,A
8,18658841,T,C
8,18513162,C,G
8,18662320,T,A
8,18729563,C,A
8,18725364,C,A
8,18729545,C,A
8,18662353,C,T
8,18623031,C,T
8,18393390,C,A
8,18666362,C,A
8,18393415,T,C
8,18662370,G,C
8,18432723,C,A
2,113950691,G,T
2,113955142,G,A
2,113950125,G,T
2,113950027,G,T
2,113955460,C,G
2,113942965,G,T
2,113940672,A,C
2,113955199,C,T
2,113959027,C,T
2,113940528,G,T
2,113943728,A,G
2,113950017,A,T
10,104164427,G,A
10,104174961,G,A
10,104170620,G,T
10,104176415,C,A
10,104176416,C,A
10,104165178,G,A
10,104176227,G,T
10,104173662,C,G
10,104173627,C,A
10,104173681,C,T
10,104176511,C,A
10,104174690,C,T
10,104174740,G,T
10,104163112,C,A
10,104176638,G,A
16,67943054,G,T
16,67943379,G,T
16,67942639,C,A
16,67942625,C,T
16,67943486,G,T
7,42959587,C,A
7,42958951,C,T
15,78838104,G,T
15,78834755,G,A
15,78834748,C,T
15,78836557,A,T
14,35761576,G,T
14,35777229,G,A
14,35780014,G,C
17,36916717,C,T
17,36909006,G,T
17,4701416,C,A
9,127167675,C,A
6,32810697,C,T
6,32825852,C,A
6,32827219,G,C
7,103008535,G,T
7,103004617,G,A
7,103002581,C,T
7,103008398,G,T
7,103006539,G,A
17,40726186,C,G
17,40729545,C,G
11,47446155,C,A
11,47444254,G,T
X,107330987,C,T
X,107328312,C,A
X,107331000,G,T
X,107334817,C,A
17,65353637,T,A
17,65337022,C,T
17,65340847,G,T
17,65340804,T,C
17,65362551,G,T
11,249023,G,T
11,250829,G,C
11,251591,G,A
11,244127,G,T
11,249047,G,T
11,237093,G,T
3,184025763,G,A
3,184024551,C,T
3,184025155,G,A
3,184018147,C,T
12,122354249,C,A
12,122354268,G,C
12,122354269,G,T
14,24606563,C,G
14,24607425,G,C
14,24607281,G,A
14,24608169,G,T
14,24614455,C,A
14,24615758,C,A
14,24612835,C,A
1,109824316,G,A
X,23397975,G,A
X,23353286,C,G
X,23412154,C,A
X,23412340,C,G
X,23397899,G,A
X,23411706,C,T
X,23412216,A,T
X,23353199,C,T
X,23398254,G,T
X,23412133,T,A
X,23412134,C,A
X,23412125,A,T
X,23397800,C,T
X,23411685,C,T
X,23412035,G,A
X,23411072,G,T
X,23412273,C,A
X,23411992,G,T
X,23353297,A,T
X,23412156,A,G
X,23411312,C,G
X,23412249,G,C
1,71512421,C,A
1,71418539,G,C
1,71512593,T,C
1,71512458,T,A
1,71512943,G,A
1,71512608,C,A
1,71512441,C,A
1,71418536,C,T
1,71318415,G,A
1,71478037,G,A
1,71418718,G,T
1,71418573,T,C
1,71477837,C,T
1,71477983,G,C
1,71418726,T,A
1,71477998,T,G
1,71318300,G,A
1,71418563,A,T
1,71318495,G,T
1,71512735,C,A
1,71418623,C,T
1,71418572,G,T
12,57058275,T,A
12,57066595,T,A
12,57058178,C,G
12,57081865,G,T
19,47124419,A,C
19,47124810,G,T
19,47127047,A,T
19,47127082,C,A
19,47127215,C,A
19,47127176,C,T
19,47127354,C,T
19,47127074,G,T
19,47124819,G,T
19,47124832,G,T
19,47124587,C,A
19,47127112,G,C
20,48129705,C,T
20,48129704,T,A
20,48156218,G,T
20,48140725,G,T
20,48156132,T,A
20,48130784,A,G
20,48156158,G,A
20,48140703,C,A
20,48129776,G,A
20,48129765,G,T
20,48127626,G,A
20,48164483,C,T
20,48124472,G,T
12,28123114,G,T
12,28123167,G,A
12,28116374,C,A
12,28122412,C,G
12,28116578,G,T
12,28123178,T,G
12,28116330,C,T
12,28122432,T,G
20,49195123,G,A
20,49196459,G,A
14,89016816,C,A
14,88945912,G,A
14,89016641,C,A
14,88945516,C,T
14,88983565,T,A
14,88945335,G,A
14,88946627,A,G
3,62109953,G,T
3,61975455,G,A
3,61975456,G,T
3,61989164,C,T
3,62189588,T,C
3,62063885,G,A
3,62180801,G,C
3,61734634,C,T
3,62118337,A,G
3,61989074,G,T
3,62267340,G,A
3,62253428,G,A
3,62248420,G,T
3,62110244,G,C
3,61989058,G,T
3,61547990,G,T
3,61548019,G,T
3,62257082,C,T
3,62262672,A,C
3,62240846,G,A
11,48181542,G,T
11,48157811,C,T
11,48186005,G,T
11,48158681,C,T
11,48142704,C,T
11,48177607,G,T
11,48146544,G,T
11,48186026,T,C
11,48185160,G,T
11,48185982,A,G
11,48146645,G,T
11,48177639,A,G
7,157370783,G,A
7,158109546,C,A
7,157364164,C,A
7,157364165,C,A
7,157985171,C,A
7,157475553,G,T
7,158325480,G,T
7,158325481,G,T
7,157926483,G,C
7,157931164,C,A
7,157367042,A,T
7,157414099,T,C
7,157926523,C,G
7,157475488,G,C
7,157931118,C,A
7,157364132,C,T
7,158334247,T,A
7,157985027,G,T
7,157959834,C,T
7,157874037,C,G
7,157959945,C,A
7,157959951,G,T
7,157926482,C,A
7,157926489,C,A
7,157926490,C,A
7,157387960,C,T
7,157985025,G,T
7,157926752,C,A
7,157926403,C,A
7,157369417,A,T
7,157387954,G,T
7,157959841,G,T
7,157341681,C,T
7,157414103,G,A
7,157691364,C,A
7,157985049,G,C
7,157396739,C,T
7,157396755,C,A
7,157475596,C,T
7,157475598,G,T
7,158334236,C,A
7,157929352,G,T
7,157959914,C,A
7,157691365,C,A
7,157926564,T,A
7,157475567,C,A
7,157367099,G,T
7,157926395,C,G
7,157926440,G,C
7,157387931,T,A
7,157475536,C,A
7,157926730,G,C
7,157926709,G,A
7,157926583,T,C
7,158109570,T,A
2,220167434,C,A
2,220166876,G,C
2,220164462,C,T
2,220167117,T,C
2,220167311,T,C
2,220167070,G,A
2,220162048,G,T
2,220164773,G,C
2,220161477,G,T
2,220164863,G,T
2,220167372,G,T
2,220164870,G,A
2,220156202,C,A
2,220161970,C,A
2,220162135,C,A
2,220166981,G,A
2,220166928,G,T
2,220164027,C,A
2,220161165,C,A
2,220163805,C,G
2,220161725,G,T
2,220167119,C,T
2,220167427,G,T
2,220164859,G,C
2,220162011,A,G
2,220172232,G,T
12,71094917,C,T
12,71054789,T,A
12,71314178,G,T
12,71050494,G,T
12,71032859,G,A
12,71056345,C,T
12,71139753,C,A
12,71139815,C,A
12,71148106,G,A
12,71286585,G,T
12,71054797,G,T
12,71078507,A,T
12,71286551,C,A
12,71286464,C,T
12,71077924,G,T
12,71158552,G,T
12,71286482,G,T
12,71094993,G,A
12,71092123,G,T
12,71050594,T,A
20,40828028,C,A
20,40710553,C,T
20,41101007,C,T
20,40980818,C,G
20,40709396,C,A
20,41100943,C,G
20,40979280,C,T
20,40733211,G,T
20,41076865,A,T
20,41076866,G,T
20,41101120,G,T
20,41101003,G,C
20,40980917,G,T
20,40790168,C,A
20,40730835,C,A
20,40757458,C,A
20,40790177,C,A
20,40790178,A,T
20,40710608,C,G
20,41101018,G,T
20,40730774,G,T
20,40944583,G,T
20,41306789,C,T
20,40714370,G,A
20,40739001,C,A
20,40747103,C,A
20,40944397,C,G
20,40944556,G,A
20,41101199,G,T
20,40713347,C,A
20,40790053,A,T
20,41100956,G,T
20,40877324,C,G
20,41306758,C,A
20,41306759,C,A
20,40727095,G,T
20,40743857,G,A
20,40790012,C,T
20,41306576,G,C
20,40864877,G,A
20,40877404,C,T
20,40770554,C,A
20,40757402,A,G
20,41385102,C,T
20,41306789,C,A
20,40980875,G,C
20,40944458,C,A
20,41100981,G,T
20,40979359,G,T
20,40733238,T,G
20,41419856,A,T
20,40980762,C,A
20,40877433,C,T
20,40733347,C,A
20,41101011,G,T
20,41514452,G,T
20,40748600,T,A
20,40877394,C,A
20,40790092,G,T
20,41101110,G,T
20,41419997,G,T
20,40709406,G,T
20,40730905,G,T
20,40979267,C,A
20,41101140,G,T
20,40739070,G,T
20,40709496,G,C
20,40714388,G,T
20,40911127,A,T
20,40790061,C,A
20,40714455,G,T
20,40770587,C,A
20,40714437,C,T
20,40980822,C,A
20,41419861,T,A
20,40877379,G,T
20,40747110,C,T
20,40730872,G,A
20,40944479,C,A
20,40730835,C,A
20,40770635,G,T
20,41100998,C,A
20,40727177,C,A
20,40980791,G,T
20,40730911,C,A
20,40743842,C,A
20,40827935,G,A
20,40827973,G,T
20,41100956,G,T
20,40714398,G,A
20,40733255,C,A
5,159854761,C,G
3,157154711,G,A
3,157160592,G,C
3,157160340,C,G
8,144898869,C,T
8,144902853,G,A
8,144902887,C,A
2,61188604,C,G
2,61180159,T,A
2,61180221,C,T
11,125765210,T,C
11,125765571,G,C
12,108086843,G,A
12,108082391,G,A
12,108086637,G,T
12,108105911,G,A
12,108082452,G,C
20,32295577,C,A
20,32295631,G,A
20,32302524,C,A
20,32302524,C,A
20,32302525,C,A
17,79892830,G,A
20,25228873,C,T
20,25257281,G,A
20,25276279,C,T
20,25239872,G,T
20,25261030,C,G
20,25263896,G,A
12,9313709,G,T
12,9355209,G,A
12,9322071,A,G
12,9333588,A,G
12,9301592,T,G
12,9333618,C,A
12,9317851,A,G
12,9356495,C,T
12,9349607,C,A
12,9356441,C,T
12,9312930,G,A
12,9346702,T,A
12,9333633,A,T
12,9317929,G,T
12,9354948,G,T
12,9344799,C,A
12,9311070,C,A
12,9312562,G,A
12,9317928,G,T
12,9355245,G,C
12,9344805,A,T
12,9353608,C,A
12,9301556,C,A
12,9348939,G,A
12,9317736,C,A
12,9333631,A,T
12,9322029,G,C
12,9310390,G,T
12,9313676,G,T
12,9303303,G,T
12,9303276,G,C
12,9322124,C,T
12,9305864,C,A
12,9348939,G,T
12,9303333,G,C
12,9307306,G,T
12,9307398,C,A
12,9305844,C,T
12,9334659,G,T
12,9302192,G,T
19,46198725,G,T
19,46202151,G,A
19,46196733,A,T
2,37580071,C,T
2,37594376,C,G
6,107100441,G,T
6,107100349,G,T
6,107100091,G,T
6,107100092,G,T
6,107088379,G,C
6,107110970,G,A
6,107100454,A,G
6,107077500,G,T
6,107111060,G,T
9,139100583,C,A
9,139107123,T,C
9,139113738,A,T
9,139101020,C,T
9,139137425,G,A
9,139100623,C,A
9,139107068,G,C
9,139103118,C,A
9,139100748,G,A
9,139115958,C,A
9,139110585,G,C
9,139110572,C,T
9,139103180,C,A
9,139110934,G,A
2,136481642,G,A
2,136467772,G,T
2,136362452,A,T
2,136437836,A,T
2,136393555,A,T
2,136399329,A,C
2,136389479,A,G
2,136393668,G,T
2,136393497,A,T
2,136473252,G,T
2,136403032,G,T
2,136396678,G,T
2,136396346,C,T
2,136481666,G,T
15,66180198,A,G
8,37734903,T,A
8,37734787,C,T
8,37732512,G,C
8,37730179,T,A
8,37732063,C,T
8,37729733,C,A
8,37756983,G,T
8,37720365,G,A
8,37729987,C,A
8,37732582,G,A
8,37734704,A,G
8,37732478,T,C
8,37729369,T,C
8,37730441,C,A
8,37730113,C,G
8,37728853,G,A
8,37729120,G,C
8,37735015,A,T
8,37756794,C,A
8,37735071,T,G
10,119800007,C,A
10,119805399,C,A
10,119805412,T,A
10,119799784,G,A
10,119768422,T,C
10,119805345,C,A
10,119798612,C,A
10,119798615,C,A
10,119805663,G,T
10,119798913,C,G
10,119805526,G,A
2,238484048,C,T
2,238494768,G,A
2,238483618,C,A
2,238483689,C,T
2,238486012,T,C
13,111176305,C,A
13,111176505,C,A
13,111176302,C,T
16,2203150,T,C
16,2203211,C,A
11,82693371,C,A
11,82705151,G,A
11,82698724,T,C
11,82705146,G,C
11,82698683,A,T
11,82693450,C,A
11,82698584,C,G
11,82693360,G,T
11,82708265,C,A
11,82708266,C,A
11,82693306,G,A
11,82705138,G,A
11,82698586,A,G
18,9792205,C,A
6,146875766,T,C
6,146870795,A,G
22,23495307,C,T
17,80616388,G,A
17,80622412,T,A
17,80656516,G,C
17,80615707,G,A
17,80622416,C,A
1,28920492,G,A
1,229438646,G,T
1,229424496,A,T
12,56385939,G,T
12,56380786,G,T
12,56380777,G,T
17,5235390,G,T
17,5280435,T,A
17,5264821,C,T
17,5241393,C,T
17,5250193,G,T
17,5280513,A,C
16,28922245,G,A
16,28917071,C,A
16,28922225,C,A
16,28920082,C,A
16,28935814,C,T
16,28922453,G,C
16,28922130,C,A
16,28935892,C,T
16,28917031,C,G
16,28925559,C,G
16,28922235,C,A
16,28926016,C,T
16,28922095,G,A
16,28926032,C,A
16,28920049,C,A
16,28916339,A,G
16,28916237,G,A
1,174781092,T,A
1,174244980,G,A
1,174244981,G,A
1,174652687,G,T
1,174363163,G,A
1,174652725,A,T
1,174274171,G,T
1,174200322,C,T
1,174190250,C,T
1,174244990,A,G
1,174274250,G,A
1,174210776,C,G
1,174781081,C,T
1,174671252,A,T
1,174219765,C,A
1,174190137,G,T
1,174190138,A,T
1,174606543,G,C
1,174188423,C,T
1,174219771,G,T
1,174274246,G,T
1,174200395,A,G
22,51220668,C,T
12,50390950,C,T
12,50386086,T,C
12,50384012,T,C
12,50388254,C,T
12,50392979,A,T
12,50393004,C,A
3,8983324,G,A
3,8977689,G,C
3,8940671,G,A
3,8977576,C,G
9,110087176,G,T
9,110068802,C,A
9,110074006,A,G
1,46725742,G,T
1,46736385,A,T
1,46726568,T,A
1,46726628,G,C
1,46724394,A,G
1,46739098,C,A
1,46714216,G,C
1,46726526,G,C
1,46739419,G,A
1,46727024,G,A
1,46740345,C,A
11,67159667,G,T
11,67161065,G,T
11,67159629,C,T
1,178802638,G,T
1,178863068,A,T
1,178745932,C,G
1,178790800,A,G
1,178846684,G,T
1,178885551,A,G
1,178753642,A,G
1,178854254,G,C
1,178854255,G,T
1,178780464,T,A
1,178861443,G,T
1,178846673,C,T
1,178754731,A,G
16,67763221,C,A
16,67761665,C,G
16,67762377,T,G
22,20109804,G,A
2,109383078,G,C
2,109347334,G,A
2,109352661,G,T
2,109381727,G,A
2,109384607,A,T
2,109368064,G,T
2,109381162,A,T
2,109382771,G,T
2,109367717,C,T
2,109352197,G,T
2,109365524,T,G
2,109381301,A,G
2,109384162,C,G
2,109347872,A,G
2,109384319,G,A
2,109381580,A,T
2,109367852,C,G
2,109383270,C,T
2,109365543,G,T
2,109379948,C,G
2,109383271,G,T
2,109383771,G,T
2,109365489,C,T
2,109381205,G,T
2,109380702,G,T
2,109382540,G,A
2,109380884,A,T
2,109381702,G,T
2,109398838,G,T
2,109398839,A,T
2,109374925,G,T
2,109383283,G,T
2,109383477,G,T
2,109382946,G,T
2,109352623,G,T
2,109380142,A,G
2,109399221,G,T
2,109398747,G,C
2,109345601,G,C
2,109384690,G,T
22,41652743,G,A
22,41645438,C,A
22,41670684,G,A
22,41657531,C,A
12,48145203,C,A
12,48131300,T,C
12,48134466,G,C
12,48134329,T,A
12,48142645,G,C
12,48134736,T,A
12,48132483,A,G
12,48132935,G,A
12,48143570,C,A
12,48141561,G,A
12,48152157,C,T
12,48142639,C,T
12,48143136,G,C
3,25542753,C,T
3,25502764,C,A
3,25542757,A,G
3,25502813,G,A
3,25622075,C,G
3,25637962,C,A
3,25215902,G,A
22,35947786,G,T
22,35947909,G,C
22,35947590,G,T
22,35947895,T,A
22,35943106,C,A
22,35948123,G,T
10,43697256,C,T
10,43692503,C,T
10,43701402,C,A
10,43701483,C,T
10,43691988,C,T
10,43701430,G,T
10,43693527,G,C
4,82348914,C,A
4,82369318,C,G
4,82369326,C,A
4,82366734,C,T
4,82366732,T,A
4,82366678,A,C
5,80376547,A,C
5,80388641,C,T
5,80419539,G,T
5,80376443,G,A
5,80521582,C,G
5,80511762,A,G
5,80382675,C,T
5,80408616,G,A
5,80388718,T,A
5,80408498,G,T
5,80369088,C,A
5,80497209,C,T
5,80521611,T,A
5,80369031,T,A
5,80409612,T,C
5,80419553,A,C
5,80388781,G,T
5,80388726,A,C
5,80369232,C,A
5,80409606,A,G
5,80381625,C,G
5,80409657,G,T
5,80376481,A,G
5,80338745,T,C
5,80338746,G,T
5,80338785,G,A
11,64497271,C,A
11,64503016,C,G
11,64507647,G,T
11,64507648,G,T
11,64504477,C,A
11,64508454,G,A
11,64507579,T,C
11,64508532,G,T
11,64504339,G,C
11,64496353,G,A
11,64507485,C,A
17,34062322,G,A
17,34062078,G,T
17,34062246,G,T
17,34068119,G,A
17,34067484,C,A
17,34068232,C,A
13,27845160,G,A
13,27847369,A,T
13,27847684,G,T
3,50374599,C,T
3,50368057,G,A
3,50369288,C,G
3,50369278,C,A
X,16867404,G,C
X,16888213,G,T
X,16875781,T,C
X,16870189,G,T
18,20602224,A,T
18,20573261,C,G
18,20572760,C,T
18,20573238,G,C
18,20562350,G,T
18,20572830,C,T
20,35693826,C,G
20,35661274,C,T
20,35724387,G,T
20,35689507,C,G
20,35627292,T,G
20,35684010,T,A
20,35632154,A,C
20,35632118,C,A
20,35632119,C,A
20,35627148,A,T
16,53485693,A,C
16,53524240,C,G
16,53513070,C,A
16,53515618,A,T
16,53501044,G,T
16,53488620,G,A
16,53503961,A,G
16,53503942,G,T
16,53504409,G,C
16,53488668,C,T
16,53524047,G,C
16,53504351,G,T
16,53487410,C,T
X,47045187,G,T
X,47044595,G,T
X,47041007,G,T
X,47034489,C,T
X,47028850,G,T
X,47045157,G,T
X,47044523,C,T
X,47039331,G,T
X,47034444,G,T
X,47039904,A,T
X,47038783,G,T
X,47032557,C,T
X,47045727,G,T
X,47044476,G,A
X,47044477,G,T
X,47041661,C,T
X,47034492,G,T
X,47041372,C,A
X,47028841,G,A
X,47045892,G,T
X,47044700,G,A
X,47045191,T,A
X,47034417,G,C
X,47041247,G,T
X,47046078,G,T
X,47045016,C,T
X,47040923,G,T
X,47039816,A,T
X,47034417,G,A
X,47032551,G,T
20,34243194,C,T
20,34241661,C,G
20,34240378,G,A
20,34241207,A,G
20,34242230,C,A
20,34242137,G,A
20,34240590,T,A
20,34240404,C,A
20,34242536,G,A
20,34241416,T,C
20,34241459,C,A
20,34241753,G,A
20,34240756,C,A
20,34240421,A,C
11,66392833,G,T
11,66394035,C,T
11,66392097,G,T
11,66392567,C,T
11,66392840,A,G
11,66392770,G,T
11,66392646,G,T
11,66391877,G,A
11,66391825,C,T
7,127964664,C,A
7,127950789,G,T
7,127954875,C,G
7,127970944,C,T
7,127964620,C,A
X,48435468,C,A
2,178988949,G,T
2,178981057,C,G
2,178988923,A,C
2,178985109,G,A
2,178985949,G,A
2,178981037,G,A
2,178981066,G,A
2,178977516,G,T
2,178990865,C,T
3,50102541,G,A
3,50095896,G,A
3,50006042,G,T
3,50103695,G,T
3,50095339,G,C
3,50085713,G,T
3,50036934,G,A
3,50112758,G,T
3,50005024,G,A
3,50103766,C,T
3,50103767,C,T
1,145507688,G,A
1,145507705,T,A
X,129546815,G,T
X,129545489,G,T
8,30407059,G,T
8,30332327,G,T
21,35890510,C,T
21,35890403,G,A
21,35898979,G,A
21,35893820,T,A
1,17755624,T,A
1,17765004,T,A
1,17743063,G,A
1,17735597,G,A
1,17735586,T,A
4,76434498,G,A
4,76416960,G,A
4,76417106,C,A
4,76415855,C,A
9,4833225,G,A
9,4844632,A,C
9,4844522,C,T
15,77240793,G,C
15,77241577,C,T
15,77228059,G,T
15,77241468,G,A
15,77227977,G,A
19,50031867,T,A
19,50031870,C,A
19,50040445,C,T
19,50031856,G,T
19,50040313,G,C
11,63681629,G,T
11,63681923,G,A
1,211444606,G,A
1,211449606,G,A
1,211462556,G,A
1,211487073,T,A
1,211451575,G,T
1,211449715,A,T
1,211486235,A,G
8,74231418,G,T
8,74235015,G,T
2,18736478,C,T
2,18736576,C,T
14,24648811,G,A
14,24642162,G,T
8,145737889,C,G
8,145737669,C,G
8,145742036,C,T
8,145742824,C,G
8,145742150,T,G
8,145741937,C,A
17,73657728,C,G
17,73658964,C,T
17,73658698,T,G
17,73662539,T,C
17,73627074,A,T
17,73647227,C,T
17,73627305,G,A
17,73627632,C,T
17,73647079,G,A
17,73627675,G,T
17,73647204,C,A
17,73657128,C,A
17,73659002,T,A
12,21644597,G,A
12,21652495,C,A
12,21636334,G,A
12,21624500,A,G
12,21643161,A,T
12,21636379,T,A
2,86509304,T,C
2,86459766,C,G
2,86479178,G,C
5,137781454,C,T
5,137781247,C,A
5,137776766,G,A
10,65354545,G,T
10,65357812,G,A
8,21996976,G,T
8,21996234,C,A
8,21996183,C,A
5,112214482,T,A
19,1497281,C,T
19,1495727,G,T
19,1495329,G,T
1,120351347,C,A
1,120337200,G,T
1,120345520,A,G
1,120342457,G,C
1,120351358,A,T
X,17095462,G,T
X,17095397,T,C
X,17167141,A,G
X,17152022,G,C
X,17095415,A,T
X,17047646,C,A
X,17167155,C,G
X,17047678,C,A
X,17073016,G,A
1,2328561,C,T
4,57796484,A,T
4,57798155,G,A
4,57796224,G,A
4,57797989,G,C
4,57797951,C,T
4,57797251,G,A
4,57796165,G,C
2,85570866,G,T
2,85573145,A,G
2,85576623,C,T
2,85581606,G,A
2,85571154,C,A
2,85570424,A,C
2,85570768,G,A
2,85578966,C,A
2,85570899,G,A
2,85578057,G,A
2,85576626,C,A
6,111694531,T,A
6,111689031,A,C
6,111701261,T,C
6,111650791,T,A
6,111636510,G,A
6,111632432,C,G
6,111701255,C,T
6,111631220,C,T
6,111694254,T,C
6,111698964,T,C
6,111678278,C,T
6,111697523,T,C
6,111737651,T,C
6,111694067,C,A
6,111695225,C,A
6,111695285,T,A
6,111694646,T,C
6,111632428,G,A
6,111694418,A,G
6,111650886,C,G
6,111714122,G,C
6,111695587,C,G
13,34404010,T,C
13,34404943,A,T
13,34404941,G,T
3,186515344,T,A
3,186507930,C,G
3,186510311,C,T
3,186507953,G,C
3,186512499,G,A
3,186508170,C,A
3,186522453,G,C
12,118462732,G,T
12,118457469,C,T
12,118467620,G,A
12,118469086,G,T
12,118457468,A,G
17,33353469,C,A
17,33348594,C,G
17,33348651,C,A
17,33348688,C,A
17,33348712,C,A
17,33339091,C,A
17,33343586,T,A
17,33343556,G,C
3,16399494,C,T
3,16399487,G,A
3,16411656,T,C
3,16358231,G,A
3,16411726,T,C
3,16411594,C,G
16,74666542,T,A
16,74660379,G,A
16,74662385,T,A
16,74662537,C,T
16,74685929,C,A
16,74657793,C,G
16,74695173,C,T
16,74657875,T,A
16,74657964,C,A
19,5997168,T,A
19,5997191,G,A
19,6026250,T,A
19,6007126,C,A
19,5997179,G,A
9,3248068,C,T
9,3263012,G,C
9,3266222,T,C
9,3288187,C,A
9,3257090,C,A
9,3257077,C,A
9,3257186,C,A
9,3270426,C,A
9,3247924,G,A
9,3247999,C,A
9,3257050,T,A
X,46951157,T,C
X,46949284,T,G
X,46949272,C,T
X,46951083,G,A
4,3432304,G,C
4,3372022,G,A
4,3419254,G,T
4,3319283,G,T
4,3319634,C,A
4,3441279,G,C
4,3319586,C,T
4,3318262,C,T
4,3441287,A,T
4,3417813,C,T
4,3429845,A,T
4,3427249,G,T
4,3419328,G,A
4,3419262,G,A
4,3441281,G,T
4,3432178,G,C
4,3422440,G,C
4,3424297,G,T
4,3429912,G,T
4,3429913,G,T
4,3432593,T,A
4,3344679,C,T
4,3318367,G,T
4,3371980,G,T
1,192627355,A,G
1,192627344,C,A
1,192627481,C,A
1,192613472,G,T
1,192613467,G,C
6,153332766,G,T
20,62705381,C,T
20,62705311,C,A
8,101076197,C,T
8,101075955,A,G
8,101076210,G,T
8,101078438,T,C
8,100994230,C,G
8,100990155,T,G
8,101075759,T,C
8,100994288,A,G
8,100990221,C,T
8,101054145,C,A
8,101076251,C,A
8,101075826,C,G
8,101020769,G,A
8,101051226,A,C
8,100994191,C,T
8,101065067,C,G
8,100974952,C,A
8,100990225,T,C
8,101051252,C,G
8,100975162,C,G
8,101011627,A,G
8,101065029,C,A
8,101065030,C,A
8,100974640,A,T
8,101018337,C,A
8,101059721,C,A
8,101075826,C,G
8,101016305,T,C
8,101076134,G,A
8,101014541,G,T
8,101076165,C,A
8,101020743,G,A
8,101051212,G,T
8,101105679,A,C
7,75517545,G,T
7,75511251,G,T
7,75517556,G,A
7,75511505,C,T
7,75511472,G,T
7,75517357,A,T
7,75511148,T,G
16,112582,C,A
16,111421,A,G
16,108383,C,T
16,109819,G,A
16,108670,C,T
16,112636,A,T
16,111616,G,A
16,109338,T,G
16,111903,C,T
16,112552,G,A
16,109248,C,A
17,74470538,C,T
17,74475819,G,A
17,74473375,T,C
17,74468860,G,C
17,74468789,G,C
17,74474953,G,T
17,74475137,C,A
17,74470329,C,T
17,74473010,G,T
17,74473340,G,A
17,74475272,C,T
17,74469806,T,A
17,74469808,G,T
17,74473792,C,A
17,74473847,G,A
17,74468125,C,T
17,74477610,G,A
17,74472971,G,A
17,74473273,C,T
16,726420,G,A
16,726739,A,G
16,726880,C,T
16,728016,C,T
16,727795,G,T
16,727713,G,T
12,49463563,C,A
10,62634766,G,A
10,62632019,C,A
10,62648663,C,T
10,62652603,C,A
10,62648365,A,T
10,62631267,G,C
10,62631940,C,G
10,62634756,C,A
10,62648417,G,A
8,22864676,G,T
8,22865579,G,A
8,22865272,C,T
8,22863618,G,T
8,22864878,A,T
8,22868122,C,T
8,22863646,G,T
8,22874895,G,T
2,20647632,C,T
2,20647902,G,T
2,20647421,C,T
2,20647662,G,T
4,40245368,G,T
4,40245027,C,A
4,40244959,C,G
4,40245314,G,C
4,40245368,G,A
4,40244997,G,T
4,40245054,G,C
4,40245018,C,T
4,40245040,G,T
4,40245386,G,T
17,30551723,A,G
17,30526552,A,G
17,30535188,A,C
17,30477929,G,T
17,30478172,T,A
17,30510194,C,T
17,30498086,T,C
17,30478377,G,T
X,53458022,C,T
X,53457659,C,T
X,53457342,A,G
X,53455231,G,C
X,53456805,C,A
2,152320044,G,A
2,152320281,G,T
2,152316581,C,T
2,152295239,G,A
2,152311424,C,T
2,152315377,G,C
2,152322188,G,A
2,152320326,G,A
2,152291976,G,T
2,152331516,T,C
2,152320185,C,A
2,152321513,C,G
2,152319744,C,T
2,152322278,G,C
2,152273165,C,G
2,152273319,A,G
2,152267818,A,T
2,152319895,A,C
2,152322272,A,T
2,152300042,G,T
2,152318776,A,G
2,152293374,C,T
2,152314448,G,T
2,152320733,A,C
2,152318785,T,G
2,152300099,C,T
2,152319779,G,C
2,152320091,G,C
12,123983220,T,G
12,123984071,C,A
12,123983237,C,A
12,123983148,C,T
1,42880404,C,T
1,42880471,A,G
1,42880470,G,T
1,42880284,G,T
1,42880748,G,T
1,42865215,C,T
20,43400047,G,T
20,43386739,C,A
20,43384709,C,A
20,43384790,G,T
20,43386379,C,A
20,43386385,C,T
20,43384983,C,A
20,43384672,G,A
20,43386742,C,A
20,43383069,G,T
20,43384675,G,C
20,43384725,G,T
20,43399960,G,A
20,43384801,C,A
20,43385674,G,A
6,7398966,T,C
6,7393347,G,T
6,7410649,G,T
6,7401232,G,T
6,7396953,G,T
6,7414615,G,A
21,43161678,G,A
21,43162145,G,A
21,43161537,T,C
21,43187057,C,T
1,155874530,C,A
1,155874285,A,C
1,155870379,G,A
1,155874261,C,A
1,155870234,C,G
1,155874261,C,A
1,155880281,G,A
1,155870156,G,C
1,155880486,T,C
1,155870346,C,A
14,21269841,C,T
14,21167586,G,A
14,21167996,C,T
14,21250133,G,A
2,3593432,T,C
2,3597991,C,T
2,3596251,C,A
2,3598004,C,A
2,3598039,C,T
19,12918074,A,G
19,12920891,G,A
19,12917789,G,C
17,41180510,C,G
17,41180651,A,T
2,86831035,C,G
2,86831549,C,T
2,86831831,T,G
2,86832183,C,T
2,86847581,C,A
1,51735789,G,T
11,71693869,G,T
11,71701662,A,G
11,71668281,G,A
8,33406305,T,C
8,33416289,C,A
8,33416288,C,A
8,33416262,C,A
5,179393827,C,T
5,179397486,C,A
5,179467604,G,A
5,179467605,A,C
5,179382637,A,C
5,179393914,C,A
5,179467544,C,G
5,179393827,C,T
5,179442350,C,T
17,29325909,G,A
17,29302920,G,T
17,29302441,A,T
17,29324329,G,C
17,29324330,A,T
17,74151371,T,G
17,74155488,C,T
17,74141538,C,G
17,74150404,A,G
17,74152362,G,A
17,74163145,T,A
17,74158662,C,T
17,74151342,C,A
17,74158669,A,G
17,74155589,G,A
3,196198808,C,T
3,196229811,C,A
3,196229919,C,A
3,196210727,G,A
3,196199040,C,G
1,6279359,G,A
1,6267532,G,C
1,6266722,G,C
1,6269998,G,A
9,140115059,G,A
4,1066813,G,A
4,1079701,C,G
4,1066945,C,A
4,1073435,C,A
4,1073450,G,C
11,117153860,G,A
11,117152669,C,T
11,117109467,G,T
11,117109468,G,T
22,30782716,T,A
7,5792597,G,A
7,5680851,T,A
7,5760666,C,T
7,5662683,C,G
7,5662684,G,C
7,5752387,G,A
7,5680882,A,C
7,5751409,T,A
7,5662510,T,C
7,5769176,G,A
7,5760761,T,A
7,5754731,C,G
7,5662711,T,A
7,5800722,T,C
1,45098002,G,A
1,45101855,G,T
1,44878341,G,T
1,45091997,G,T
1,44878028,G,T
1,44878266,G,T
11,119206045,C,T
11,119206355,G,T
11,119206115,G,A
11,119207086,C,T
1,185068982,G,A
1,185069342,G,T
1,185060780,A,T
14,24620756,G,T
14,24619513,G,T
14,24624848,G,C
14,24621044,G,T
14,24624871,C,T
14,24617533,G,A
14,24619987,G,T
14,24629797,C,T
14,24618772,G,C
14,24617630,G,A
14,24619313,C,T
14,24621036,C,T
14,24619469,G,C
14,24619291,A,T
14,24629542,G,A
14,24620512,C,G
14,24620762,A,T
14,24619890,G,T
14,24627384,G,C
6,30043110,C,A
6,30041008,G,A
17,58037311,G,T
11,499889,G,A
11,498910,G,C
11,500626,G,T
1,201969078,G,C
1,201973564,C,G
1,201972488,T,C
1,201969089,G,T
20,34288862,C,G
9,94486827,C,A
9,94487290,C,A
9,94486849,C,G
9,94519597,C,A
9,94493208,A,C
9,94486620,G,A
9,94499681,C,G
9,94519600,G,T
9,94486429,T,G
9,94488820,G,T
9,94486794,G,T
9,94486162,C,A
9,94488832,C,A
9,94486419,T,C
9,94487276,C,A
9,94495632,G,A
9,94485906,C,T
9,94486414,C,A
9,94486066,C,A
9,94485994,C,A
9,94485995,C,T
9,94486199,G,A
9,94485815,G,T
9,94485834,G,A
9,94486482,C,T
9,94499774,C,A
9,94519635,T,C
9,94486418,G,C
9,94488836,T,C
9,94487322,C,A
9,94499745,G,T
9,94493296,C,A
9,94493297,C,T
9,94499775,A,T
9,94519681,C,G
9,94487238,G,T
9,94486259,C,T
9,94495619,G,T
9,94487168,G,A
9,94487335,C,G
9,94488962,A,T
9,94486708,G,T
9,94487237,C,A
X,46713296,G,T
X,46713150,C,A
X,46713151,C,A
X,46713257,G,A
X,46712938,G,T
X,46713481,C,T
7,33134963,C,T
7,33134711,C,A
7,33136953,C,A
7,33134984,G,T
7,33134785,C,T
17,5324728,T,A
17,5329319,G,C
1,92789788,G,T
1,92789591,G,C
1,92789342,G,A
1,92789427,G,A
12,48091454,G,C
12,48095301,G,C
12,48073277,G,C
1,84962049,A,G
1,84956127,T,A
1,84955387,C,T
1,84955400,A,C
1,84961575,A,G
6,111320934,G,T
16,53682886,T,C
16,53698861,C,G
16,53670419,C,A
16,53686795,G,T
16,53653061,G,T
16,53730115,C,T
16,53636095,C,T
16,53636079,C,T
16,53692703,C,A
16,53686540,T,A
16,53672256,T,G
16,53686885,T,G
16,53653041,C,G
16,53726226,C,A
16,53726277,C,A
16,53679816,G,A
6,35438399,G,C
6,35437005,G,T
6,35438059,C,G
6,35436198,C,A
X,153628874,A,G
X,153626816,G,T
X,153626712,G,T
X,153627911,G,A
X,153631756,C,A
X,153627737,G,A
X,153628150,A,C
19,49993753,G,T
19,49994179,G,T
19,49993733,G,A
19,49994189,A,G
16,89628078,C,T
19,17973501,C,T
19,17973773,G,A
17,37358692,G,T
17,37357550,T,C
17,27047846,G,A
17,27050466,C,G
17,27050936,T,C
17,27049543,A,G
17,27050632,T,G
3,52029475,C,T
3,129108113,G,T
X,100646470,G,T
X,100646034,G,A
3,186838966,C,T
12,112844583,G,C
12,112843710,T,G
12,112843018,C,T
12,112843080,C,A
12,112843710,T,G
9,136217922,A,C
9,136217159,C,T
6,42851305,G,T
6,42854020,G,T
6,42847687,A,T
6,42851245,C,T
8,146017463,C,T
8,146017270,C,A
8,146017200,C,T
8,146015205,T,A
8,146016700,G,T
8,146017401,G,A
4,39458036,C,A
4,39456152,C,A
12,120636414,G,C
12,120636469,A,C
6,30313016,G,A
10,92660420,C,T
10,92631697,C,A
10,92656112,G,A
20,36718325,G,T
20,36718247,C,G
20,36694589,G,A
20,36694555,G,T
20,36676823,G,T
1,150444486,C,G
1,150445065,C,T
1,150443311,G,A
1,150445545,A,T
1,150437062,A,G
1,150337348,A,G
1,150444442,G,C
1,150413467,A,G
1,150432716,T,G
11,118888204,C,G
16,2013170,C,A
16,2013102,G,C
11,75115797,A,G
11,75115247,A,G
11,75115773,G,C
11,75111773,T,A
11,75115252,G,A
1,26881201,C,T
1,26883575,G,T
1,26882043,G,A
1,26898443,C,G
1,26887237,G,T
1,26888135,A,G
6,166844023,C,T
6,167275639,A,T
6,166833431,C,A
6,166923836,C,A
6,166864713,C,A
6,166872949,G,A
6,166944759,G,A
6,166845888,C,G
11,64135651,G,T
11,64136103,G,A
11,64138759,T,C
11,64135637,G,T
11,64136087,G,T
14,91360904,T,C
14,91356980,T,C
14,91356974,C,T
14,91338301,T,A
14,91389530,G,A
14,91338578,C,A
14,91386623,T,A
14,91389482,C,G
14,91356896,G,A
14,91467469,T,C
17,58011874,C,T
17,58018242,C,G
17,58024113,C,T
17,57992021,G,C
17,57970609,G,A
1,213415634,G,C
1,213415205,G,T
1,213349822,G,C
1,213277840,G,A
1,213251076,A,T
1,213445953,G,C
1,213414361,A,G
1,213415084,C,G
1,213349762,C,T
1,213445953,G,T
1,213415529,G,T
1,213277908,C,T
1,213415373,G,A
1,213414788,C,T
1,213415049,C,A
1,213303052,G,T
1,213303156,G,T
1,213436106,A,G
9,19378835,G,T
9,19380082,C,G
17,78681641,G,T
17,78796041,G,A
17,78921115,A,G
17,78811791,G,A
17,78882694,G,T
17,78897445,G,T
17,78599561,C,A
17,78727894,G,A
17,78617595,G,A
17,78931471,A,T
17,78681705,G,T
17,78858847,G,T
17,78923259,G,T
17,78704506,G,A
17,78931486,C,T
17,78704429,G,A
15,40861844,G,A
15,40866103,G,A
16,66958740,C,G
16,66956151,C,A
11,4156359,G,T
11,4133267,G,C
11,4142838,C,T
11,4123249,G,C
11,4123267,A,T
11,4133143,A,T
11,4132861,A,C
11,4154860,A,T
3,51967786,G,C
3,51969221,C,T
3,51968721,C,G
3,51972152,A,T
3,51971226,C,T
3,51971706,C,A
2,7018038,G,A
2,7036027,G,A
2,7030413,G,C
2,7036001,T,C
2,7018084,G,T
2,7033835,G,A
2,7035912,C,A
2,7030450,C,A
2,7035938,G,T
2,7018220,T,G
2,7018185,A,G
7,77407726,G,T
7,77402527,C,G
7,77378976,T,C
7,77326237,G,T
7,77398052,G,T
7,77326001,C,T
7,77379139,G,A
11,77436649,C,A
11,77378462,G,A
11,77378100,G,C
11,77383224,C,T
11,77412087,C,T
11,77402204,C,A
11,77412022,T,A
11,77411766,C,A
11,77388035,C,T
11,77389164,T,C
11,77378137,A,C
11,77411976,C,T
11,77413235,C,A
11,77377926,C,A
6,159403692,G,A
6,159420560,C,A
6,159403567,C,A
6,159420896,G,C
6,116937882,C,T
6,116938031,C,A
6,116938033,G,T
6,116949404,G,A
6,116949479,C,T
1,38079564,G,T
1,38082186,C,A
1,38078474,G,T
1,38082234,G,A
1,38079564,G,A
1,38078506,C,A
1,38079922,G,A
1,38082223,G,A
1,38078422,T,A
1,38078564,G,T
1,38078416,G,T
1,38079871,C,T
1,38095317,C,A
1,38079496,G,T
1,38078308,A,T
1,38079472,G,T
1,38095323,C,A
1,38082184,G,T
1,38095354,C,A
3,158261251,A,G
3,158262012,A,T
3,157920997,A,T
3,158072675,A,G
3,157841731,G,T
10,16859039,C,T
10,16794589,T,C
2,74654356,G,A
2,74659576,C,A
2,74654377,C,T
2,74659500,T,C
6,107076856,C,T
6,107035616,G,A
6,107019885,T,A
6,107069328,G,A
6,107035708,C,A
6,107070779,C,G
6,107019974,C,A
3,187086254,G,C
3,187088747,T,C
10,70139235,C,A
10,70154102,C,T
10,70143589,C,A
10,70156548,C,T
10,70136838,G,C
10,70154113,C,T
10,70154089,G,C
10,70143611,C,G
10,70154087,G,C
10,70123383,T,C
10,70156631,G,T
17,42392139,T,A
17,42390611,C,A
17,42394865,C,G
21,36421221,C,G
21,36259419,C,A
21,36265261,C,T
21,36231792,C,T
21,36421187,C,G
21,36231782,C,T
1,155290502,C,T
1,155290933,C,T
1,155291097,C,G
1,155291216,C,G
1,155292200,C,G
1,155296855,C,G
1,155291357,C,G
1,155298032,G,C
1,155295191,G,T
1,155291198,C,G
1,155292113,C,A
1,155292331,G,A
1,155291857,C,G
1,155294114,G,T
1,155294228,C,T
1,155291221,C,T
1,155291133,C,T
3,127806630,G,A
3,127823653,A,C
3,127816180,C,T
3,127842427,C,A
3,127842454,C,T
3,127816215,A,C
3,127816235,G,A
3,127820453,T,A
3,127842496,C,T
19,49518853,A,G
19,49513735,C,T
19,49519073,G,A
19,49510571,G,C
19,49506546,C,G
6,116910093,C,T
6,33163824,C,A
6,33164323,C,G
6,33165612,C,T
6,33162447,C,A
6,33163925,C,A
1,165380300,C,A
1,165398014,G,T
1,165398047,G,T
1,165380317,C,G
1,165414138,C,A
1,165386317,G,A
1,165397966,G,T
1,165389184,C,T
1,165380321,G,T
1,165380195,C,G
1,165397965,G,T
1,165370478,G,T
1,165376092,G,A
1,165398198,G,T
1,165370562,C,A
1,165378835,T,A
1,165370517,G,T
1,165378824,G,A
1,165380219,T,C
1,165397989,T,A
1,165398199,G,T
1,165376126,C,G
1,165398067,G,T
1,165370478,G,T
1,165414187,C,G
1,165376069,C,G
3,133894458,C,A
3,133910783,T,G
3,133921683,G,A
3,133930409,T,C
1,153591462,G,C
1,153591323,C,A
1,153591308,G,T
1,153598847,G,A
1,153333232,G,A
21,48022263,C,A
21,48019357,G,A
19,10335474,G,T
19,10334604,C,A
19,10334757,G,A
3,45776857,C,T
20,50407075,C,A
20,50418997,C,A
20,50407327,G,A
20,50406859,C,G
20,50407943,T,C
20,50406731,G,T
20,50407593,C,G
20,50408003,C,T
20,50407847,C,A
20,50408823,G,A
20,50407792,G,A
20,50401195,T,C
20,50405400,C,A
20,50408621,C,A
20,50400995,G,A
20,50407760,G,A
20,50401130,C,A
20,50407660,G,A
20,50408065,C,A
20,50400740,C,T
20,50406961,G,A
20,50407577,G,C
20,50407635,C,G
20,50405641,G,A
20,50408418,G,A
20,50408136,G,A
20,50408856,C,A
20,50408809,C,A
20,50407808,G,T
20,50407375,C,T
20,50407048,C,A
20,50407055,G,A
20,50408423,G,C
20,50407691,T,A
20,62607069,G,A
20,62608630,G,A
20,62608328,G,A
4,174292327,C,G
4,174292579,C,T
4,174292240,G,T
4,174292310,C,G
11,65746505,C,T
11,65733911,G,A
11,65746353,C,T
11,65734948,G,T
11,65733831,G,T
11,65743992,C,G
11,65729186,C,A
11,65733926,C,A
11,65731939,A,T
11,65745041,G,T
11,65732040,G,C
17,7529633,G,A
17,7529731,G,A
3,18457508,T,A
3,18436366,T,C
3,18419677,T,G
3,18393628,C,A
3,18457572,C,A
3,18390868,G,T
3,18458546,A,G
3,18427954,C,A
3,18390907,C,A
3,18390976,G,T
2,200137283,C,A
2,200137209,C,A
2,200246529,C,A
2,200213847,C,A
2,200298192,G,A
2,200173646,T,A
2,200137136,C,A
2,200245205,G,T
2,200213787,C,A
2,200245208,C,A
2,200136964,C,T
2,200193506,T,A
2,200246416,C,A
2,200213470,C,A
2,200137063,G,T
2,200188558,G,T
2,200188559,G,T
2,200213481,C,T
2,200213476,C,A
2,200188633,C,A
2,200245120,C,A
2,200193550,C,A
2,200137080,C,G
2,200137217,G,A
2,200213728,T,A
2,200188654,G,T
2,200246493,C,A
2,200298174,C,G
2,200173488,C,A
2,200137314,C,T
2,200213530,G,T
2,200213524,A,G
2,200137222,C,A
2,200213792,C,T
2,200246414,C,T
2,200137156,G,C
2,200193611,C,A
2,200298195,C,A
2,200173569,T,C
22,50904684,G,T
22,50903056,A,G
22,50900255,C,A
22,50906112,G,C
22,50898508,C,A
22,50902833,G,A
22,50904394,C,T
22,50905860,G,A
22,50898555,G,A
22,50906076,C,A
22,50897899,C,A
22,50899610,T,A
16,28328848,G,T
16,28330438,G,C
16,28328794,G,T
16,28331793,G,C
16,28330425,G,T
16,28331561,G,T
16,28328790,T,A
16,28331646,G,T
15,75137884,G,C
15,75143767,G,A
15,76763649,G,A
15,77046201,C,A
15,77087752,C,T
15,76995281,C,A
15,77087629,C,T
15,76994155,G,A
15,77057679,T,A
15,76995253,C,T
15,76994195,C,A
15,76641023,T,A
1,246890200,C,A
1,246930495,A,G
1,246903601,A,G
1,246922379,C,G
10,102107276,G,T
10,102120518,C,A
13,78130833,G,A
13,78176221,G,A
13,78143520,C,T
13,78133957,G,T
13,78165533,G,C
13,78188076,C,G
13,78130760,C,A
13,78173864,A,T
13,78218491,G,T
13,78218472,C,G
13,78184241,G,T
13,78188089,G,T
13,78167670,C,T
14,31099691,T,G
14,31177262,G,T
14,31191118,C,T
14,31169464,G,T
14,31204908,A,T
14,31112531,G,T
14,31118787,G,C
14,31142507,C,G
14,31204843,A,G
4,54179819,T,A
4,54232114,G,T
4,54231379,G,A
4,54011593,C,G
4,54231754,G,C
4,54231833,G,A
4,54231430,A,C
4,54232021,C,A
4,54232062,T,A
4,54232058,C,A
4,53773703,C,T
4,53786890,G,A
4,54232062,T,A
4,54231838,C,T
4,53740143,C,A
2,224463757,G,C
2,224462916,G,A
2,224463151,G,A
2,224462309,C,T
2,224462111,G,A
2,224463855,T,G
2,224463548,A,G
2,224463377,C,A
2,224462839,G,T
2,224462854,G,A
2,224463163,C,G
2,224463340,C,T
2,224462975,A,T
2,224463262,C,A
2,224462128,G,T
2,224464016,T,A
2,224463277,C,A
2,224462577,G,C
2,224462250,T,C
2,224463217,G,T
2,224462881,T,G
2,224462640,G,T
15,51974766,G,T
15,51993418,G,T
15,51975452,A,T
15,51991556,G,C
15,52011673,C,A
15,51988120,T,A
15,51991547,C,A
15,52011777,T,G
15,51988091,A,T
15,51974715,C,G
15,52011672,C,A
15,51975475,A,G
15,51991575,G,T
15,52011727,T,C
11,62189740,C,A
11,62189816,C,A
11,62189754,C,T
11,62186609,C,G
4,129809853,G,A
4,129913322,C,A
4,129867262,C,A
4,129880846,C,A
4,129867217,C,A
4,129857944,C,G
4,129925026,T,C
X,18275064,G,A
X,18276282,C,A
X,18323337,T,C
X,18260586,G,T
X,18260587,C,T
X,18265997,C,G
X,18338471,G,T
X,18275119,C,G
X,18323300,C,A
X,18264765,A,T
X,18259465,C,A
X,18276333,G,A
X,18278317,C,A
X,18278317,C,G
X,18342067,T,G
X,18276194,G,C
X,18264732,T,A
X,18342108,C,T
19,35524775,G,T
19,35523499,C,A
11,123504900,G,A
11,123524576,A,C
11,123513202,G,T
11,123508911,C,A
11,123513205,G,T
11,123509019,G,A
11,123524529,C,A
11,123508905,G,T
11,123504842,G,T
11,123508996,A,G
11,123508977,G,T
16,23360085,C,T
16,23364156,G,T
16,23382700,C,G
16,23366787,C,T
16,23360114,G,T
16,23360173,G,C
16,23359988,A,T
16,23387172,C,A
16,23388520,G,T
11,9116481,C,T
11,9116138,A,G
11,9116253,C,A
11,9042592,T,A
11,9116440,G,A
11,9042630,G,C
11,9075295,A,T
11,9069555,C,T
11,9052304,C,A
6,35212536,A,G
6,35211475,T,G
6,35200627,A,G
6,35210811,G,T
6,35209366,C,G
6,35199627,C,A
6,35210036,A,G
6,35210967,G,A
6,35182243,C,A
6,35182244,C,A
6,35211468,C,A
11,65293594,G,A
11,65293487,G,C
11,65303778,G,C
11,65304157,G,C
11,65300213,C,T
11,65293060,G,T
11,65303735,C,T
4,76881291,C,A
4,76882214,T,C
4,76894544,T,C
4,76877194,G,A
4,76912084,C,G
4,76898821,C,A
4,76885364,T,A
1,31349877,G,C
1,31351412,G,C
1,31351564,G,C
3,195712633,G,A
14,24911632,C,G
14,24912021,C,T
14,24911971,C,G
22,30860810,C,A
22,30860811,C,A
22,30860877,G,A
22,30857304,G,A
22,30862366,C,T
22,30856095,G,T
22,30860829,G,T
22,30866229,G,T
22,30866238,C,A
22,30855965,G,A
22,30863060,C,A
22,30857594,C,A
22,30864591,C,A
9,139353685,T,C
9,139368707,T,C
9,139371251,C,A
9,139369443,G,A
9,139370619,C,A
9,139360558,C,A
9,139370617,C,G
9,139357393,C,T
9,139342099,G,A
9,139361417,G,T
9,139358874,C,A
9,139350537,C,A
9,139371508,C,A
10,121691675,C,G
10,121657964,G,A
10,121671606,G,T
10,121662451,A,G
10,121691670,G,C
10,121691671,G,T
10,121652418,C,T
10,121658370,C,T
10,121658365,C,T
10,121692666,C,G
10,121674283,G,T
10,121685689,G,T
10,121689157,G,C
10,121692629,A,G
10,121662475,T,G
7,54823562,A,T
7,54825215,T,C
7,54826849,A,G
7,54823477,G,A
14,81964342,C,G
14,81964292,C,T
14,81969103,C,T
14,81965702,C,T
14,81943307,C,A
14,81964777,T,C
14,81953873,C,A
14,81972490,T,G
14,81969147,C,A
14,81970636,C,A
14,81952030,C,G
14,81946042,C,T
14,81969145,C,A
14,81943264,C,A
14,81972450,T,A
1,151338093,C,A
1,151341499,C,A
1,151341680,G,T
1,151338044,C,A
1,151345148,G,A
1,151338767,C,A
1,151337030,T,G
1,151345142,C,A
1,151345156,G,A
1,151338815,T,A
1,151338900,C,A
1,151345147,G,A
7,83610795,C,A
7,83634783,T,C
7,83606484,C,A
7,83823799,G,C
7,83640502,G,A
7,83591024,A,G
7,83689790,G,T
7,83590683,C,A
7,83739879,T,A
7,83640603,C,A
7,83590774,G,T
7,83636694,C,T
7,83636787,C,A
7,83636733,C,T
7,83590845,C,A
7,83689820,G,T
7,83823942,C,T
7,83590818,C,A
7,83636683,G,T
7,83592525,T,A
7,83634789,A,T
7,83739785,C,A
7,83590802,C,A
7,83640407,T,C
7,83614763,A,G
7,83634655,C,T
7,83823811,C,T
7,83590877,A,G
7,83640399,A,G
7,83590815,G,T
7,83739857,G,C
7,83634826,C,T
7,83689856,C,A
7,83689838,T,C
7,83610721,G,C
3,52472194,G,A
3,52476297,C,T
3,52476874,G,A
3,52470040,C,A
3,52475604,T,C
3,52469787,C,T
3,52469754,T,C
3,52476764,T,A
3,52473930,C,T
3,52469737,C,T
9,91994133,G,A
9,91994056,G,A
9,92003845,C,A
9,92006263,C,A
9,92006264,C,A
9,92011694,G,A
9,91996117,C,A
9,91994486,C,G
9,91994000,G,T
9,91994042,C,A
2,74902472,C,T
2,74903002,G,T
2,74883723,G,A
2,74907119,G,T
2,74881608,C,A
2,74901709,G,T
2,74902987,T,C
2,74900622,G,T
2,74902162,G,T
2,74900936,G,T
2,74901732,G,T
2,74902762,G,T
15,74702899,C,A
15,74703149,T,A
15,74703902,G,A
15,74704231,C,T
15,74709697,T,G
15,74709982,C,A
15,74703307,C,G
15,74704250,C,A
15,74703902,G,A
15,74702885,C,A
15,74708159,A,T
15,74707046,T,A
15,74703654,A,C
12,48457499,A,G
12,48483056,C,G
12,48490160,T,A
12,48483038,T,C
12,48482982,C,A
17,7476069,G,T
17,7468082,C,T
1,67890850,C,T
1,67878931,G,C
1,67881016,C,A
1,67890002,C,A
1,67889914,C,T
22,42970188,G,C
22,42971967,C,A
22,42968465,C,T
1,31898241,G,T
1,31899543,C,T
1,31898638,G,C
20,43142612,C,A
20,43132458,A,G
20,43150551,C,T
20,43139946,C,T
20,43138621,T,A
14,95088804,G,T
14,95081374,T,G
14,95088785,A,G
14,95090212,G,C
14,95080781,G,T
14,95080977,A,T
14,95085764,C,A
14,95080844,C,T
14,95080889,G,T
14,95081103,G,C
14,95081327,C,A
14,95081396,C,A
14,95081184,A,T
14,95088697,C,G
14,95090026,C,A
14,95081196,G,T
14,95085656,C,A
14,95090116,T,C
14,95090004,C,T
14,95085719,C,T
14,95081008,C,A
14,95080701,G,T
14,95081408,C,T
14,95081151,A,T
14,95088688,G,A
14,95080725,G,T
14,95081191,G,A
14,95081052,C,T
14,95090332,T,A
14,95081053,A,G
14,95085752,A,C
14,95081183,G,A
6,2900746,T,C
6,2892184,G,A
6,2896338,C,A
6,2896343,A,G
6,2890614,G,A
6,2892192,G,C
6,2890474,C,T
6,2896288,G,A
6,2893738,C,T
6,2893739,C,A
11,75277965,G,C
11,75277634,C,T
11,75283547,C,G
6,109323540,C,T
2,179989108,G,T
2,180014089,T,C
2,179979965,T,A
2,180047903,C,G
2,179986599,T,A
2,180008389,C,T
2,180041248,C,A
2,179989093,C,A
2,179974756,C,G
2,180008450,C,A
2,179986501,G,C
2,179997121,T,C
2,180014052,C,G
2,180008479,C,A
2,179986618,G,C
2,180014079,C,T
16,58550242,G,A
16,58550115,C,T
16,58550737,G,C
16,58552873,C,A
13,50064963,T,A
13,50059943,G,T
13,50062476,G,C
13,50059826,G,A
13,50065878,G,T
13,50050716,G,T
13,50051129,A,T
13,50034254,A,G
13,50042023,G,C
13,50050665,G,C
13,50062753,G,T
3,4355405,C,A
3,4354885,C,T
3,4355245,G,A
3,4355122,A,C
3,4354588,C,A
9,131454184,A,G
11,65822628,G,A
11,65819889,G,T
11,65824773,C,T
11,65826990,A,G
11,65827286,G,C
11,65826401,G,T
11,65819818,C,A
11,65824815,C,T
11,65819817,C,T
11,65819837,G,T
11,65819874,G,T
11,65829421,A,T
11,65823021,C,T
11,65836163,C,G
11,65827268,G,T
11,65829154,C,T
11,65828200,G,T
16,70601431,G,A
16,70566441,C,G
16,70599027,A,T
16,70605714,T,C
16,70605715,G,T
16,70599102,C,T
16,70595659,A,G
16,70573038,C,A
16,70573039,T,A
16,70590926,G,T
1,149895781,G,T
1,149898367,G,A
1,149895850,C,A
1,149898282,C,A
1,149898396,C,G
1,149895789,G,C
1,149897745,C,T
1,149895599,C,A
1,149898433,C,G
3,52941692,C,T
3,52940182,G,A
3,52954585,C,A
1,35658672,G,C
1,35652649,C,A
1,35653600,A,G
1,35650074,T,G
1,35652667,C,A
1,35653584,T,A
1,35658644,G,C
1,35652807,C,A
4,154709967,C,G
4,154702676,G,T
4,154702677,A,G
4,154709985,C,T
4,154709790,G,T
10,81372125,G,T
10,81373600,G,A
10,81371568,C,G
10,81372965,G,A
10,81373943,G,T
10,81373913,C,T
10,81373603,C,A
10,81371735,G,A
10,81317230,C,A
10,81319086,C,T
10,81317071,C,A
2,85890488,G,T
2,85893739,C,A
2,85893804,G,A
2,85894864,G,A
10,81697913,T,C
10,81697779,C,T
10,81700540,A,T
10,102796833,A,G
10,102799248,C,G
17,48245326,G,A
17,48245884,T,A
17,48244787,G,A
17,48252755,G,T
17,48245036,A,T
4,52894977,G,T
4,52894225,T,A
4,52890175,C,A
6,134495848,C,A
6,134583196,G,T
6,134491574,C,T
6,134494448,T,G
6,134495930,C,T
6,134496012,C,G
6,134496020,C,A
6,134583133,G,C
6,134491563,T,A
8,67740918,G,C
8,67755688,A,G
8,67734616,C,T
8,67763155,G,T
10,72614534,G,C
10,72630895,G,A
19,2762622,T,C
19,2757423,T,C
19,2757393,C,T
5,64976348,C,T
5,64976515,C,A
5,65000188,C,T
7,101957824,G,A
7,101952177,C,T
7,101926396,C,T
7,101952130,A,C
7,101925179,C,T
7,101944453,G,T
7,101944511,G,A
7,101957803,C,T
7,101944560,C,T
X,123480361,G,T
X,123505206,A,T
X,123504071,C,G
X,123480538,G,T
X,123480601,G,T
X,123504058,G,A
19,6760967,T,A
19,6755233,C,T
1,26607354,G,C
1,26607302,G,A
2,235951092,G,T
2,235950275,C,A
2,235951476,A,T
2,235950023,G,T
2,235951690,G,T
2,235951280,A,T
2,235951264,C,T
2,235950424,C,G
2,235951538,G,T
2,235951704,A,T
2,235950746,C,G
2,235949692,G,A
2,235951006,G,T
2,235950663,G,T
2,235951777,G,C
2,235950602,G,A
2,235943571,G,A
2,235949751,A,G
2,235962399,C,T
2,235951595,A,T
2,235951088,G,A
2,235962337,G,T
1,249106452,C,A
1,249107240,C,A
1,249107312,C,A
1,249108734,C,A
1,249106449,C,A
1,249106308,C,A
1,249119140,C,A
1,249110823,C,A
1,249106302,C,A
1,249118957,T,A
1,249111042,G,C
1,249106196,C,A
19,4400336,G,A
9,17791273,G,A
9,17791274,G,T
9,17789439,A,T
9,17789495,G,A
9,17791292,G,T
9,17747126,G,T
9,17786510,G,A
9,17795682,G,T
9,17795745,G,A
9,17795576,G,T
9,17795788,G,T
9,17789527,G,T
9,17793473,C,T
9,17795655,G,T
15,84286922,G,A
15,84245390,G,T
15,84159546,C,A
15,84286886,G,A
15,84237416,C,A
15,84237417,C,A
15,84257444,A,T
15,84255752,G,T
15,84241444,G,C
15,84245427,G,T
15,84237407,G,T
15,84257465,G,T
15,84257453,G,T
15,84255823,G,A
15,84287065,C,G
15,84159574,G,C
15,84237387,G,C
X,19560190,C,G
X,19649988,G,A
X,19555848,C,A
X,19854298,C,A
X,19554562,G,A
X,19564044,G,T
X,19560137,C,A
X,19817751,C,A
X,19650023,A,G
11,70332284,C,T
11,70338468,C,A
11,70331681,C,G
11,70333260,C,G
11,70318954,G,A
11,70332188,C,A
11,70336381,C,A
11,70505957,T,C
11,70319439,G,A
11,70319292,T,A
11,70319293,G,A
11,70333408,C,T
11,70331742,C,T
11,70331648,G,A
11,70335437,T,C
11,70332419,C,A
11,70319477,C,A
11,70507709,C,A
11,70319093,C,T
11,70333298,T,C
11,70319334,G,A
11,70333054,C,T
11,70507767,C,G
11,70331739,C,T
11,70507701,C,A
11,70709452,C,A
11,70331663,G,A
11,70348925,G,C
1,154940731,G,A
1,154942831,G,A
1,154940998,G,A
1,154942593,T,A
1,154941861,C,T
1,154940681,G,A
1,154940682,G,A
1,154936388,C,T
1,154942963,G,A
9,91653039,C,T
9,91653014,C,A
9,91652958,T,C
9,91661855,G,T
9,91686121,C,A
9,91656987,C,T
9,91690072,C,T
9,91793333,C,A
9,91680488,G,A
9,91660680,C,A
16,46633812,A,T
16,46633784,C,G
16,46649880,C,A
16,46615701,C,A
16,46629573,C,A
16,46633756,T,A
16,46615942,G,C
1,201858627,C,A
1,201860534,G,T
17,3514000,C,A
17,3539511,C,T
17,3526675,C,G
17,3513806,T,C
17,3518819,C,A
17,3524528,T,A
17,3539418,G,A
X,9862978,G,T
X,9863284,G,A
X,9863246,G,A
X,9900701,C,T
X,9905204,G,T
X,9864172,G,T
X,9864516,C,T
X,9862757,C,A
X,9863530,G,T
X,9900402,C,A
X,9900370,C,T
X,9864701,G,T
X,9862786,C,G
X,9864437,G,T
X,9862711,G,T
X,9905467,G,T
4,77661931,G,A
4,77660075,G,T
4,77691881,G,T
4,77675915,C,T
4,77660382,G,C
4,77675651,A,T
4,77661953,G,T
4,77357309,G,A
4,77680773,G,A
4,77660856,G,A
4,77663049,G,T
4,77675663,G,T
4,77476912,C,T
4,77677649,C,T
4,77660734,G,T
4,77691984,C,G
4,77676228,C,T
4,77660267,G,T
4,77675506,G,T
4,77700208,C,T
16,48399444,C,T
16,48395996,G,C
16,48396183,G,C
3,150460262,C,A
3,150460419,C,G
3,150460046,C,A
3,150460021,G,A
3,150459956,T,C
3,150459978,C,T
11,117050024,G,T
11,117063023,C,T
11,117058369,T,A
11,117066842,G,T
11,117062658,G,C
11,117050138,C,A
11,117052224,C,A
11,117062657,C,A
20,3675341,G,A
20,3677979,C,A
20,3673254,G,T
20,3669764,C,A
20,3677796,G,C
20,3680041,T,A
20,3673738,G,T
20,3669805,C,A
20,3677417,C,A
20,3675457,C,G
20,3675114,G,A
20,3672221,G,T
20,3684093,C,T
20,3684575,C,A
20,3683877,C,A
20,3686650,C,A
20,3682056,C,T
20,3673732,G,T
20,3684006,G,A
20,3674142,G,T
20,3677378,G,T
20,3684502,C,A
20,3687105,G,T
20,3678575,C,T
20,3682045,C,A
20,3672676,C,T
20,3680084,C,A
20,3673252,G,A
20,3672708,C,G
20,3683935,C,A
20,3677877,G,A
20,3672024,C,A
20,3674161,G,T
20,3669959,C,A
20,3675457,C,A
20,3682161,C,A
20,3686514,C,T
20,3674160,G,T
19,52130739,T,A
19,52115520,G,T
19,52132708,G,A
19,52130877,C,T
19,52130768,C,A
19,52132834,G,T
19,52133196,C,A
19,52130480,C,G
19,52130918,G,T
19,52133195,G,T
19,52133249,G,C
19,52115477,C,A
19,52130812,G,A
19,52115380,A,G
19,52130747,C,A
19,52131177,G,A
19,52132629,C,A
19,52132675,G,T
19,51960828,G,T
19,51961666,C,A
19,51961413,C,T
19,51955647,C,T
19,51961268,C,T
19,51960764,C,A
19,51961677,G,A
19,51958820,G,T
19,51961487,G,T
19,51955752,G,A
19,51960929,C,A
19,51957991,C,A
19,51961552,T,G
19,51960729,C,A
19,51961521,G,T
19,51955805,C,A
19,51960979,G,T
19,51958853,A,C
19,51955638,C,T
19,51961204,C,G
19,51955813,C,G
19,51961365,G,T
19,51958789,G,T
19,51961326,C,A
19,51958820,G,T
19,51961291,C,T
19,51633160,G,T
19,51630302,G,T
19,51628390,T,G
19,51628630,C,T
19,51630385,G,T
19,51630332,G,T
19,51628941,G,T
19,51629008,C,T
19,51628974,T,C
19,51628373,C,A
19,51633410,T,C
19,51628239,T,A
19,51628959,C,T
19,51628303,G,A
19,51629378,C,A
19,51629054,G,T
19,51630361,G,C
19,51630513,T,A
19,51629379,G,A
11,111591374,A,T
11,111592583,C,T
11,111575717,C,T
11,111590634,C,T
11,111573994,C,G
11,111573987,C,T
21,38092173,G,A
21,38114105,T,C
21,38095399,A,G
21,38117315,C,T
21,38095364,C,A
21,38095368,C,G
21,38095422,C,T
21,38115717,C,A
20,1552431,A,G
20,1552524,T,C
20,1552625,T,C
20,1552414,G,C
20,1552626,G,T
20,1592250,C,A
20,1546816,C,A
20,1559157,G,T
20,1551693,C,A
20,1552473,A,G
20,1551451,C,A
20,1559087,G,T
20,1584724,G,T
20,1600516,T,G
20,1460697,C,A
20,1456769,G,A
20,1458023,T,A
20,1456686,T,A
20,1456860,G,A
20,1457984,T,A
20,1459098,C,A
20,1471924,A,T
20,1460538,G,A
20,1460651,G,T
20,1460610,C,A
20,1456789,G,T
20,1457903,C,T
20,1456807,A,T
19,39380361,G,T
19,39379730,C,A
19,39372103,C,A
19,39390257,C,A
11,224188,C,A
11,230517,G,T
12,120741790,C,T
12,120741830,C,T
12,120741615,G,A
14,61113065,T,C
14,61113223,C,A
14,61113191,G,C
14,61115466,A,G
14,61115455,C,A
14,61113088,G,T
14,61113211,G,A
14,61115897,A,G
17,57228553,T,A
17,57232555,C,G
13,21729278,C,A
13,21742500,A,T
13,21742417,C,A
13,21742230,C,T
17,46423342,C,G
17,46259763,C,A
17,46474063,C,A
17,46474064,C,G
17,46262150,G,A
17,46233853,G,A
17,46262170,C,A
17,46423351,C,G
17,46262200,G,A
17,46239860,G,T
17,46257476,C,A
17,46214542,A,T
17,46233865,C,T
17,46233866,G,A
17,46266827,C,G
7,26765118,T,A
7,26709737,C,T
7,26709796,C,A
7,26883754,C,A
7,26779578,G,A
7,26766626,C,A
6,31934831,G,A
6,31927134,G,T
6,31927176,G,A
6,31936260,T,C
6,31931241,G,T
6,31930285,G,C
6,31936514,C,T
6,31927793,C,T
6,31926915,C,T
6,31927146,T,A
6,31935558,G,T
5,36152975,G,T
5,36163841,G,C
5,36153042,G,T
5,36171762,G,T
5,36183978,C,T
5,36152305,G,T
5,36183971,G,T
5,36152296,C,T
5,36152994,G,C
5,36166718,C,T
13,78337494,G,T
13,78335215,C,G
13,78293704,G,C
13,78327435,G,T
1,159803141,C,T
1,159799980,A,T
1,159799981,C,A
1,159803089,G,A
1,159805027,C,A
1,159803054,C,A
1,159799730,C,G
1,159799683,C,T
1,159803053,A,C
1,159799686,A,T
1,159799710,C,A
1,159803081,C,G
8,134050890,A,T
8,134072428,G,T
8,134050794,G,T
8,134050875,T,A
8,134072432,G,A
8,134062207,G,T
8,134072425,G,A
8,134052339,G,A
8,134050881,G,T
4,1696560,C,A
4,1705370,T,A
5,127466874,A,T
5,127503468,C,T
5,127487036,A,T
5,127449957,G,C
5,127522368,C,G
5,127497454,G,A
5,127488427,C,G
5,127487026,C,G
5,127488418,A,T
5,127483407,C,T
5,127466899,G,T
5,127516681,G,T
5,127471499,A,G
5,127514316,G,T
5,127510314,T,A
5,127512819,T,A
5,127469953,G,T
5,127507432,G,A
5,127483420,A,G
5,127503620,G,T
5,127477566,A,T
5,127516628,T,A
17,26821004,C,A
17,26817855,G,A
17,26818601,G,C
17,26817770,C,T
17,26821425,G,A
17,26817755,G,A
17,26821467,G,A
17,26822805,A,G
17,26818601,G,A
17,26818829,G,T
17,26800700,G,C
17,26817412,G,T
17,26817852,G,A
20,45224895,T,A
20,45212243,C,A
20,45224801,G,C
20,45188658,G,A
20,45242166,C,T
20,45217842,G,C
20,45195002,C,A
20,45194872,T,C
20,45212240,G,T
20,45188667,G,T
20,45194997,C,T
20,45221081,C,A
18,43329997,G,A
18,43311144,A,T
18,43319536,C,G
18,43310394,T,C
18,43310395,A,T
18,43316472,C,A
18,43330069,C,A
18,43311143,G,A
18,43319537,T,C
18,43329756,C,A
18,43314340,T,C
18,43319551,C,T
18,43329753,C,T
18,43316485,C,A
18,43329927,C,G
11,60705416,C,T
11,60711284,C,T
11,60708653,G,C
11,60714179,T,A
11,60711180,T,C
11,60714087,G,C
11,60714150,C,A
11,60714008,C,G
6,111498669,G,A
6,111543326,A,T
6,111498506,T,G
6,111498613,C,T
6,111543326,A,T
1,113466300,C,T
1,113466625,C,T
1,113460478,A,C
1,113460177,A,G
1,113464670,A,T
1,113459922,C,A
1,113466304,C,A
1,113459736,C,T
1,113456568,G,C
1,113471717,C,T
1,113471726,T,A
1,113466748,G,A
1,113460446,G,A
1,113456702,G,A
17,73089740,G,T
17,73096237,G,T
17,73094157,G,T
17,73096184,G,T
17,73094218,G,A
17,73102069,T,C
17,66268785,G,A
17,66270079,C,A
17,66267479,G,T
17,66267740,G,T
17,66267011,G,T
17,66267264,C,T
17,66267675,G,A
17,66274420,C,T
17,66265122,A,T
17,66267221,G,T
12,60098626,A,T
12,60168526,C,T
12,60173372,C,G
12,60168655,C,G
12,60169063,C,T
12,60173376,G,C
12,60169166,G,T
12,60098636,G,C
6,74331599,G,T
6,74351499,G,A
6,74325056,T,A
9,4583043,C,T
9,4564398,T,C
9,4544657,G,T
9,4585491,A,C
5,36677181,G,T
5,36679861,C,A
5,36608551,C,A
5,36671316,G,A
5,36608612,C,A
5,36686452,G,T
5,36677103,G,T
5,36679929,A,T
5,36608542,G,A
5,36677263,G,T
5,36686206,C,A
5,36680558,G,T
5,36671334,A,T
5,36629653,C,A
5,36677170,C,A
5,36684013,C,A
5,36677035,C,A
5,36671276,G,T
5,36671254,G,C
5,36608588,A,T
5,36684092,C,G
5,36686351,G,T
19,47281994,G,A
1,116534856,G,T
1,116519197,G,A
1,116577934,G,A
11,2940624,G,T
11,2929522,C,T
11,2943331,G,C
6,160868761,A,C
6,160874553,A,G
6,160858107,C,T
6,160819028,C,G
6,160831831,C,T
6,160864687,G,T
6,160831778,C,G
6,160831779,C,T
20,4864461,C,A
20,4880360,T,A
20,4837625,G,A
20,4913315,C,A
20,4855301,T,G
20,4837573,C,T
20,4837786,G,A
20,4850575,G,C
20,4842670,G,T
20,4850594,C,A
20,4864311,C,A
20,4843491,C,A
20,4843540,C,A
20,4837809,C,A
20,4855259,C,G
7,95906644,T,C
7,95814260,C,A
7,95775939,C,G
7,95750595,T,C
7,95750532,T,A
7,95750584,C,A
7,95761052,C,G
7,95775912,C,A
7,95775921,G,A
7,95813613,C,A
7,95751169,G,A
7,95822393,G,A
7,95818951,C,A
13,41373228,G,C
3,48929495,T,G
19,6457519,C,A
19,6458287,C,A
19,6454687,G,A
19,6459599,C,A
19,6454458,T,C
9,130830761,C,T
9,130868088,C,A
9,130868020,C,T
8,23428995,A,T
8,23429055,A,T
8,23429084,G,T
8,23425845,G,T
8,23429107,G,A
8,23423746,G,A
8,23429144,C,A
19,19217266,C,A
19,19217267,C,A
19,19221686,G,A
19,19206939,T,A
19,19217293,G,T
19,19216420,C,T
19,19215725,C,T
5,110083920,A,C
X,118602435,C,G
X,118603833,C,A
X,118603834,C,A
X,118604335,G,T
4,984068,G,T
5,149361207,C,T
5,149357882,A,C
5,149360182,A,T
5,149360470,A,T
5,149357626,T,C
5,149357616,G,T
5,149360119,C,T
5,149361032,G,C
5,149360151,C,T
3,48663409,T,C
3,48665887,C,T
3,48670747,G,A
3,48664411,T,G
3,48667389,G,A
3,48664422,C,G
19,17612122,C,T
19,17611545,T,A
19,17599678,C,T
19,17615394,C,A
19,17598328,G,A
19,17599848,C,T
19,17608205,G,A
19,17612097,C,A
7,5331444,G,T
7,5327577,G,A
7,5340242,C,T
7,5331442,C,T
7,5340114,G,A
7,5338648,C,T
7,5327485,G,T
6,134350242,T,C
6,134350090,G,A
6,134327979,A,G
6,134312437,C,T
6,134350827,T,A
6,134373718,G,C
6,134349965,G,A
6,134350376,C,T
9,136340214,C,T
9,136339163,G,A
4,42072578,G,T
4,42068596,C,T
4,42003698,G,C
4,42022529,C,G
4,42051439,C,T
4,42065120,A,C
4,42003636,G,T
4,42024921,A,G
4,41992738,C,T
4,25674767,C,G
4,25669599,G,A
4,25677973,G,T
4,25664326,G,T
4,25664327,C,T
4,25677815,C,T
4,25677836,G,T
4,25678392,G,A
4,25674865,C,A
4,25673328,G,A
4,25678020,C,G
4,25675965,G,T
4,25674768,A,T
4,25669550,G,C
6,88218206,C,T
6,88182724,G,T
6,88187120,G,A
6,88218187,G,A
5,139947518,T,A
5,139947246,C,T
3,112299565,A,G
3,112300107,G,A
3,112299881,C,A
3,112299906,A,G
3,112299982,A,G
3,112300122,G,T
11,45832808,G,A
11,45827767,G,T
11,45827427,G,C
11,45827379,C,T
1,67518517,G,C
1,67519653,T,A
1,67519723,G,T
1,67513052,T,A
1,67469285,C,A
1,67469286,C,A
1,67470088,C,A
12,69158622,G,A
12,69140321,G,T
12,69145871,G,T
12,69140237,G,T
12,69158527,G,T
12,69158481,C,T
12,69145965,G,T
12,69140275,G,C
12,69145860,C,A
22,31032843,G,C
22,31042780,G,A
7,140082271,T,C
7,140043315,G,A
7,140048468,C,T
7,140035027,T,A
7,140048544,C,G
7,140051327,G,C
7,140035151,A,T
7,140051137,C,A
17,79219442,G,A
17,79244796,C,A
17,79246366,G,A
17,79244763,C,A
17,79246348,C,T
17,79234101,C,T
17,79250893,C,T
17,79225400,G,A
12,46582627,C,T
12,46582854,C,A
12,46622958,T,A
12,46582801,C,A
12,46591784,G,C
12,46592512,C,A
12,46592513,G,A
12,46596869,C,A
19,2733331,G,C
19,2732928,C,A
19,2733109,C,G
19,2733240,C,A
8,145637835,G,A
8,145640272,C,T
8,145641555,G,A
8,145638293,C,A
8,145640452,G,T
18,33694177,G,A
18,33689687,C,T
18,33694349,C,A
18,33704551,C,A
18,33694102,T,C
18,33694315,C,T
18,33706778,C,T
18,33706788,G,A
18,33702072,C,T
18,33691185,C,T
18,33706670,C,A
18,33706778,C,A
18,33694106,C,A
18,33706278,C,A
18,33706321,T,A
4,103189159,C,A
4,103226270,T,A
14,69908920,C,G
14,69908952,G,A
11,62649362,C,A
11,62655812,G,A
11,62656120,G,A
11,62620526,C,A
11,62656234,C,G
11,62656092,C,T
11,62620824,C,T
11,62649388,C,T
11,62622689,C,T
11,62656036,C,T
11,62620513,T,C
11,62650419,G,T
11,62623151,C,A
11,62650416,G,T
11,62656063,C,T
11,62655685,G,C
11,62652675,C,T
3,125725351,C,T
3,125786931,C,G
3,125735629,C,T
3,125786993,G,A
3,125769741,C,A
3,125727577,G,T
17,1479966,G,A
17,1489170,C,A
17,1520013,C,A
17,1520021,C,T
17,1478904,G,T
17,1494731,G,T
17,1494673,C,A
17,1494602,T,A
1,205628320,C,A
1,205631992,C,G
1,205633646,C,A
1,205632712,C,A
1,205633714,A,T
1,205631984,T,A
1,205628639,C,A
1,205628640,C,A
9,115652031,C,T
9,115652023,G,A
9,115648836,A,G
9,115651960,G,A
17,19480964,G,T
17,19470429,G,A
17,19470125,C,T
17,19460950,A,T
17,19458919,G,T
17,19470499,A,T
17,19445804,C,A
17,19445753,G,T
20,3214740,A,G
20,3214910,T,G
20,3215504,G,T
20,3210254,G,C
20,3214780,G,T
20,3211800,G,A
20,3208951,T,C
20,3210840,C,A
20,3211997,G,T
20,3212166,G,A
20,3214271,C,A
20,3209205,C,T
20,3209279,A,G
20,3211598,C,T
2,220502304,T,G
2,220501478,C,A
2,220500158,G,T
2,220504391,G,T
2,220503422,C,T
2,220497732,G,T
2,220501108,C,G
2,220502499,G,C
2,220494042,G,T
2,220505152,G,T
2,220498124,C,T
2,220505639,G,T
2,220503474,C,A
2,220494379,G,T
2,220499313,T,A
2,220493218,G,C
2,220494078,G,A
2,220504305,G,T
2,220504370,C,T
2,220505177,G,C
2,220505593,C,A
4,72432719,A,G
4,72313445,G,A
4,72332251,G,T
4,72102328,C,T
4,72423493,G,T
4,72215656,A,G
4,72205152,C,T
4,72306384,G,A
4,72263332,A,T
4,72205110,C,T
4,72338512,G,T
4,72332163,C,A
4,72338512,G,T
4,72316219,T,A
4,72222846,G,T
4,72121090,C,T
4,72121092,A,T
4,72432731,A,G
22,32500800,A,T
22,32464012,G,T
22,32495224,G,T
22,32500780,G,A
22,32506288,C,A
22,32445957,G,C
22,32477866,C,A
22,32464000,A,G
22,32462979,G,T
22,32464548,C,T
22,32498078,G,A
22,32500780,G,A
22,32482216,C,T
22,32498215,G,A
22,32506128,G,T
22,32480562,A,G
22,32464549,C,A
22,32477882,C,A
22,32439311,C,A
22,32482262,T,A
1,110741111,C,A
1,110714814,G,T
1,110709748,A,T
1,110717483,G,C
1,110717484,G,T
1,110737248,G,T
1,110737419,A,T
1,110716699,C,T
1,110738253,A,C
1,110709731,G,T
1,110741154,G,T
1,110740984,C,T
1,110709767,C,A
1,110734625,G,A
1,110740798,G,C
1,110738261,G,T
1,110709673,C,T
1,110738362,C,A
1,110734729,G,T
1,110734689,C,A
1,110709553,T,C
1,110737302,C,T
1,110735252,A,G
3,45800469,C,A
3,45823592,G,A
3,45837889,C,A
X,152957557,G,T
X,152959710,C,G
X,152958790,A,T
X,152958456,G,A
X,152956967,C,G
X,152957588,A,T
X,152956881,G,A
X,152954185,C,G
X,152960251,G,T
X,152958581,G,T
X,152959807,G,T
1,27434250,C,T
1,27426944,C,A
1,27426945,C,T
1,27480730,G,C
1,27436121,G,A
1,27432511,G,A
1,27428248,G,T
1,27480569,C,T
1,27440545,C,A
16,67298304,G,C
16,67291324,A,G
16,67304903,C,A
16,67304692,G,A
16,67304841,A,C
16,67298944,A,C
16,67290373,G,T
16,67304976,C,T
16,67286582,C,T
16,67290871,T,C
3,133670108,C,A
3,133666133,G,C
3,133653612,C,T
3,133672506,C,A
3,133664099,G,C
3,133654686,C,A
3,133663999,G,A
3,133653583,C,T
3,133692535,C,T
3,133664069,C,G
3,133666128,G,A
3,133667450,G,A
3,133674019,T,A
11,74914215,C,A
11,74876920,T,A
11,74914361,C,A
11,74915502,T,A
11,74915580,G,C
11,74899193,C,A
11,74915480,C,T
11,74880349,G,A
11,74915622,G,A
11,74913994,G,T
11,74876893,G,T
11,74880441,C,T
11,74911421,G,T
11,74880372,G,A
11,74880318,C,A
5,101595922,G,C
5,101585493,C,A
5,101592825,T,G
5,101593785,T,A
5,101631710,C,G
5,101599390,T,C
5,101606329,T,A
5,101631628,G,A
5,101606405,C,A
5,101631703,G,A
17,33738442,G,A
17,33738843,G,A
17,33749738,G,C
17,33749657,T,A
17,33749699,G,A
17,33738841,C,T
17,33749524,T,C
17,33738771,G,A
17,33749265,T,A
17,33771790,C,A
17,33768259,C,T
17,33768061,T,C
17,33772338,C,T
17,33769162,C,A
17,33770904,G,A
17,33769072,C,A
17,33768315,T,A
17,33768778,G,T
17,33768287,C,G
1,41486289,G,T
1,41486066,C,G
1,41485895,T,G
1,41486213,G,C
20,43883108,G,C
20,43880953,C,A
4,146479012,G,T
4,146463737,A,G
4,146475128,A,G
4,146463845,G,A
4,146463769,G,C
4,146467854,G,C
15,67073688,A,T
15,67073643,G,T
2,217340026,C,T
2,217315567,A,T
2,217281011,G,A
2,217303159,T,A
2,217279531,G,C
2,217280185,G,T
2,217279574,C,T
2,217285167,G,T
22,24129426,G,C
22,24145517,A,G
22,24145550,G,T
7,150936506,G,A
7,150939586,T,G
22,45750875,T,C
22,45789693,C,T
22,45748426,G,C
22,45795001,G,A
22,45802379,C,T
22,45767443,G,T
22,45802673,T,A
22,45755800,T,A
22,45802747,C,G
22,45795221,G,A
9,106889718,A,T
9,106889692,G,T
9,106889740,G,T
9,106877090,A,G
9,106877102,G,A
9,106889632,T,A
9,106876287,C,G
9,106876317,A,G
9,106864738,G,T
9,106864430,G,C
9,106864469,G,C
9,106901507,G,T
9,106889709,T,A
9,106889608,A,T
10,112361869,C,T
10,112362320,G,T
10,112362260,A,T
10,112356170,C,T
10,112341740,C,G
10,112337194,C,T
10,112335124,G,T
10,112350219,G,T
10,112356221,G,A
10,112344147,A,T
10,112360870,A,C
10,112328695,G,T
10,112350867,G,C
10,112364106,G,T
10,112338435,A,T
10,112361781,A,C
10,112340735,A,T
3,160130174,G,A
3,160134138,A,G
3,160135665,C,G
3,160142723,A,C
3,160137240,C,T
3,160134080,C,A
3,160146596,A,T
3,160137168,T,A
3,160129835,G,A
3,160120494,A,T
3,160142658,A,T
3,160150941,G,A
3,160146643,A,T
3,160149569,G,A
3,160129708,G,T
3,160130201,G,A
3,160120513,T,C
3,160138648,A,G
2,17927206,T,C
2,17897451,C,G
2,17896178,T,A
2,17897437,C,A
2,17865019,T,A
2,17877654,T,C
2,17883113,C,A
18,2740725,G,A
18,2750424,C,T
18,2751313,C,T
18,2763760,C,T
18,2698038,A,T
18,2688415,C,T
18,2674057,A,G
18,2763714,C,G
18,2772322,G,A
18,2656197,G,T
18,2775813,G,T
18,2732320,G,T
18,2796455,G,T
18,2762143,T,C
16,18849510,C,A
16,18823127,C,A
16,18853097,C,T
16,18844354,C,A
16,18866017,C,T
16,18847378,G,A
16,18879867,T,A
16,18860662,C,T
16,18908270,C,G
16,18846339,C,A
16,18856834,C,A
16,18882704,T,C
16,18839449,C,A
16,18895424,G,C
16,18823123,C,A
16,18883831,T,G
16,18826847,T,C
16,18841079,T,G
16,18844335,G,C
16,18882128,T,C
16,18887484,G,A
16,18861343,C,A
16,18846284,G,A
16,18891008,C,T
16,18887705,A,G
16,18883895,T,C
16,18853565,C,A
16,18896866,A,G
16,18846393,G,C
16,18823362,G,C
16,18847471,C,A
16,18882139,C,T
16,18896878,G,A
16,18883652,G,A
16,18851073,T,C
16,18893522,G,A
16,18847769,T,C
16,18881188,G,C
16,18866197,T,A
16,18875011,C,G
10,112058482,T,A
10,112053973,C,G
7,128845610,C,A
7,128850377,G,T
7,128843410,C,A
7,128851599,G,T
7,128845518,C,A
7,128850937,C,T
7,128846405,T,C
7,128845077,G,C
7,128846355,C,A
7,128849169,C,A
7,128851597,C,G
7,128846363,G,T
7,128851576,C,T
7,128848686,C,A
7,128845065,T,A
7,128846155,T,G
11,6413070,C,G
11,6412057,G,T
11,6415525,A,T
11,6411875,G,T
17,1686381,T,C
17,1684657,C,G
17,1686771,C,G
17,1703946,C,T
2,73451084,A,G
2,73448960,G,C
2,73449044,G,T
2,73446089,G,A
2,73450603,C,T
2,73441457,C,T
2,73446058,G,T
2,73441427,C,G
15,42820509,G,A
15,42807447,G,A
14,62233743,C,A
14,62259600,A,T
14,62229216,C,T
14,62242899,G,T
9,139289780,C,A
9,139272416,C,A
9,139272247,C,T
9,139277757,C,T
9,139270916,A,T
9,139291435,C,A
9,139272678,G,A
9,139276314,G,A
9,139281990,C,A
1,153631218,T,A
5,121787144,A,G
5,121761073,C,A
5,121780053,C,A
5,121786347,C,A
5,121786712,C,A
5,121786644,C,T
5,121799351,C,A
5,121759192,C,A
5,121759050,A,T
5,121786482,C,A
5,121786248,C,T
5,121759333,C,A
5,121786497,C,A
5,121786272,C,A
17,47007911,A,G
17,47014474,A,C
2,96945230,C,A
2,96956196,G,A
2,96956427,G,A
2,96955684,T,C
2,96963260,C,A
2,96963261,C,A
2,96950132,C,A
2,96967333,C,G
2,96971175,T,C
2,96949018,C,T
2,96964641,G,C
2,96952114,C,G
2,96953654,C,A
2,96944367,G,A
2,96953686,C,T
2,96952157,T,C
2,96957582,C,A
2,96967427,C,T
2,96949571,G,A
2,96947610,C,A
2,96964614,C,T
2,96944390,C,A
2,96951077,C,A
2,96950908,C,A
2,96943347,C,T
2,96956500,T,C
2,96952528,C,T
2,96950178,C,A
2,96943564,G,A
2,96967309,C,G
2,96971183,G,A
2,96954407,G,A
2,96944045,T,A
2,96949642,T,C
1,31769581,C,A
1,31740734,C,A
1,31744346,C,A
1,31742092,A,T
1,31762255,G,C
1,31769485,C,A
20,2448373,T,C
20,2446399,C,A
20,2442427,G,A
6,34741303,A,T
6,34730420,G,T
6,34741450,G,C
6,34741353,G,C
6,34730397,G,T
18,19192364,G,T
18,19209061,C,T
18,19192284,C,T
18,19203777,C,T
19,46195200,G,C
22,24964111,G,C
22,24964112,G,T
22,24964112,G,T
22,24964111,G,T
1,203830731,A,T
12,96259135,T,C
2,70508813,T,C
14,78184788,T,C
14,78189553,C,G
6,86256841,C,T
6,86223826,T,A
6,86238049,C,G
6,86243356,C,T
6,86243325,C,T
6,86259576,T,A
6,86238081,C,T
6,86253015,C,A
6,86239966,A,G
6,86227558,G,A
8,82736126,C,G
8,82752200,C,A
16,50707544,G,T
16,50707702,A,T
16,50707434,G,A
16,50709781,T,C
15,64446126,C,T
15,64445795,T,A
15,64445797,C,T
15,64445840,C,G
5,122281823,A,T
5,122343588,A,T
5,122281796,G,A
5,122281795,A,T
5,122337653,T,C
5,122281813,G,A
4,186180179,T,C
4,186231802,G,T
4,186244912,A,T
4,186272671,C,G
4,186188132,C,T
4,186231881,G,C
4,186185599,G,T
4,186185609,G,T
16,12492348,G,T
16,12371874,A,G
16,12145858,C,T
16,12162913,G,A
16,12497316,C,T
16,12142251,G,T
16,12146024,G,T
16,12571584,C,T
16,12145968,A,C
16,12618639,C,T
16,12571716,G,T
16,12145987,C,T
16,12497352,G,T
16,12662399,G,C
5,122163095,G,T
5,122130962,C,G
5,122161790,G,T
5,122161791,C,G
5,122152644,G,A
5,122163148,A,T
6,158349650,G,T
6,158288666,G,T
6,158330983,G,A
6,158330991,G,A
6,158358492,G,A
6,158363843,G,T
6,158353251,T,C
10,97081774,G,A
10,97096425,C,G
10,97181826,C,G
10,97144023,G,A
10,97082537,C,A
10,97099020,G,T
10,97096427,G,C
10,97174272,G,A
10,97174523,G,A
10,97141463,G,A
10,97111089,C,A
10,97200887,A,G
10,97158866,C,G
10,97078119,T,C
10,97174268,C,A
4,186570747,G,A
4,186544296,G,A
4,186572939,T,A
4,186544288,G,A
4,186545479,G,A
4,186515086,G,A
4,186515056,G,A
4,186536069,C,T
4,186578624,C,A
4,186508724,C,T
4,186544784,G,C
4,186551728,C,T
4,186544881,G,A
4,186544274,G,A
1,109860494,C,G
1,109856583,T,A
1,109884687,T,C
1,109897034,C,T
1,109869660,T,C
1,109897003,C,A
1,109867652,T,C
2,39281778,T,A
2,39216412,T,A
2,39278344,T,C
2,39262581,C,A
2,39249965,T,C
2,39213261,G,A
2,39234206,G,A
2,39281778,T,A
2,39249779,C,G
2,39250368,T,A
2,39240608,T,A
2,39278356,C,T
2,39224544,C,G
2,39222289,G,A
2,39222290,G,T
2,39212960,G,C
2,39250136,G,A
2,39214707,A,G
5,157065668,G,T
5,157078524,G,T
5,157078207,C,G
5,157075727,T,A
5,157065288,G,T
5,157073704,C,A
5,157073743,T,A
5,157078150,C,T
5,157073778,T,C
5,157078599,G,A
5,157073663,G,T
12,23716218,C,A
12,24048791,G,T
12,23687401,C,T
12,23757371,T,A
12,23999001,C,T
12,24102591,T,A
12,23793749,C,A
12,23818489,G,A
12,23687282,A,G
12,23699306,T,A
12,23687239,A,G
12,23893822,C,A
12,23893823,A,G
12,23687398,T,A
12,23687399,G,T
12,23687272,C,T
12,23728634,C,A
12,23818455,G,A
12,23716278,C,A
12,24048926,C,T
12,23757416,G,C
12,23998920,C,A
12,23728774,T,A
2,231267732,C,G
2,231193546,G,T
2,231264874,G,T
2,231256883,G,T
2,231222646,C,T
2,231266463,G,T
2,231264921,A,T
2,231264881,G,T
2,231191934,G,T
12,53803152,G,A
12,53777109,G,T
12,53777373,C,T
12,53776245,C,T
12,53774039,G,C
12,53800476,G,T
12,53805023,G,A
12,53775908,C,T
12,53800367,A,G
2,171573798,T,C
17,4862940,T,A
17,4862793,C,T
17,4871101,T,G
17,4863187,C,T
17,4863609,C,T
17,4862892,C,A
17,4863163,C,A
17,4863164,C,A
13,24852922,T,C
13,24876744,A,T
13,24871701,G,C
13,24871702,G,T
13,24860373,G,T
13,24864909,G,T
4,52961183,C,A
4,52944926,C,A
4,52917844,G,T
4,52938253,A,C
4,52926589,A,G
4,52961149,A,C
4,52928395,G,A
4,52917722,G,C
4,52944959,C,A
4,52926965,G,T
4,52943114,T,A
4,52961085,G,C
4,52944931,A,C
4,52917890,G,A
4,52945015,G,T
4,52945979,A,G
4,52943076,C,T
4,52936069,C,A
4,52945942,G,T
4,52948665,A,T
4,52945017,C,T
4,52943078,C,A
4,52938291,C,T
4,52943004,G,C
4,52943204,G,C
4,52926953,C,A
4,52961111,C,T
4,52942955,A,T
4,52943040,G,A
17,48627522,G,T
17,48633085,G,T
17,48631634,C,T
17,48628452,G,T
17,48629014,C,A
17,48628411,T,C
17,48629481,G,T
17,48627386,A,G
17,48625107,G,A
17,48628429,G,C
17,48625060,C,T
17,48626442,G,T
4,123900467,C,G
4,124011838,A,T
4,124011770,G,T
4,123868550,C,T
4,123949440,G,T
4,123850195,G,T
4,123859322,G,T
4,123859323,T,A
4,124011851,G,T
4,124235184,G,C
4,123848876,G,A
4,123900432,C,A
4,123855380,A,T
1,48877206,C,A
1,48865286,C,A
1,48764476,C,A
1,48918776,C,G
1,48865227,C,T
1,48825358,G,A
1,48918700,G,A
1,48771543,C,T
19,11258792,G,A
2,169728007,C,A
2,169745772,C,G
5,35697879,A,G
5,35670312,G,T
5,35712959,A,C
5,35740251,T,G
5,35740120,A,G
5,35641549,C,A
5,35709093,A,T
5,35793372,G,C
5,35644537,C,T
5,35659161,G,T
5,35753776,G,T
5,35740237,T,G
5,35792527,G,T
5,35700805,A,T
5,35753738,C,T
5,35644520,C,G
5,35806992,A,T
5,35659120,G,A
5,35740331,G,A
5,35670354,G,A
5,35771843,G,C
5,35691149,G,T
5,35793323,G,T
5,35776446,A,G
5,35776363,A,T
5,35779279,T,G
5,35712983,G,C
5,35753794,C,A
5,35807290,G,A
5,35763770,C,T
5,35795804,G,T
5,35800100,A,T
5,35667323,G,T
5,35774071,T,G
5,35806907,G,T
5,35641771,G,T
5,35700661,G,T
5,35795874,A,T
5,35659145,A,T
5,35771819,G,T
5,35670195,G,A
5,35649461,A,G
5,35779385,G,T
5,35659183,G,T
5,35691205,A,G
5,35641643,G,T
5,35654779,G,C
5,35776497,G,T
5,35793303,G,T
5,35659161,G,C
5,35670235,C,G
5,35649493,G,T
5,35727904,T,C
5,35759701,G,T
5,35641547,A,T
5,35759755,A,G
5,35806854,G,A
5,35654685,G,A
5,35700681,C,T
5,35727880,G,T
5,35670180,A,T
5,35670182,G,T
5,35691318,A,G
16,89603565,G,C
16,89611153,C,T
16,89590614,G,T
16,89598357,G,A
16,89614444,C,T
16,89603223,G,T
16,89598915,G,C
16,89620293,C,T
16,89592826,G,T
16,89620342,C,G
16,89611126,G,A
11,47381535,C,T
11,47380517,A,G
11,47381421,G,A
16,89920946,A,T
16,89924885,G,T
16,89922095,G,C
16,89930239,C,T
16,89922572,G,A
16,89911744,G,T
1,32259486,G,A
1,32259389,C,A
1,32259395,T,C
1,32267264,C,T
1,32258000,G,A
1,32256642,C,A
1,32263879,G,T
1,32265012,G,A
1,32280437,C,A
1,32280061,C,T
1,32280167,G,T
2,139316703,A,T
2,139318416,A,G
2,139316626,G,C
2,139322383,G,A
2,139316728,T,C
2,139322555,G,T
2,139322350,G,A
2,139326799,G,T
2,139326800,G,T
2,139308546,A,C
2,139326574,C,A
2,139322544,G,T
17,47688764,A,C
17,47688725,C,G
17,47696724,C,A
17,47696725,C,A
4,88902885,C,A
4,88898093,G,T
4,88901228,A,T
4,88902898,T,C
4,88902736,A,C
4,88901546,A,C
4,88901272,C,A
5,141693977,C,A
5,141693948,G,A
5,141693820,G,C
5,141694060,C,T
2,73118656,A,T
2,73118658,G,C
11,66460553,C,T
11,66472402,G,A
11,66455339,C,A
11,66453366,G,T
11,66455642,G,A
11,66461659,T,C
11,66460088,C,T
11,66457400,G,A
11,66468373,C,T
11,66488582,C,G
11,66458923,C,T
11,66453366,G,A
11,66472379,G,A
11,66468181,T,G
11,66478225,T,A
11,66467048,C,A
11,66483327,G,A
11,66475714,C,T
11,66475140,C,A
11,66461658,C,A
11,66460452,C,A
11,66460730,T,A
11,66475182,G,A
11,66478175,C,G
19,41062057,G,A
19,41007852,A,G
19,41019317,G,T
19,41009860,G,A
19,41029413,C,A
19,41078030,C,G
19,41063082,G,A
19,41025943,G,A
19,41060080,G,T
19,41060081,G,T
19,41009848,G,A
19,41003491,C,T
19,41040047,G,T
19,41071434,T,A
19,41063206,G,A
19,41019339,C,T
19,41009787,C,T
19,41078081,G,A
19,41009825,G,T
19,41029501,T,C
19,41012243,A,T
19,40996002,C,A
19,40996003,A,T
19,41076607,T,A
19,40996131,C,A
19,40978613,G,A
19,41040280,C,G
19,41040158,G,C
19,41081361,G,A
19,41062044,G,T
19,41063310,G,A
19,41000860,T,G
5,179263665,G,A
5,179251054,C,T
5,179249978,G,T
5,179250885,G,T
5,179260106,A,G
5,179251243,G,A
5,179250038,C,T
5,6668412,G,C
5,6668361,A,G
22,42276797,G,T
22,42264729,G,C
22,42276884,C,T
5,121362838,C,A
5,121355030,C,T
5,121297701,G,T
5,121311046,G,T
5,121356024,G,T
5,121355964,G,A
5,121309952,G,A
5,121356346,G,T
5,121355925,C,T
7,100478963,G,A
7,100481745,G,C
7,100479722,G,A
7,100485997,C,T
7,100484696,G,C
7,100482974,C,T
7,100483532,A,G
7,100485430,G,T
7,100483379,A,G
7,100473278,T,A
20,60737876,G,T
20,60737878,G,T
20,60738638,G,T
20,60736626,G,C
20,60737807,G,A
20,60738605,G,A
20,60738588,C,T
20,60736500,G,T
7,141443384,G,T
2,170665049,A,C
2,170657490,A,T
12,109192936,C,A
12,109205094,T,C
12,109182309,C,A
12,109182547,C,T
12,109201402,C,G
12,109186349,C,G
12,109201542,C,G
12,109182759,C,A
12,109182873,C,A
12,109200079,C,G
12,109186491,C,A
12,109182837,G,A
12,109210998,C,G
12,109210909,C,T
12,109182463,C,T
17,27958261,C,G
17,28003892,A,T
17,27957793,C,T
17,27999015,T,C
17,27958224,C,A
17,27958225,C,A
17,27959179,C,T
17,27958698,C,A
17,28004720,G,A
17,27958980,T,A
17,27993938,C,T
17,28003832,T,A
17,27993912,A,T
17,27982579,C,T
17,27959598,C,T
6,7310242,C,T
6,7301603,T,C
1,155987960,G,A
1,1500188,C,T
1,1500234,G,T
1,1500240,C,T
1,85124125,G,A
1,85112994,C,A
1,85135577,C,A
1,85115658,C,A
1,85121612,C,A
1,85127998,G,A
1,85115982,C,T
1,85113117,T,C
15,80191311,G,C
17,74625477,T,A
17,74625198,G,A
17,74625594,C,T
17,74621582,C,A
17,74623576,G,T
17,74623577,G,T
17,74621550,A,C
17,74622818,G,A
1,77094406,G,T
1,77094408,T,G
1,77094357,G,A
1,76779523,G,A
1,77094490,G,C
1,77093235,C,T
1,76779642,C,A
1,77093236,C,A
1,76877814,C,A
1,76877815,C,A
1,77094628,G,T
1,77093181,T,C
1,77094496,G,T
1,77093237,T,G
1,77094631,G,T
1,76877699,C,A
1,76877698,G,T
1,76779596,A,T
9,130676970,G,C
9,130670612,T,C
10,90672978,G,A
10,90661432,A,G
10,90670738,C,T
10,90665309,C,T
11,72466013,C,T
11,72469605,G,C
11,72465899,G,A
11,72492187,G,A
17,37818598,G,T
17,37819108,G,A
17,37817323,C,T
17,37814954,G,A
17,37815776,G,T
17,37814806,A,T
17,37809760,C,T
17,37813294,G,A
5,110843118,G,A
5,110843034,T,A
5,110836682,A,G
2,191855977,C,G
2,191840542,C,T
2,191843668,G,A
2,191841713,C,T
2,191859800,G,A
2,191865802,T,A
2,191845379,G,C
2,191873763,G,A
2,191856010,C,A
2,191872321,T,C
2,191862700,C,T
2,191941029,A,G
2,191931188,C,T
2,191934452,A,T
2,191926496,C,A
2,191898689,C,A
2,191897800,C,T
2,192011352,C,A
17,40459420,G,T
17,40453374,C,T
17,40452733,G,A
17,40441527,A,T
17,40460390,G,T
17,40460323,C,T
12,57496082,C,A
12,57501400,G,A
12,57501494,C,A
12,57501993,G,A
12,57498342,G,C
7,89790487,A,G
7,89790136,G,C
7,89790150,A,G
7,89790341,C,G
7,89793973,G,A
7,87912286,A,G
7,87913242,C,G
7,87913403,C,T
11,4104590,G,T
11,4104591,G,T
11,4103450,G,T
11,4104601,A,T
11,4103493,G,T
11,3988877,G,A
11,4095897,G,A
11,4104157,C,T
11,4104591,G,T
11,3988913,G,T
11,4104572,C,T
11,4076784,A,T
11,4091385,T,C
11,4076753,C,T
11,63967652,C,T
11,63960753,G,T
11,63971741,A,T
11,63971032,G,C
11,63963326,C,G
11,63965045,G,C
11,63967504,G,A
11,63971036,G,A
11,63964764,G,A
11,63961668,C,T
2,220478566,G,C
2,220465956,G,T
2,220476523,A,T
2,220473022,G,T
2,220480797,G,A
2,220473360,G,C
2,220477938,G,T
2,220480061,G,A
2,220473406,G,A
2,220474018,G,T
2,220477903,G,T
2,220473352,G,C
2,220473349,G,T
2,220476337,G,T
2,220471461,A,T
2,220112151,C,T
2,220113323,A,T
2,220112227,G,T
6,31940149,C,G
6,31939953,C,A
6,31948260,G,T
6,31940267,G,A
5,146763453,A,T
5,146750236,C,T
5,146658824,G,A
10,134038741,C,A
10,134040457,G,A
10,134041649,T,A
10,134038769,C,A
10,134059451,C,A
10,134059441,T,A
10,134040418,G,T
10,134040358,C,A
10,134039271,T,C
10,134040330,C,A
12,27462089,A,G
12,27475316,T,C
12,27468245,A,T
8,99719466,T,C
8,99718853,C,A
8,99608337,C,A
8,99560300,C,A
8,99735086,C,A
8,99718862,C,A
1,26227995,C,G
1,26228095,C,A
9,35102251,T,A
9,35102256,C,T
9,35103146,C,G
9,35101478,T,G
4,184931186,T,A
4,184931234,G,A
4,184931701,C,T
4,184932078,A,G
4,184938371,G,T
15,74472410,C,A
15,74476057,C,A
15,74477340,G,A
15,74472400,G,T
15,74476122,C,A
15,74476207,A,G
15,74473151,G,T
15,74473702,T,A
15,74481511,G,T
15,74472367,T,C
15,74472534,C,A
15,74473635,C,T
15,74481499,C,T
15,74473699,C,A
15,74481483,C,A
2,202337731,G,A
2,202337697,G,C
9,125920674,G,C
9,125898355,C,T
9,125946444,C,G
9,125895246,G,C
9,125920382,G,C
14,31380333,C,G
14,31371816,A,C
14,31382833,C,A
14,31381009,C,T
14,31374709,T,A
14,31416424,C,A
14,31381030,C,G
14,31381014,C,A
14,31376229,G,A
14,31388178,C,T
14,31416470,C,A
19,47223906,G,T
19,47240082,T,C
19,47231989,C,T
19,47230793,G,A
19,47223829,C,A
3,31638349,C,T
3,31641905,A,T
3,31641868,G,T
3,31656612,A,G
3,31617899,G,C
1,28144412,C,T
1,28144414,A,C
1,28138717,G,T
1,28148801,C,G
20,57242651,G,A
20,57244382,G,T
20,57227056,G,A
20,57246221,G,A
20,57243142,G,A
20,57246287,G,T
20,57242593,A,G
20,57244416,G,T
20,57251381,G,T
20,57226937,G,T
4,4458978,C,G
4,4543583,C,A
4,4459223,G,C
11,59559626,A,G
11,59559643,T,C
11,59556354,G,C
11,59560882,C,G
11,59556353,G,C
11,59560962,A,T
11,59564823,C,T
6,132781962,T,A
6,132785215,C,A
6,132781941,C,A
9,130420698,G,C
9,130438200,C,T
9,130420719,C,G
9,130420712,C,T
9,130430376,T,C
9,130428493,G,C
9,130453188,C,T
9,130432211,A,T
17,53150368,G,T
17,53068288,G,T
17,53111585,G,T
17,53084905,G,T
17,53237247,G,C
17,53084899,C,T
7,75634720,T,A
7,75625800,C,A
7,75625801,C,T
7,75630311,T,C
7,75630299,G,C
7,75625760,T,A
7,75634594,G,A
7,75643175,C,T
7,75659763,C,T
14,53211592,G,T
12,118828940,G,T
13,53250391,G,A
13,53241004,C,T
8,70488290,G,T
8,70512989,G,T
8,70536307,G,T
8,70551059,G,A
8,70539460,C,A
8,70550826,G,C
8,70536413,A,T
8,70488292,G,T
8,70488255,G,T
8,70540099,A,C
8,70476180,T,G
8,70488298,C,T
8,70536260,G,C
8,70539471,T,C
8,70513913,G,C
8,70512970,G,T
8,70539497,T,C
8,70533431,C,G
8,70533314,C,G
8,70488288,A,T
8,70536416,G,T
16,28617156,G,A
16,28620180,C,T
16,28617118,C,G
16,28617479,G,A
16,28619801,G,C
16,28618330,C,A
16,28619881,A,G
16,28604869,G,A
16,28603402,C,T
16,28606784,C,T
16,28604843,T,C
16,28606736,G,C
2,108922022,A,T
2,108910141,C,A
2,108921946,G,A
2,203071900,G,C
2,203071908,C,A
2,203072017,C,G
2,203084823,T,C
17,73177235,C,A
7,891585,A,T
7,883121,G,A
7,905691,G,A
7,912908,G,A
7,888109,C,T
7,883161,A,T
7,888078,A,G
7,892283,A,G
7,901102,G,A
7,901072,G,T
7,892462,G,A
7,881662,G,A
7,892324,G,T
7,881655,C,A
7,889273,G,T
7,892570,G,T
7,883154,A,T
7,882848,G,T
7,909028,C,T
12,56397873,G,A
12,56398063,G,T
12,56398798,A,G
12,56397693,G,A
12,56398128,G,C
14,21840301,T,C
14,21821695,C,T
14,21821925,C,G
14,21852072,C,T
14,21825479,T,A
14,21820969,C,G
14,21838632,T,C
14,21840048,C,G
14,21836475,T,G
14,21852129,A,C
14,21826513,T,C
14,21826201,A,G
14,21831308,T,A
14,21821872,T,C
9,136226896,G,C
9,114820804,T,C
9,114820806,T,C
9,114840826,T,C
9,114820914,C,T
9,114919843,C,A
9,114904686,C,G
9,114875150,T,C
9,114886607,G,A
22,24582254,G,C
22,24581643,C,T
22,24584390,G,T
22,24584423,G,C
22,24580910,T,G
22,24582315,G,T
X,48566049,C,T
X,48566050,C,A
X,48558670,G,A
X,48558965,C,A
X,48558696,C,G
1,85666066,A,T
1,85655845,C,A
1,85648436,G,C
1,85656358,C,A
1,85656030,G,C
1,85648434,T,G
1,85647996,G,A
1,85656355,G,A
1,85666082,G,A
1,85634849,C,G
1,85648290,A,G
1,85648430,T,A
1,85648858,A,G
22,39770513,G,T
22,39770447,G,T
22,39770573,G,C
22,39760179,C,A
22,39777783,G,T
22,39770330,A,G
6,158502332,G,T
6,158483054,G,C
6,158487537,G,T
6,158514936,G,T
6,158507936,G,T
6,158449833,C,T
6,158507977,A,G
6,158450011,G,T
6,158454651,G,A
6,158497793,A,G
6,158492658,G,C
6,158505188,C,A
6,158487540,C,A
6,158492670,G,A
6,158487485,G,A
10,75407866,G,T
10,75406737,G,A
10,75406449,C,G
10,75410668,G,A
10,75407505,C,G
10,75406790,T,C
10,75406633,G,C
10,75407041,G,C
10,75406412,G,A
20,43994252,C,G
20,43995775,C,T
20,43995536,C,T
18,40857296,G,C
18,40850323,C,T
18,40854133,C,T
18,40850492,A,T
18,40853935,C,T
18,40854209,A,G
18,40850395,C,A
18,40853820,G,T
18,40854329,C,A
18,40850301,G,T
18,40850357,A,T
18,40850516,C,A
18,40854165,C,A
18,40854131,G,T
18,40854275,C,A
18,40851687,G,T
18,40853633,A,T
18,40854041,A,T
18,40854137,G,A
18,40850335,C,G
18,40854026,G,T
18,40851705,C,A
18,40857279,G,A
18,40853859,C,A
18,40854027,G,T
18,40850201,A,G
18,40854338,C,T
18,40850212,G,A
11,1858580,C,T
11,1856654,C,A
11,1858270,C,A
11,1858271,C,A
11,1858527,C,T
11,1858197,G,T
11,85436362,G,T
11,85459342,T,C
11,85438967,T,A
11,85435182,G,A
11,85437291,T,A
11,85445059,G,A
11,85435760,T,A
11,85436730,G,A
11,85415984,C,A
11,85428627,G,C
11,85436910,C,A
11,85435131,G,A
11,85459316,T,A
11,85445176,C,T
11,85420535,G,A
11,85445287,G,T
11,85428555,T,C
11,85445402,G,A
11,85431930,C,A
11,85435690,G,A
11,85436501,C,G
11,85435727,T,A
10,123987514,G,T
10,123970023,A,G
10,123846949,A,T
10,123843769,C,T
10,123970013,G,C
10,123970512,C,T
10,123845207,G,A
10,123844949,C,T
10,123997013,A,T
10,123842458,G,C
10,123845735,C,A
10,123987490,G,T
10,123844295,T,C
10,123970110,C,T
10,123997538,A,T
10,123846146,G,T
10,123842969,G,A
10,123846414,C,T
10,123846369,C,G
10,123843455,G,T
10,123970198,G,T
10,123970691,G,C
10,123976300,G,C
10,123842969,G,A
10,123843657,G,T
10,123810054,A,T
10,123844275,G,T
10,123844559,G,T
10,124013514,A,C
10,123970361,A,T
10,123846990,G,T
10,123903112,G,C
10,123969979,C,T
10,123846729,G,C
10,123846926,G,A
10,123845072,A,T
10,123969912,G,T
10,123970502,T,A
10,123846320,G,T
10,123976335,C,T
10,123970146,G,T
10,123845089,C,T
1,166839015,G,A
1,166839042,C,T
1,166833074,C,T
1,166826943,A,G
17,35830541,G,A
17,35837015,C,T
17,35802677,C,T
17,35825576,G,T
17,35802662,C,T
17,35836962,A,G
17,34144737,C,T
17,34147178,G,T
17,34171583,A,G
17,34149647,A,T
17,34136510,C,T
17,34165556,T,A
17,34171871,G,T
17,34171979,G,T
17,34171540,G,A
1,222742739,T,C
1,222742974,C,G
1,222757545,T,A
1,222753124,T,C
1,222750892,C,A
1,222761891,A,T
1,222736579,C,A
1,222732098,C,T
1,222753119,G,A
1,222734835,C,A
1,222734782,C,A
2,10059900,C,A
2,9994470,A,G
10,7866336,G,T
10,8007006,G,A
10,8007192,G,T
10,8007492,G,T
10,8007624,G,A
10,8007705,A,T
10,8006476,G,C
10,7866463,G,T
10,8056639,G,C
10,8007307,G,C
10,8006747,G,T
10,8006708,G,T
10,8006869,A,G
10,7866286,C,T
10,8007078,G,C
10,8055777,C,T
10,8006719,G,T
10,8007183,G,T
10,7866380,C,T
10,8019213,G,T
10,8006002,G,T
10,8006790,C,T
10,8007139,A,G
10,7860740,G,T
10,8007650,A,G
18,23895193,A,T
18,23866407,G,A
18,23861998,C,T
18,23875235,G,A
18,23845200,G,T
18,23845153,T,A
18,23861980,G,T
10,105133333,G,T
10,105143084,C,T
10,105133151,G,C
10,105145201,C,G
10,105139429,G,T
7,99711918,G,C
7,99705159,C,T
7,99711689,T,C
7,99705129,G,C
7,99717343,G,T
6,159457971,C,A
6,159461846,G,T
6,159457709,G,T
6,159457615,G,A
6,159463125,G,T
6,159457474,G,T
6,159459194,G,T
6,159456967,G,T
6,159463150,A,G
6,159457645,G,T
6,159457919,G,C
6,159465037,C,A
6,159456981,G,T
17,27849415,G,C
17,27802714,C,A
17,27809235,T,G
17,27804710,C,T
17,27849414,T,C
17,27849370,G,C
17,27857542,G,T
17,27869681,A,T
17,27825486,A,T
17,27869990,A,T
17,27805322,C,T
6,33272841,G,T
6,33269538,C,A
6,33281883,G,C
6,33272866,G,A
6,33272909,T,C
6,33281116,G,A
4,16164961,C,A
4,16168344,T,A
4,16164811,C,T
4,16193058,C,T
4,16188416,C,T
4,16165040,C,A
4,16165041,C,T
3,10291093,C,T
3,10312076,G,A
3,10291003,A,T
3,10320072,C,T
3,10320661,C,A
3,10320619,G,A
3,10302145,C,G
1,212988451,A,G
7,27827145,G,T
7,27855977,A,G
7,27832703,G,T
7,27809349,G,A
7,27831727,G,C
7,27832788,G,C
16,30376327,C,T
12,72266764,G,A
12,72288604,G,T
12,72243918,C,T
12,72290454,C,T
12,72316795,G,T
12,72243119,C,A
12,72316868,C,G
12,72243723,G,T
12,72312229,A,G
12,72317005,G,C
12,72233547,G,T
12,72290500,T,C
22,47290724,G,A
22,47569309,G,A
22,47189537,G,C
22,47370295,G,T
22,47433074,C,T
22,47287249,G,T
22,47290698,C,T
22,47193463,G,T
9,100971013,C,G
9,100961605,C,T
9,100971119,C,T
9,100963925,C,A
9,100963926,C,A
9,101014085,C,T
9,101014106,C,A
6,13321220,C,A
6,13307827,C,A
6,13306611,C,G
6,13307837,T,A
4,141590959,C,A
4,141600249,G,A
4,141555141,C,A
4,141591909,C,A
4,141578791,G,A
4,141543336,G,C
4,141545328,C,A
4,141607590,G,A
4,141555266,A,C
5,76987267,C,T
3,186281972,G,A
3,186282067,C,T
3,186272222,T,G
3,186272162,C,A
3,186274280,C,A
3,186272084,T,A
3,186274291,G,C
3,186268929,T,C
6,42713641,G,T
6,42713313,C,A
17,80726316,G,T
17,80887119,C,T
17,80758792,G,T
17,80888381,G,T
17,80772804,G,T
17,80895219,C,T
17,80726366,G,T
17,80758865,G,T
17,80758783,G,T
3,176771623,C,A
3,176771667,T,C
3,176755885,C,A
3,176755886,C,A
3,176767882,C,A
3,176765161,T,A
3,176769466,C,G
X,9673035,C,A
X,9622303,A,T
X,9660219,C,A
X,9661224,C,T
X,9622317,A,T
X,9652091,C,A
X,9673087,C,T
X,9656164,T,A
X,9683028,C,A
X,9679741,C,T
1,119427253,G,C
1,119441696,G,T
1,119441667,G,T
1,119427585,T,A
1,119427738,G,T
1,119427739,G,T
1,119474366,C,A
1,119474343,G,A
1,119427515,C,A
1,119427303,G,A
1,119467273,C,A
1,119427471,T,G
1,119427378,G,A
1,119427755,C,G
1,119466122,C,A
1,119467377,T,A
1,119427912,C,G
1,119467339,G,T
1,119427516,C,A
1,119427455,C,A
1,119427921,C,A
1,119427674,C,A
1,119441650,C,A
1,119441651,C,A
1,119427386,G,T
1,119441710,C,A
1,119467373,A,T
1,119467342,T,A
1,119466092,C,G
1,119441677,T,C
6,85447030,G,T
6,85446500,T,A
6,85446750,A,T
6,85446572,C,A
6,85446925,C,A
6,85457693,G,C
6,85446362,A,G
6,85446869,C,T
6,85446428,G,C
6,85457760,T,C
6,85446986,G,T
6,85446332,C,A
6,85446454,G,T
6,85446332,C,A
6,85446851,C,G
6,85457659,G,T
6,85446496,C,T
6,85446331,C,A
6,85446745,G,T
6,85457652,A,T
6,85447080,G,C
6,85473649,C,A
6,85446903,T,A
6,85446962,C,A
6,85457652,A,T
6,85466432,A,G
6,85447051,G,A
12,115118881,C,A
12,115120784,G,C
12,115120697,G,T
12,115120698,G,T
12,115114207,T,C
12,115120681,C,A
12,115118696,G,A
12,115121050,A,T
12,115120936,G,T
12,115120979,G,A
12,115120784,G,C
12,115112523,T,C
12,115121006,C,A
12,115111974,G,A
12,115114148,C,A
12,115112623,C,T
12,115118728,G,T
12,115120699,G,T
12,115120648,C,A
12,115120798,C,A
12,115112301,G,C
12,115112511,G,A
12,115117391,C,G
19,3600553,G,C
19,3595672,G,A
19,3600066,G,T
19,3600282,C,A
19,3600658,C,A
19,3600594,C,A
19,3600065,C,T
7,139661740,T,C
7,139715527,A,G
7,139529130,C,T
7,139661722,G,A
7,139655295,G,C
7,139655362,G,A
7,139715560,G,C
7,139611091,G,A
7,139575437,G,A
7,139662033,G,T
7,139657446,C,A
7,139715629,T,A
7,139655362,G,A
X,102842301,A,G
X,102841902,C,T
X,102841914,G,A
X,102841813,G,A
X,102842351,C,A
5,145849133,A,G
5,145838514,A,T
5,145849157,G,C
5,145883539,C,G
5,145883099,C,T
5,145838723,G,T
5,145859638,G,T
5,145838696,C,T
5,145838472,G,T
5,145849210,A,G
5,145883476,C,A
5,145849135,C,T
6,31129474,C,T
6,31129531,C,A
6,31130328,C,G
16,89967134,G,T
16,89967051,G,C
16,89967042,G,T
16,89958629,A,T
16,89977702,G,T
16,89940102,G,T
16,89964965,G,C
16,89977673,G,A
16,89967134,G,T
10,114905797,G,T
10,114901025,C,T
10,114901022,T,C
10,114905802,G,C
10,114905822,C,G
10,114925681,G,T
10,114925376,C,G
10,114925398,G,T
10,114799814,G,A
20,61485407,C,T
20,61488812,C,G
20,61473207,C,G
20,61492864,C,T
20,61492893,G,T
20,61485498,C,A
20,61488943,G,A
5,149747463,A,C
5,149772988,C,A
5,149767552,A,G
5,149748340,C,T
5,149758943,G,T
5,149754931,G,A
5,149771736,C,T
5,149758590,G,C
5,149751720,A,G
5,149751647,C,T
5,149749093,G,A
5,149751756,G,T
5,149754297,G,T
12,106715430,G,C
12,106729479,T,G
12,106704939,C,T
12,106708156,G,T
12,106734657,A,T
12,106715424,C,G
3,49449787,T,A
3,49450518,G,T
1,154517340,C,G
1,154516513,G,T
1,154480955,A,T
1,154519884,G,C
1,154480903,C,G
1,154493861,G,C
1,154516441,G,T
13,61060026,G,T
13,61057959,G,T
13,61103023,A,G
13,61084791,G,T
13,61102923,C,T
13,61083814,G,T
13,61059946,A,G
13,61068582,G,T
13,61068701,A,G
13,61103100,A,T
13,61102533,G,T
13,61109367,G,C
13,61041495,G,A
19,49858629,G,A
19,49854623,C,T
19,49862728,G,C
19,49845839,C,A
19,49863429,C,A
19,49844535,T,A
22,41790242,C,G
22,41783534,A,G
22,41783370,A,T
22,41783641,C,T
17,6718555,C,T
17,6704148,G,C
17,6704149,G,T
17,6718509,G,A
17,6703489,G,A
17,6722663,C,A
17,6703471,C,A
17,6733603,C,G
17,6716356,C,G
1,36553655,C,A
2,95541471,G,T
2,95541397,A,C
2,95539816,G,T
2,95542529,C,A
2,95540641,C,G
2,95539180,G,T
2,95541448,G,C
2,95537412,G,A
2,95537426,C,T
2,95539155,C,A
4,106155994,G,A
4,106155397,G,T
4,106156588,A,T
4,106157551,C,G
4,106155916,C,A
4,106156700,G,C
4,106155435,G,A
4,106155823,G,T
4,106155487,G,C
4,106156190,G,T
4,106158576,G,T
4,106157960,G,C
4,106157611,A,G
4,106158268,G,T
9,103111484,A,T
9,103064539,A,C
9,103084051,G,A
9,103092305,T,A
9,103064573,C,T
9,103092397,T,A
9,103108428,C,T
9,103109394,C,A
9,103084052,A,C
17,56738450,C,A
17,56699148,C,G
17,56679796,G,C
17,56690783,C,A
17,56707800,C,A
17,56634325,A,G
17,56659003,G,A
17,56693591,C,A
17,56688569,G,T
17,56729334,G,T
17,56679786,C,T
17,56688569,G,T
17,56694929,A,G
17,56738345,T,A
17,56676546,G,T
17,56738008,C,G
17,56679854,G,T
17,56635170,C,T
17,56699131,T,A
17,56676440,C,G
17,56657049,G,A
17,56642232,C,G
17,56679776,C,G
17,56638913,C,A
17,56692697,C,T
17,56738767,C,A
17,56676480,G,A
17,56700349,A,T
17,56679300,C,T
17,56738654,G,A
17,56693599,A,T
17,56665328,A,T
17,56738021,G,T
17,56738552,C,T
17,56636858,G,T
17,56682358,G,A
17,56693620,G,A
17,56694958,G,A
17,62291188,C,A
17,62291581,C,A
17,62270972,G,C
17,62238285,T,A
17,62290241,G,T
17,62271034,G,C
17,62230409,C,T
17,62272302,C,A
17,62271159,T,A
17,62226339,T,A
17,62226340,C,A
17,62230430,C,G
15,56681599,G,A
15,56657841,A,T
10,60154788,G,C
10,60148449,G,T
10,60154929,G,T
13,114290334,G,T
13,114288852,G,T
13,114288331,G,T
13,114292199,G,T
13,114292200,G,T
13,114287513,G,C
13,114287464,G,A
13,114286059,G,T
13,114287474,A,G
13,114290924,G,T
13,114290925,G,T
22,26897927,T,A
22,26895073,G,A
22,26902740,C,T
22,26892178,G,A
22,26902337,C,A
22,26895444,C,T
22,26899709,C,T
22,26892780,C,T
2,188361770,A,G
2,188348883,G,A
2,188349672,C,A
2,188343416,G,A
2,188343387,G,A
7,100229455,A,T
7,100218578,T,A
7,100225567,G,T
7,100239148,T,A
7,100230662,G,T
7,100239142,C,T
7,100228605,G,C
7,100228509,T,A
1,218578521,G,T
1,218610705,G,A
1,218609453,G,T
1,218614687,T,A
1,218607527,A,T
1,218614643,G,T
1,218610720,A,G
1,218614594,T,A
1,218610754,G,T
1,218607550,C,A
5,135390481,G,A
5,135391480,G,A
5,135383035,G,A
5,135382091,G,T
5,135382544,T,A
5,135398955,C,T
5,135383018,G,C
20,35219609,A,G
20,35207322,C,G
20,35219922,A,G
20,36775079,C,T
20,36759569,G,A
20,36768012,C,A
20,36779382,A,G
20,36770521,C,T
20,36776406,C,A
20,36789911,C,G
20,36768038,G,C
20,36759493,A,T
20,23028868,C,T
20,23028784,C,A
20,23028912,C,A
20,23028857,C,T
6,169648861,G,T
6,169637752,C,A
6,169629774,C,T
6,169628232,C,G
6,169629714,C,T
6,169632179,C,G
6,169626293,C,A
6,169621556,G,C
6,169634871,C,T
6,169623450,A,T
6,169648565,C,A
6,169628344,C,A
6,169637803,C,A
6,169637732,A,C
6,169648580,C,T
6,169625329,G,T
6,169648860,C,A
6,169623382,G,T
6,169637359,G,A
6,169629765,G,T
6,169632128,A,T
6,169620303,G,A
6,169648972,G,T
6,169648614,G,A
6,169634857,C,G
6,169632131,C,A
6,169637744,T,A
6,169640673,C,A
6,169641917,G,T
6,169648870,A,C
6,169648752,C,G
6,169620428,A,T
6,169641875,G,T
6,169626329,A,T
6,169650865,C,A
6,169632775,G,T
6,169648925,C,T
6,169648695,G,T
6,169632291,C,A
6,169637775,G,A
6,169622404,G,T
6,169648888,A,G
6,169629707,C,A
6,169632152,C,A
6,169648766,C,A
6,169626277,G,C
6,169639701,G,T
6,169637753,G,T
6,169648830,C,G
6,169648571,G,A
1,155165670,C,G
1,155177614,G,C
1,155173313,A,T
1,155170353,C,G
1,155167905,C,A
1,155171881,G,C
6,128040881,C,A
6,128134122,G,A
6,128134635,G,T
6,128176268,C,T
6,128134051,C,A
6,128134714,C,A
6,128134623,T,A
6,128134640,G,T
6,128134522,C,G
6,128134779,G,T
6,128134054,T,C
6,128134688,G,C
6,128134515,G,T
6,128135074,G,T
6,128134734,G,A
6,128134390,G,T
6,128134393,C,A
6,128134143,C,G
5,175392109,T,C
19,2790467,A,G
19,2799686,G,A
19,2790430,G,T
19,2799701,C,T
19,2796159,G,T
19,2790526,G,A
19,2810718,G,T
1,36752483,G,C
1,36758225,A,G
1,36752349,A,T
1,36752630,C,A
1,36755327,C,A
1,36755042,G,T
1,36757120,A,T
1,36754665,C,G
1,36762241,A,G
1,36752298,G,C
1,36752726,C,T
1,36748202,C,G
1,36767168,A,G
3,24174907,C,G
3,24188166,A,T
3,24174822,C,T
3,24270475,T,C
3,24231827,T,C
3,24231781,G,T
3,24164618,T,C
3,24174828,T,C
2,39964054,C,T
2,39963894,G,A
2,39993217,C,A
2,39996966,C,T
2,39998659,G,T
2,39982476,C,A
11,119291587,A,T
11,119290794,G,C
11,119291006,G,A
11,119290907,G,T
11,119290763,C,T
11,119290857,C,A
17,27401207,G,A
17,27401083,C,T
17,27400977,G,A
17,27401169,C,A
6,155450943,C,A
6,155569292,G,C
6,155498024,T,C
6,155451515,G,T
6,155450561,T,A
6,155450580,G,C
6,155532427,G,C
6,155458398,G,T
6,155458593,C,A
6,155486469,G,C
6,155577906,A,G
6,155465914,T,C
6,155503374,G,C
6,155465783,G,T
6,155465784,G,T
6,155485672,C,A
6,155465909,C,T
6,155451281,G,T
6,155572114,C,T
6,155500537,C,A
6,155485654,C,A
6,155450889,C,G
19,4817716,T,G
19,4818034,T,G
19,4817343,G,C
8,144680972,C,T
8,144681377,G,T
3,114018486,C,A
3,114018505,G,T
3,114026903,C,T
3,114014612,C,T
3,114014579,T,A
3,114014665,C,T
3,114018492,C,G
3,114014612,C,A
3,114026997,G,A
3,114026868,G,T
3,114014445,G,A
12,56817240,C,A
12,56814763,T,A
12,56823998,C,T
12,56815713,C,A
12,56824676,C,A
12,56822747,G,A
12,56815550,C,A
12,56811918,C,A
12,56826270,G,A
12,56815200,C,A
12,56812068,C,A
X,48754135,C,T
X,48751008,T,A
X,48754088,C,A
X,48754090,G,T
19,8002966,G,A
19,7997545,C,A
19,7992608,G,A
19,7998446,C,T
11,111957432,C,T
6,54254606,G,T
6,54208149,T,A
6,54254606,G,T
6,54185441,G,T
6,54191689,T,A
6,54212271,T,C
6,54173469,G,T
6,54254598,A,C
6,54219322,G,T
6,54214648,C,A
6,54254862,C,T
6,54219385,G,T
6,54173273,G,T
6,54254685,G,A
6,54254767,C,A
6,54208044,T,C
6,54214655,G,T
6,54191662,G,A
6,54214562,C,A
6,54245341,G,T
1,168148409,G,T
1,168160665,A,C
11,126162538,C,T
11,126163638,C,T
11,126163600,G,A
19,3730104,G,C
19,3746678,A,G
19,3738615,G,A
19,3747815,C,T
19,3735930,G,A
16,66551088,T,A
16,66551779,C,A
3,53262076,C,G
3,53262099,A,T
3,53275235,C,T
15,70371796,C,A
15,70358421,C,A
15,70346919,T,A
15,70342515,C,T
15,70351054,G,A
15,70342448,C,T
9,82319742,G,T
9,82267570,C,A
9,82324566,G,T
9,82333886,G,T
9,82333887,G,T
9,82340023,G,T
9,82337478,A,T
9,82187720,G,T
9,82333636,G,C
9,82188676,C,A
9,82333861,G,C
9,82340004,A,G
9,82333781,C,T
9,82333670,G,A
9,82333808,G,C
9,82323092,G,T
2,171906414,C,A
2,172016855,C,T
2,171850260,C,G
2,171871449,C,G
2,171863128,C,G
2,171910453,A,G
2,171854230,C,T
2,171871453,C,T
2,172016919,C,G
2,171867901,G,T
2,171902641,T,A
2,171910423,A,T
2,171863020,T,C
2,171910294,C,A
2,171850230,C,G
17,60673991,C,T
17,60690040,G,T
17,60679466,C,T
17,60683536,G,A
17,60679483,G,A
17,60663513,G,C
17,60637432,A,T
17,60601668,A,G
17,60655841,G,A
10,98127779,T,C
10,98156978,T,C
10,98165089,G,T
10,98157013,G,A
10,98170154,G,T
10,98180778,C,G
10,98129870,G,A
10,98146741,G,A
10,98192670,G,A
10,98192671,G,T
10,98155655,C,A
10,98155656,C,A
10,98156954,G,T
10,98273371,C,A
10,98127859,G,A
10,98145914,C,T
10,98170137,G,T
10,98146807,G,T
10,98170231,G,A
10,98157031,C,T
10,98138814,G,A
10,98165042,C,T
10,98157029,G,A
10,98129868,C,A
10,98156988,T,A
10,98188477,G,T
10,98192563,C,A
10,98192564,C,A
10,98170166,G,T
10,98146791,G,T
10,98145954,A,T
10,98180730,G,T
10,98130016,G,T
10,98156977,G,T
10,98154944,C,A
10,98146809,G,T
4,154626144,G,C
4,154624528,G,T
4,154625063,C,A
4,154625603,C,T
4,154625452,A,T
4,154625707,G,A
4,154626374,A,T
4,154624696,C,T
4,154625341,A,C
4,154624869,G,A
4,154626147,C,T
4,154625613,A,G
4,154626008,G,T
4,154626088,C,T
1,223286156,T,A
1,223283708,C,A
1,223283709,C,A
1,223284789,T,G
1,223285671,C,A
1,223284821,G,A
1,223285029,G,T
1,223283984,T,C
1,223283956,G,A
1,223284336,T,A
1,223284749,G,A
4,38829364,C,T
4,38830796,T,A
4,38829252,G,C
4,38831004,C,A
4,38830296,C,A
4,38830297,C,G
4,38830532,G,A
4,38829311,A,C
4,38830217,C,G
4,38829072,C,A
4,38830606,C,A
1,62190802,C,A
1,62190770,C,A
1,62190779,C,G
1,62175070,G,C
1,62175007,C,T
3,149040216,T,A
3,149051183,G,T
3,196050777,G,T
3,196054342,G,T
2,219146817,C,G
19,54668357,G,A
19,54664630,A,C
19,54664217,C,G
19,54675802,G,A
19,54669241,C,A
19,54675653,G,A
19,54673393,C,T
19,54673269,C,T
19,54667500,C,T
19,54664081,G,A
19,54668350,G,C
5,140021618,A,T
5,140022504,C,G
5,140023223,G,C
5,140023455,C,A
5,140021706,G,A
5,140021497,C,G
5,140024738,C,T
1,93625730,G,A
5,114961392,C,G
14,77808117,G,C
5,177022541,G,T
5,177020659,G,A
5,177019589,G,C
5,177022519,C,G
17,41367825,G,T
17,41369735,A,T
17,41367886,G,C
7,12270059,T,C
7,12263849,C,T
7,12271647,C,T
7,12270709,C,T
17,21101848,C,T
12,122213649,C,T
12,122150869,A,T
12,122188331,C,T
12,122190118,C,T
11,102323343,G,A
11,102272716,G,C
11,102269561,C,A
1,43738640,G,T
11,85342768,G,T
11,85345207,G,C
7,98445783,C,T
7,98457809,C,A
7,98449098,C,T
7,98449125,C,A
7,98460868,G,A
7,98449144,G,T
7,98460874,G,A
7,98449162,G,T
7,98446204,A,G
2,98382580,T,A
2,98377313,C,A
2,98451367,T,C
2,98392311,T,G
2,98378573,G,A
2,98475769,T,C
2,98373611,C,T
2,98458307,T,C
2,98375500,G,A
2,98408868,C,A
2,98409004,G,A
2,98378537,C,A
2,98373665,T,A
2,98418391,C,G
12,129559256,C,A
12,129559150,G,T
12,130184795,G,C
12,130184763,C,T
12,129559035,G,A
12,130184802,C,T
12,129559126,T,C
12,129558589,C,A
12,129559566,G,T
12,129694181,G,T
12,129559152,C,G
12,129566310,G,T
12,129559451,C,G
12,130184571,C,A
12,129569124,G,T
12,129566496,C,G
12,129822296,T,A
12,129559047,C,A
12,129563096,G,T
12,129694113,C,A
12,129822193,C,A
12,129822322,C,A
12,129559133,G,T
12,129563213,C,A
12,130184388,G,T
12,130184785,G,T
12,129569171,G,T
12,129563191,A,T
12,129558447,G,C
12,130184568,G,C
12,130185164,G,A
12,129558563,C,T
12,129559459,G,T
12,129558508,T,A
12,129559538,C,T
12,129566543,C,A
12,130184738,C,A
12,129559062,G,A
12,130184839,C,G
12,130184930,G,T
12,129566508,C,T
12,130184743,C,A
12,130184920,G,T
12,129569092,G,T
12,129559374,C,A
12,129566381,C,A
12,130184440,T,C
12,129559341,G,T
12,129563149,A,T
12,130184741,G,T
12,129566433,C,A
12,129569176,G,T
12,129559312,T,G
12,129563160,G,A
12,129558697,G,T
12,129566388,G,A
12,129822344,G,T
12,129558864,G,C
12,129563130,C,A
12,130184559,C,A
11,87029210,A,G
11,86802403,G,T
11,87013415,G,T
11,87020658,A,G
11,86868382,G,T
11,86868446,G,T
11,86868383,G,T
11,87013481,C,T
11,87013349,G,C
11,87013423,C,T
11,87032340,A,T
7,134849484,C,A
6,10755414,G,C
6,10755445,A,G
19,55832430,G,A
19,55832431,G,A
19,55832411,C,A
19,55828229,G,A
19,55831931,G,A
19,55831513,C,A
3,45266859,C,T
X,109247090,G,T
X,109388104,G,T
X,109310586,G,T
X,109246960,C,T
7,112407276,T,A
7,112424094,T,C
7,112407404,A,T
7,112413045,C,A
7,112423771,C,A
7,112423920,T,A
7,112407327,C,T
7,112407239,T,A
7,112407532,C,A
7,112424368,A,G
7,112415279,C,A
7,112415280,C,A
7,112407801,T,A
7,112424043,G,A
7,112407566,C,G
5,72419374,G,T
5,72419493,A,G
5,72419514,A,C
5,72419547,G,A
5,72419665,C,T
5,72419371,G,T
5,72419774,G,A
5,72419515,G,T
2,120438630,G,T
2,120439204,G,C
2,120438503,C,A
2,120438966,G,A
2,120439255,G,A
2,120439256,G,T
2,120438942,G,T
2,120439338,G,T
2,120438836,G,T
11,62554895,C,T
11,62556550,C,T
11,62557391,G,C
11,62554927,C,T
22,38620913,C,A
22,38641953,C,T
22,38617415,G,C
4,148539142,A,T
4,148555046,C,T
4,148545212,G,C
X,148690348,C,G
X,148690313,C,A
X,148693003,C,A
X,148685678,T,G
X,148681243,T,G
X,148693044,T,A
X,148690401,C,A
X,148681286,A,T
X,148690455,C,A
X,153247965,C,A
X,153247610,G,A
X,153247512,A,T
X,153247458,C,A
X,153247646,G,A
X,153248147,C,G
X,153247493,A,T
X,153247658,C,T
12,72094754,G,T
12,72094703,G,T
12,72094844,A,C
12,72090237,T,C
12,72094749,G,T
12,72094877,C,T
12,72091178,C,A
1,9658529,A,T
1,9658630,C,T
16,67262440,C,T
16,67263062,C,A
7,129842495,G,A
7,129843832,C,G
7,129843654,A,C
7,129825206,C,G
7,129841876,T,A
7,138487821,G,T
2,27263287,G,A
2,27261663,A,C
2,27260556,G,C
2,27261635,G,T
2,27259358,C,G
17,10628394,G,A
11,62559426,G,A
11,62558318,C,A
16,75576504,C,A
16,75574074,T,C
16,75579318,C,A
2,120194927,T,G
2,120194722,C,G
2,120194699,G,T
3,14170966,C,T
3,100295766,C,G
3,100275603,G,T
1,54497896,C,G
1,54509117,C,A
1,54518700,C,A
15,43476676,G,T
15,43446871,G,A
14,77715175,G,C
14,77685892,C,T
14,77709294,A,T
14,77710724,G,T
14,77722939,C,A
14,77709290,T,C
14,77715676,A,G
14,77723079,G,C
8,56675305,G,C
8,56663648,T,C
8,56675493,C,A
8,56675566,T,C
8,74893845,G,A
8,133759245,C,A
8,133771110,G,C
8,133764240,G,A
8,133764037,A,G
8,133726420,G,T
8,133734362,C,T
8,133740143,T,A
8,133740123,T,C
8,133740100,A,G
8,133764149,T,C
8,133764150,G,T
11,18723357,C,T
11,18723452,G,C
11,18723358,A,C
11,18722737,C,T
15,42529730,C,G
15,42503660,T,C
15,42525442,G,T
15,42510006,C,T
9,35846586,C,A
9,35853628,G,T
9,35852853,C,T
9,35853796,G,T
9,35847107,C,G
9,35853849,G,T
9,35847163,T,G
11,8970008,A,G
3,46751145,G,A
X,154736621,G,A
X,154754267,G,C
X,154736681,G,T
X,154736778,C,A
X,154736658,T,C
X,154743762,C,A
X,154736726,A,G
15,52192420,G,A
15,52181289,A,T
15,52188709,G,A
15,52194165,G,A
15,52155205,G,T
15,52188673,G,A
12,98927619,A,T
12,98941397,G,A
12,98927517,C,G
12,98938265,G,A
12,98928116,A,T
12,98938261,T,A
4,68699078,A,T
4,68699275,G,A
4,68700833,G,T
4,68699042,G,T
4,68699044,G,T
4,68725318,G,T
4,68708299,G,T
4,68699015,C,G
4,68725387,A,T
4,68688033,C,T
4,68688059,A,T
4,68699064,C,G
4,68688201,G,T
4,68688116,G,T
11,117774675,T,C
11,117785164,C,A
11,117789384,G,A
11,117787940,C,A
11,117784512,G,A
11,117779460,C,A
11,117800087,T,A
11,117789304,G,C
11,117784608,C,A
21,43803247,G,A
21,43805594,G,T
21,43808631,C,A
21,43800229,C,A
21,43803252,C,G
21,43802268,C,A
21,43796717,T,C
2,85133559,A,G
2,85133174,C,G
12,29671540,C,A
12,29671461,C,T
12,29669326,G,T
12,29904683,C,T
12,29911649,A,G
12,29659658,C,A
12,29786142,C,A
12,29670436,C,A
12,29904703,C,A
12,29736464,A,T
12,29725152,C,G
12,29689150,C,G
12,29670381,C,G
12,29786150,C,T
12,29670372,G,T
12,29911708,C,A
12,29904705,G,T
12,29689187,C,A
12,29725102,C,A
12,29920864,C,G
12,29904696,G,A
12,29920927,C,A
12,29670389,G,T
12,29920851,G,A
12,29786199,C,A
12,29786135,A,T
12,29736491,G,T
12,29669312,G,T
12,29670432,G,T
12,29689180,C,A
12,29709802,C,T
12,29709899,G,A
12,29659837,G,T
12,29659854,C,G
12,29786115,C,T
12,29911707,C,A
12,29709819,C,A
12,29709820,C,G
12,29904601,C,T
12,29786207,A,T
12,29904644,C,A
12,29908673,G,T
12,29673649,C,T
12,29709830,G,T
12,29689067,G,T
12,29786182,A,T
12,29911688,G,T
12,29786214,C,G
12,29908738,C,A
12,29669419,C,A
12,29908641,C,A
12,29664978,T,A
12,29911645,C,A
12,29786167,C,A
12,29736468,C,A
12,29670472,A,C
12,29709922,C,T
12,29689123,T,A
12,29709922,C,A
12,29659714,A,G
12,29908738,C,A
13,101277883,C,A
13,101320951,G,C
13,101278052,C,A
13,101266616,C,G
13,101287161,G,A
13,101321050,T,C
13,101287330,C,A
13,101278089,C,T
13,101277781,G,A
13,101316590,C,A
13,101315371,C,A
13,101287379,C,T
13,101308647,C,A
13,101287291,T,C
13,101316583,T,G
13,101277801,G,C
13,101257341,G,C
7,150779303,C,A
7,150778711,G,A
7,150779566,C,A
7,150779461,C,T
7,150778617,C,A
14,103598058,G,A
14,103596402,G,T
14,103596404,G,T
14,103596137,C,T
14,103601623,C,T
14,103593769,C,T
8,23054712,C,A
8,23058197,T,C
8,23003366,G,A
16,12061802,G,A
16,12061593,T,A
13,24190104,G,T
13,24200845,G,C
13,24164383,G,T
13,24247545,A,G
13,24234597,G,T
13,24242198,T,C
13,24242153,G,C
13,24200868,G,T
1,12248921,A,T
1,12262119,G,C
1,12252977,G,T
1,12251948,A,T
1,12186060,C,T
1,12144555,C,A
1,12144556,C,A
1,12175698,C,A
1,12144548,G,A
1,12144554,C,A
1,12171958,T,A
1,12170100,G,T
1,12157231,G,T
1,12169655,G,A
1,12202462,G,T
1,12144544,T,G
1,12170175,G,T
1,12183826,C,A
1,12157182,C,T
13,43155388,T,A
13,43180954,C,T
13,43181007,C,T
13,43181055,G,A
1,173155562,G,A
1,173155820,C,T
1,173176276,C,A
1,173155714,C,A
1,173174641,G,T
1,173155712,C,T
1,173155648,C,G
1,173174474,C,G
9,117666507,C,A
9,117666059,G,C
9,117666380,G,T
1,201383686,G,T
1,201383732,C,T
1,201382239,C,T
11,1861882,T,A
11,1861655,C,A
11,1860920,C,A
11,1862704,G,A
11,1862434,G,T
11,1862435,A,T
19,12825904,A,T
19,12813732,C,A
19,12821473,T,A
19,12816141,G,C
19,12813730,C,T
19,12817069,T,A
19,12812659,C,A
11,1298328,G,T
11,1316942,G,A
11,1311491,C,T
11,1316878,T,C
11,1298461,G,A
1,161198044,C,T
1,161198067,G,T
1,161198846,C,T
8,144391652,C,T
8,144399933,G,C
8,144406217,C,A
8,144411637,C,T
8,144399895,C,G
8,144403516,G,A
8,144406735,C,T
17,18205586,C,T
17,18205211,C,A
17,18205695,C,T
17,18205677,T,C
17,18194199,C,T
17,18196026,C,A
17,18186069,A,T
17,18188778,C,A
17,18208473,C,G
3,133368263,G,A
3,133320041,G,C
3,133358846,T,A
3,133327442,T,C
3,133342989,G,A
3,133329850,C,T
3,133363056,T,C
3,133368281,C,A
3,133371470,C,G
3,133362940,G,A
3,133368658,C,T
3,133363085,C,T
1,179815260,C,A
1,179815900,G,A
1,179815333,G,A
1,179815614,C,A
1,179833904,C,A
1,179815580,C,A
1,179834277,C,T
1,179820418,C,T
1,179820234,C,A
1,179820017,C,A
1,179833976,T,C
1,179834019,T,C
1,179820397,C,G
1,179815445,C,A
9,132569566,G,A
9,132569606,G,C
9,132566477,G,T
9,132565439,G,C
9,132571214,G,T
16,52497959,C,T
16,52484374,G,A
16,52472881,G,A
16,52484375,C,T
16,52480024,G,A
16,52473611,C,A
16,52502441,C,A
15,43738703,C,A
15,43712550,A,T
15,43771675,C,T
15,43771676,T,A
15,43701917,G,C
15,43724817,C,A
15,43773153,T,G
15,43769857,G,A
15,43724717,G,A
15,43749011,T,C
15,43712754,C,A
15,43748729,G,A
15,43724619,C,T
15,43749267,C,A
17,27899013,G,A
8,95942613,G,C
8,95952299,C,G
20,33298102,C,T
20,33297255,A,C
20,33297210,C,A
1,3599737,C,G
1,3607408,A,G
1,3646622,G,T
1,3638723,G,T
1,3599745,G,A
1,3649416,C,T
7,144380019,G,T
7,144463003,C,G
7,144364850,C,A
7,144150530,T,G
7,144320274,T,G
7,144320333,G,A
7,144245632,C,A
7,144150626,C,A
7,144345917,C,G
7,144364854,G,A
7,144245652,C,A
7,144288620,C,G
7,144380067,A,T
7,144245656,C,G
7,144320281,T,A
7,144150629,G,A
7,144320280,C,G
7,144245644,G,T
1,154148674,T,C
1,154163707,C,T
1,154155629,C,G
1,154142943,T,C
13,103301782,A,T
13,103271180,G,A
13,103280200,G,T
13,103249427,C,T
13,103292686,A,T
13,103309520,G,T
13,103280210,A,G
13,103271129,G,C
13,103301761,A,T
13,103288020,G,A
13,103249523,G,A
13,103317145,G,T
13,103280275,G,A
13,103289511,G,T
13,103289512,G,T
13,103290630,C,A
5,678032,G,A
5,666182,A,T
5,678034,G,A
1,3542012,G,C
1,3544135,C,T
2,73961682,A,C
16,1291156,C,A
16,1291157,C,A
16,1292330,C,T
22,26936942,C,A
22,26937184,T,A
20,30386191,C,T
20,30345357,A,T
20,30366632,G,T
20,30365413,C,G
20,30358225,G,C
20,30345332,A,G
20,30347911,G,T
20,30365315,C,T
20,30366710,C,A
20,30354472,G,A
20,30363695,G,T
20,30345327,C,T
20,30370062,C,T
20,30381818,G,T
20,30359385,G,C
6,111896976,C,T
6,111896952,C,G
6,111912617,G,C
6,111913163,C,A
1,209935992,C,A
1,209933490,C,A
1,209950826,C,A
1,209935926,C,A
1,209933482,G,A
1,209933485,G,C
1,209951496,G,A
1,209933638,G,A
1,209936007,G,T
1,209936199,G,A
1,209948949,C,A
1,209955490,C,A
1,209950718,C,A
1,209950757,C,A
1,209951493,G,A
1,209951495,T,A
1,209933643,C,G
17,27071117,G,T
17,27076615,G,A
16,2225359,G,C
16,2223814,G,T
16,2225515,G,C
16,2222317,C,T
16,2226101,G,A
16,2226102,G,T
16,2223806,C,T
3,49866483,C,A
3,49885625,T,A
3,49877731,C,T
3,49866942,C,A
3,49877210,T,G
3,49881252,C,A
3,49881292,G,A
3,49869403,C,A
16,88926298,C,G
11,118892538,G,A
3,108549564,G,T
3,108565943,C,A
3,108572490,C,A
3,108568088,C,A
3,108541701,A,G
3,108572676,C,T
3,108572480,C,A
3,108572674,C,G
3,108557802,G,T
3,108572570,G,A
3,108541777,G,T
3,108541679,C,T
10,17195622,T,C
10,17210880,C,A
10,17199591,T,C
10,17201212,G,T
10,17199674,C,A
10,17199678,C,G
10,17199442,T,A
10,17204237,C,G
6,41250157,G,T
6,41243937,C,A
6,41250146,C,A
6,41250404,T,C
6,41126668,G,T
6,41126368,G,C
6,41127558,C,A
6,41129046,T,A
6,41129200,G,A
6,41126515,A,C
6,41126749,C,G
6,41126388,G,C
20,377234,G,A
20,368840,G,A
20,368838,G,C
20,376888,G,A
7,28997377,G,T
7,28997265,A,T
7,28996417,C,A
7,28997137,C,A
7,28997432,G,A
7,28996325,G,A
7,28996173,G,T
17,54969300,C,A
17,54978923,C,A
17,54969341,G,A
17,54990997,G,T
17,54981726,T,A
4,154216475,C,A
4,154249741,G,A
4,154216897,G,T
4,154217070,C,T
4,154217122,G,T
4,154229449,C,T
4,154197272,A,G
4,154191528,G,T
4,154237007,C,G
4,154215474,C,G
4,154229633,G,T
1,114940203,T,C
1,114940327,A,G
1,114976307,C,G
1,114969832,G,A
1,114948266,A,G
1,114969875,A,G
1,114970493,C,T
1,114952806,C,A
1,114952807,T,A
1,114948095,C,G
1,114940381,C,G
8,27145298,C,A
8,27168490,T,A
8,27151801,C,A
7,100731029,G,T
7,100732256,G,T
7,100730380,G,T
7,100730422,G,C
7,100731915,A,T
7,100732822,G,T
7,100732116,C,T
7,100730990,G,T
7,100732027,G,C
7,100732770,G,A
7,100732402,G,T
7,100731715,G,T
7,100732499,G,T
17,73887249,G,A
17,73887174,C,A
17,73887248,C,A
11,4623587,C,T
11,4621637,C,A
11,4626536,T,A
11,4621894,C,T
11,4621864,C,T
11,4621699,C,A
11,4623588,G,A
11,5632082,T,C
11,5631423,G,C
11,5632497,T,A
11,5624904,G,A
11,5624865,G,A
11,5624725,C,T
14,51446110,C,A
14,51475904,C,A
14,51448809,G,T
14,51467560,T,C
14,51492033,C,T
14,51561238,C,A
14,51561239,C,T
14,51446129,C,G
14,51448566,A,C
14,51446144,G,A
14,51561184,G,T
14,51477130,T,A
14,51489588,C,A
14,51489622,G,T
14,51475811,G,T
14,51561379,C,T
14,51443962,C,A
14,51467451,C,T
14,51446170,G,A
14,51446162,T,G
14,51489585,G,T
14,51448577,C,A
14,51444066,C,G
14,51448785,G,A
14,92471709,G,A
14,92484063,T,A
14,92480596,T,A
14,92471200,T,C
14,92484086,T,C
14,92491728,C,T
14,92461848,C,A
14,92471367,C,A
14,92471927,G,A
14,92471799,T,A
14,92472313,C,G
14,92480716,C,G
14,92470887,T,A
7,100468219,G,T
7,100466171,C,A
7,100465727,C,T
7,100469167,C,A
7,100470816,C,G
7,100469273,C,T
7,100466340,C,A
7,100466204,G,T
7,100466258,C,A
7,100470331,G,T
X,100273984,C,A
X,100276298,C,G
X,100265463,G,T
X,100274014,G,A
X,100278506,C,T
X,100276277,C,A
X,100274347,A,G
X,100291975,C,A
X,100292970,C,A
X,100276997,C,G
X,100274025,C,G
X,100276115,G,A
X,100292981,G,C
14,104000956,G,T
2,29092772,C,A
2,29084070,C,A
2,29093099,C,A
2,29072958,T,C
12,49722798,G,T
12,49723991,G,A
12,49724561,G,C
12,49725509,A,G
12,49717643,C,G
12,49719372,G,T
12,49724607,C,T
12,49718101,A,T
12,49725133,C,T
12,49717402,G,T
11,63992969,A,C
11,63991685,G,A
11,63991664,C,G
17,3493646,C,T
17,3470266,C,A
17,3493205,G,A
17,3475527,A,C
17,3477008,G,A
17,3475520,C,G
17,3470119,C,A
17,3477171,G,A
17,3470069,C,A
7,98564763,G,C
7,98586464,G,C
7,98515286,G,T
7,98490104,C,T
7,98581766,A,T
7,98592252,G,T
7,98497313,G,A
7,98562303,A,T
7,98602013,A,T
7,98589832,C,A
7,98565299,T,C
7,98508155,G,T
7,98609091,G,T
7,98491471,A,G
7,98606135,A,G
7,98527770,G,T
7,98609796,G,A
7,98574387,G,T
7,98546278,G,A
7,98533224,A,G
7,98576474,G,C
7,98554089,G,C
7,98564667,C,T
7,98591355,G,A
7,98515156,A,G
7,98586467,G,A
7,98609706,C,G
7,98563387,A,G
7,98528293,G,C
7,98508734,G,T
7,98543387,C,T
7,98554156,A,T
7,98562323,A,T
7,98497371,C,G
7,98528439,G,T
7,98573786,C,T
7,98608812,G,C
7,98547352,C,T
7,98564703,A,C
7,98554099,C,T
7,98508016,G,T
7,98576479,C,T
7,98535407,A,G
7,98574614,T,C
7,98592371,G,T
7,98609988,C,G
7,98528436,A,G
7,98529088,G,A
7,98556987,A,T
7,98495465,G,C
7,98515272,C,A
7,98509822,G,A
7,98592340,G,T
7,98478714,C,T
7,98582624,G,T
7,98513385,G,C
7,98557026,G,T
7,98506438,C,G
7,98522798,G,T
7,98529064,C,G
10,116719515,G,T
10,116731952,G,A
10,116698036,G,T
10,116735177,T,G
10,116698000,G,T
10,116698001,G,T
10,116735031,T,G
3,150128499,G,T
3,150128747,A,T
3,150129010,G,T
3,150127639,G,T
3,150176593,A,G
3,150127773,G,A
3,150127774,G,A
3,150176241,G,A
X,106959973,G,T
16,2130194,G,T
16,2122925,G,T
16,2129153,G,A
16,2115574,G,A
16,2104434,A,G
16,2115637,G,T
16,2110757,G,T
16,2105464,G,T
16,2105465,A,T
16,2129276,G,C
16,2120500,A,G
16,2129040,C,T
16,2111938,G,T
16,2106212,G,C
16,2121808,A,G
11,18541090,G,C
11,18528444,C,T
11,18502135,C,T
11,18505561,C,T
11,18503191,C,A
11,18503192,C,G
11,18503407,C,G
11,76507338,G,A
11,76507127,A,T
11,76506656,C,G
11,76506887,C,T
11,76507172,G,C
11,76507596,G,T
11,76507537,C,G
11,76507537,C,G
5,110407688,T,A
5,110407631,A,T
5,110407741,G,C
5,110407649,C,A
5,110409104,G,A
5,110407596,C,G
5,110407675,C,A
5,110407453,G,T
5,110407454,G,T
5,110407739,C,A
5,110407676,G,C
5,110407433,G,A
5,110407554,T,C
1,231673021,G,C
1,231700429,G,C
1,231700404,G,C
1,231700748,T,C
1,231700528,G,A
1,231672960,A,G
17,79612590,C,T
17,79612613,G,A
17,79612332,C,T
17,79612190,C,T
17,79612191,C,T
17,79612731,A,T
5,176083833,C,T
5,176084785,G,A
5,176079834,A,T
5,176083133,G,T
5,176083119,T,G
5,176078790,G,T
11,44931364,C,A
11,44940814,A,C
11,2337897,G,A
11,2337896,C,A
11,2337814,C,T
11,2337743,C,T
11,2323333,C,A
11,2325383,C,T
11,2324063,C,T
7,128801519,G,T
7,128807730,C,T
7,128804319,G,A
7,128802692,G,A
7,128806740,C,A
4,99403300,G,T
6,116600489,C,T
6,116601022,G,C
6,116600261,G,C
17,2235650,C,G
17,2239378,C,A
17,2239688,G,C
17,2239706,G,A
17,2239813,G,T
17,2232642,G,C
17,2234267,C,T
1,231052046,C,A
1,231060705,C,A
1,231097014,C,A
1,231042692,G,A
1,231067531,A,T
1,231064840,C,T
1,231059666,C,A
1,231079566,C,G
11,43465039,G,C
11,43427092,G,T
11,43423014,G,T
11,43436154,G,A
11,43511873,C,T
11,43471696,G,A
11,43511892,C,T
11,43465675,G,C
11,43511837,G,T
11,43511885,C,T
11,43413036,A,T
11,43427106,G,A
11,43411234,A,C
11,43423014,G,T
11,43465625,G,A
11,43411214,G,T
3,39170265,G,T
3,39174562,G,T
3,39178787,G,T
3,39159675,C,T
3,39167856,G,T
3,39167772,C,A
3,39156148,G,T
3,39151568,C,T
3,39167012,T,C
3,39161449,G,T
3,39162658,G,A
3,39179822,C,T
3,39159580,G,A
1,55253465,C,A
1,55253466,C,A
1,55253386,C,A
2,33003038,A,G
2,32961852,T,G
2,32983498,G,A
2,33037582,C,A
2,32897384,G,C
2,32889483,G,T
2,33036261,G,T
2,32875249,G,T
2,32958931,G,T
2,32958990,G,T
2,32958898,C,T
4,147796051,C,A
4,147796023,C,A
4,147830185,C,G
4,147861027,C,A
4,147796034,C,T
4,147860996,C,G
4,147724697,G,T
4,147824714,G,T
4,147824710,A,G
4,147741356,A,G
4,147861018,T,C
4,147755028,T,A
4,147824814,C,A
4,147796051,C,T
4,147861017,G,A
4,147860969,T,A
4,147795999,C,A
22,46681155,G,C
22,46684477,C,T
22,46671251,C,T
22,46682990,C,T
22,46685772,C,T
14,20767521,G,A
14,20766966,T,C
14,20767468,C,T
14,20767578,C,A
14,20757805,G,T
14,20767011,G,C
14,20767602,C,A
14,20764577,T,A
14,20764550,G,T
14,91196419,C,A
14,91196420,C,A
14,91007859,C,A
14,91247235,C,G
14,91044511,C,A
14,91146852,T,C
14,91252635,C,A
14,91059911,C,A
14,91282590,C,G
14,91007790,C,T
14,91196486,C,A
14,91161916,C,G
14,91007809,C,A
14,91007748,G,T
14,91282527,A,G
11,62496497,C,T
11,62496379,G,A
9,135266209,C,T
9,135277990,A,G
9,135266061,T,G
9,135277315,T,G
9,135277662,C,A
9,135277138,G,A
9,135277845,C,G
9,135276915,C,A
9,135267523,C,A
9,135275516,C,A
9,135251420,T,C
9,135278199,C,A
9,135267595,T,A
9,135266129,C,G
6,80744816,A,T
6,80715700,G,T
6,80715587,A,G
6,80750341,G,C
6,80747683,G,T
6,80741183,G,T
6,80746240,G,T
6,80749948,C,G
6,80720637,G,A
6,80751923,G,T
6,80723084,G,T
6,80720675,G,T
6,80744812,G,C
6,80750407,T,G
6,80745021,G,T
6,80745002,A,T
6,80724274,C,A
6,80749412,G,C
6,80723075,A,C
6,80717571,C,T
6,80715696,A,G
6,80746194,A,C
6,80744811,T,G
1,1120494,G,T
1,1120546,G,A
1,1117798,G,C
1,1118337,C,T
22,43564118,C,T
22,43576790,C,T
14,76211925,G,T
14,76241935,G,T
14,76149953,T,G
14,76150070,A,C
14,76420949,C,G
14,76238103,C,G
14,76231102,G,T
14,76249513,G,T
14,76198575,C,G
14,76238130,G,A
14,76238085,A,T
14,76135766,C,T
14,76211508,C,T
14,76243112,A,G
14,76330023,G,T
14,76198730,G,T
14,76349199,A,T
1,84399389,A,G
1,84383358,C,A
1,84399291,C,A
1,84403666,C,A
1,84408254,T,C
1,84385411,C,G
1,84373139,C,A
1,84412907,C,G
1,84412840,A,G
1,84415555,T,A
1,84403638,C,A
1,84417870,C,A
1,84372018,T,A
1,84383358,C,A
1,84415628,C,T
1,84348659,A,T
1,84394841,C,A
1,84415658,T,C
1,84399443,C,A
1,84417625,T,A
1,84417596,C,A
1,84373287,C,A
1,84387042,T,A
2,220116417,G,A
2,220116284,C,G
2,220115640,G,A
20,57599325,C,A
20,57597947,C,A
20,57594367,G,A
20,57599155,C,G
20,57599371,C,A
20,57599101,C,A
20,57599127,G,A
16,90002245,C,A
16,90001147,G,C
16,90001795,G,T
16,90001774,G,T
16,89998933,G,T
16,90001393,G,T
6,30691701,G,A
6,30691915,G,C
17,40765707,C,T
17,40766531,G,C
17,40767058,G,A
17,40766619,C,A
17,40766620,C,T
10,135103475,T,A
10,135116332,C,A
10,135103479,A,C
10,135113540,C,A
10,135102477,G,A
10,135113087,C,T
10,135106116,T,G
10,135106639,G,A
10,135113555,T,A
10,135093346,T,A
15,43675640,G,C
15,43687327,A,T
15,43663583,G,A
15,22835968,C,T
15,22849092,G,A
15,22866721,G,A
15,22868967,C,G
15,22864307,C,A
15,22848827,C,A
15,22873224,G,C
15,22853733,C,T
15,22863040,C,A
15,22861877,C,A
15,22866791,G,T
15,22840267,C,G
15,22848330,T,A
15,22867477,T,G
1,151537034,A,G
1,151535162,G,A
1,151518312,G,A
12,3018726,C,T
12,3040343,G,T
12,3018724,G,T
12,3029930,G,T
12,3040232,C,T
12,44198367,C,T
12,44196110,T,A
12,44196223,C,A
12,44193198,T,A
1,52486661,G,A
1,52489195,C,A
1,52492949,C,G
5,134223521,G,C
5,134223691,G,A
5,134235498,C,A
5,134223588,G,T
5,134235280,T,G
18,54291579,G,T
18,54305660,C,T
18,77733657,A,G
18,77737634,T,A
9,12694303,G,T
9,12695518,G,T
9,12708116,G,T
9,12704606,G,T
9,12709190,C,T
9,12704597,A,G
9,12709335,T,C
9,12709336,G,T
9,12693928,G,C
9,12698577,C,A
19,34949727,A,G
19,34951384,G,T
19,34957912,C,G
19,34955028,C,G
19,34949813,T,C
19,34936003,G,T
19,34922808,A,G
19,34925867,C,G
19,34925775,G,A
3,69105182,A,G
3,69127009,T,A
13,100008451,G,T
13,99896102,G,T
13,99992718,G,T
1,154207096,G,T
1,154224028,G,C
1,154218751,C,T
1,154233385,G,T
1,154209593,T,G
1,154233427,G,T
1,154192705,G,A
1,154231458,A,G
1,154242714,G,T
1,154241426,G,T
1,154241426,G,A
1,154218748,C,G
1,154239025,C,T
1,154201188,G,T
21,43863428,G,T
21,43833217,C,A
21,43833623,C,T
21,43857644,C,T
21,43862660,C,A
21,43857595,C,A
21,43833560,G,T
21,43838595,C,T
21,43838704,G,T
21,43857596,A,T
21,43833586,C,A
21,43854980,C,A
21,43867404,C,A
21,43863444,C,A
21,43867343,G,A
21,43855205,G,C
21,43838679,C,A
11,122653759,A,T
11,122669678,T,A
11,122667726,C,G
11,122680461,C,T
11,122650373,G,T
11,122680631,G,T
11,122666894,C,A
11,122650348,G,A
11,122647771,C,T
17,16285701,G,T
17,16285380,C,A
X,118717179,T,A
X,118717129,A,T
X,118708874,G,T
X,118708888,A,T
X,118709339,C,A
X,118716549,A,T
X,118708873,G,T
X,118717138,G,T
5,133707234,G,C
5,133724037,G,A
20,44443062,G,C
20,44444350,G,A
20,44444383,A,G
20,44444115,G,T
10,60128535,A,T
10,60124613,C,G
10,60123428,T,C
10,60124575,T,C
2,181922478,G,T
2,181922478,G,T
2,181925523,G,C
2,181925502,G,T
2,181927579,G,T
2,181922511,G,A
2,181846874,A,T
16,1370587,G,T
16,1370588,G,T
16,1364038,G,T
16,1370540,G,T
16,1374771,G,T
4,39780016,G,A
19,59067459,T,A
17,74398726,C,T
17,74392683,C,T
17,74398767,C,A
17,74395027,C,T
17,74396592,T,C
17,74392671,C,A
17,74387492,C,A
17,74395732,C,A
17,74394977,G,A
17,74396252,C,A
17,74394355,G,A
15,76152291,G,C
15,76168613,G,A
15,76168549,C,T
15,76165798,G,A
15,76165876,A,T
15,76168529,G,T
12,109924380,G,A
12,109972426,C,T
12,109936113,G,A
12,109921434,G,A
12,109972414,G,C
12,109948150,G,T
12,109936051,T,C
12,109935654,C,G
12,109927832,T,G
12,109972579,C,G
12,109921467,G,T
12,109940927,G,T
12,109947272,T,C
1,10197141,A,G
1,10240059,G,A
1,10238772,T,C
1,10231171,G,A
1,10166582,A,G
1,10238755,A,T
1,10211558,G,A
1,10093697,C,G
1,10132239,A,G
1,10231110,C,A
1,10209284,A,T
1,10197236,G,C
1,10228257,G,T
1,10211596,C,T
1,10207066,G,T
1,10195123,C,G
1,10207112,A,T
1,10231139,G,T
1,10155625,G,A
1,10238837,G,T
1,10155609,C,G
1,10197176,T,G
3,33442469,T,C
3,33438574,C,A
3,33431755,G,A
8,103293656,C,T
8,103291157,C,G
8,103266681,G,A
8,103301722,C,A
8,103317410,T,C
8,103327008,C,A
8,103289239,C,T
8,103289240,C,T
8,103317388,C,G
8,103309166,C,A
8,103287962,C,A
8,103316347,C,T
8,103339998,C,A
8,103298663,T,G
8,103358521,C,T
8,103289393,C,T
8,103273473,A,G
8,103338891,C,A
8,103282300,C,A
8,103306336,T,A
8,103354709,G,A
8,103316394,G,A
8,103297969,T,G
8,103357641,C,A
8,103324705,T,G
8,103311753,C,A
8,103358466,C,T
8,103298620,C,A
8,103316395,C,T
8,103359295,C,A
8,103297392,G,A
8,103266711,G,A
8,103287796,C,T
8,103341407,G,C
8,103298773,C,T
8,103284883,C,A
14,93685632,G,C
14,93688707,C,T
14,93685569,G,T
14,93673413,C,A
14,93686679,C,T
14,93685006,G,A
10,99327766,G,T
10,99329918,G,A
10,99330310,C,T
1,26624543,G,A
1,26628188,C,T
11,18610241,C,G
11,18587907,T,A
11,18591865,G,A
11,18554025,C,G
11,18568599,T,C
11,18587914,T,C
9,114695260,G,A
2,128861575,A,T
2,128903423,T,C
2,128870688,C,T
2,128873837,A,G
2,128880772,A,C
2,128913089,A,G
2,128941255,A,G
2,128861574,C,A
2,128918775,A,G
2,128870740,A,T
2,128932405,G,C
2,128910458,A,G
2,128855128,T,G
2,128936144,G,T
4,115544098,C,A
4,115577984,G,T
4,115585282,A,G
4,115585262,C,A
4,115544302,A,T
4,115544150,C,A
4,115544547,C,T
4,115544068,T,C
4,115597124,C,G
17,19680990,C,A
17,19699554,G,C
17,19770655,C,A
17,19687055,G,A
17,19705198,C,A
17,19705218,C,A
17,19679692,C,A
17,19748649,C,A
17,19705183,C,A
17,19700851,C,A
19,17756795,C,G
19,17763441,C,A
19,17750669,T,C
19,17785516,C,G
19,17746954,C,T
19,17756803,G,A
19,17741496,C,A
19,17756535,C,G
19,17750267,C,T
19,17756920,A,T
19,17743613,C,A
19,17780382,G,A
19,17720884,C,G
19,17756509,C,A
19,17728564,G,T
19,17743604,G,A
19,17760387,G,A
19,17746902,G,T
19,17766706,G,T
19,17753678,A,G
19,17750652,G,T
19,17778956,C,A
19,17759401,G,T
19,17743615,T,C
19,17780381,C,A
19,17785518,T,A
19,17752261,C,T
19,17728601,C,A
19,17768923,A,G
9,35390657,A,G
9,35310542,T,C
9,35403482,G,T
9,35403172,G,T
9,35376139,G,A
9,35310603,A,T
9,35403186,G,T
9,35403857,G,T
9,35403451,G,A
9,35376131,A,G
9,35370326,G,T
9,35389884,G,T
10,73055624,G,T
10,73045160,C,T
10,73051292,C,T
10,73044574,C,T
10,73053578,C,G
10,73050686,G,T
10,73053217,A,T
10,73051452,C,A
10,73058922,T,A
10,73047497,G,T
10,73048323,A,T
10,73039629,C,G
10,73048713,A,T
10,73047403,G,T
10,73046537,C,A
10,73050706,G,T
10,73056384,G,C
10,73057683,G,A
10,73047465,G,A
10,73048446,G,T
10,73039597,G,T
10,73053228,G,A
10,73051404,G,T
12,109539805,G,T
12,109547637,C,T
12,109547803,G,T
12,109539761,G,C
12,109535420,C,T
12,109536197,G,T
12,109539744,G,T
10,12039734,T,C
10,12043820,T,A
10,11973641,T,A
10,11997368,C,A
10,12071172,T,A
10,11963176,G,C
10,12001227,G,T
10,11971905,C,A
10,11962956,T,C
10,11985140,C,T
10,11978664,A,C
X,118972440,T,A
X,118979170,T,A
X,118972013,G,T
X,118979178,A,C
X,118975149,T,A
X,118975155,C,A
X,118972016,T,C
X,118986935,C,A
7,48141551,A,G
7,48142902,G,T
7,48147962,C,T
7,48147041,G,T
7,48146469,G,T
7,48146550,G,T
3,48637544,C,T
3,48643287,C,T
3,48646610,A,G
3,48637934,G,A
3,48638155,C,T
1,46769406,C,T
1,46769466,C,A
1,46775891,G,A
19,35760495,C,G
19,35769860,G,T
19,35761683,G,T
19,35761708,C,T
19,35761990,A,G
19,35761417,G,T
16,84778796,A,T
16,84778607,G,A
16,84778661,G,T
X,47098928,G,T
X,47107228,G,A
X,47103906,G,T
X,47100188,G,A
X,47107098,G,T
X,47104811,G,A
X,47101481,G,T
X,47104820,C,G
X,47104483,G,A
X,47106710,G,T
X,47104297,G,C
18,210491,A,T
18,197634,A,C
18,196747,C,A
18,178978,G,A
18,202918,G,T
18,180238,G,A
1,62910726,C,G
1,62916040,G,A
1,62916294,G,C
1,62907238,A,G
1,62908992,T,C
1,62910485,C,G
1,62916107,A,T
1,55563650,C,A
1,55612673,C,A
1,55590228,C,T
1,55637289,C,A
1,55562208,G,A
1,55563724,A,T
1,55545311,C,T
1,55563660,G,T
1,55619930,C,T
1,55598341,G,A
1,55589208,T,C
1,55566576,T,A
1,55622646,T,A
1,55591178,C,T
1,55545304,G,A
1,55589146,C,A
1,55607342,C,A
1,55604671,A,T
1,55539537,T,C
1,55562681,G,A
1,55549026,C,A
11,113688419,G,T
11,113670056,G,T
11,113675615,C,A
11,113711322,G,A
11,113699991,A,T
11,113705003,G,A
11,113679905,G,A
11,113679033,G,A
11,113675628,C,A
11,113700072,G,T
11,113672268,C,A
11,113700169,G,C
11,113677221,C,A
11,113712397,C,A
11,113702712,C,T
11,113673937,C,A
11,113673938,C,A
11,113683174,C,A
11,119244128,G,C
11,119230296,G,A
11,119243829,C,T
11,119243865,C,A
11,119228471,C,A
11,119243549,C,A
17,58299796,C,A
17,58297057,T,A
17,58313588,G,A
17,58343443,T,A
17,58303470,C,T
17,58260567,C,T
17,58262976,G,C
17,58299774,C,G
17,58365912,G,C
17,58422958,C,G
17,58258864,C,A
17,58300927,G,T
17,58308919,G,A
17,58270219,C,A
17,58256678,C,A
1,78193990,G,A
1,78207102,C,A
1,78195558,C,A
1,78207350,C,A
1,78186874,A,T
1,78187836,G,A
1,78193978,A,G
1,78167087,C,T
1,78187556,T,C
1,78189129,C,A
1,78181454,T,A
1,78180383,T,C
1,78194222,C,A
11,77907333,G,T
11,77921493,C,T
11,77907295,G,T
11,77909055,C,T
11,77920933,G,C
11,77907354,G,T
11,77919914,T,G
11,77911202,C,T
11,77918630,C,T
2,219423437,G,T
2,219418306,C,G
2,219320359,C,A
2,219339353,C,A
2,219418392,C,G
10,75296160,G,A
10,75295998,G,C
10,75276186,C,A
10,75264652,C,T
10,75289573,C,G
10,75258547,C,T
10,75276726,C,G
10,75277238,C,T
10,75296188,G,A
10,75280781,C,A
10,75290091,C,T
10,75276381,C,A
10,75283501,C,G
10,11504481,T,G
10,11505065,C,A
10,11567387,T,A
10,11504482,C,T
10,11505455,G,T
10,11505354,C,G
10,11504625,G,A
10,11505388,G,T
10,11531201,C,A
10,11505366,C,A
10,11560554,G,C
15,50782020,G,C
15,50791225,A,T
15,50789393,G,A
15,50782020,G,A
15,50782458,A,C
15,50791203,C,G
15,50741619,G,T
15,50782575,A,C
15,50774206,A,T
15,50769116,G,T
15,50769167,A,G
15,50773724,G,C
15,50785574,C,T
15,50769639,T,G
12,101689353,C,A
12,101723228,G,A
12,101757432,C,A
12,101705831,G,A
12,101732712,T,C
12,101757487,A,G
12,101706003,G,C
12,101706034,G,A
12,101740332,C,T
12,101728221,G,C
12,101702085,G,A
12,101761655,G,A
12,101731899,A,G
12,101723073,T,G
12,101760420,G,T
12,101701966,G,A
12,101748667,A,G
12,101679536,A,G
12,101767525,A,G
12,101682746,G,T
12,101723139,A,G
2,106761740,G,A
2,106710472,A,C
2,106717527,C,A
2,106761802,C,A
2,106761803,C,A
2,106739513,C,A
2,106715213,T,G
2,106710386,C,T
1,171673540,G,C
1,171679944,G,C
1,171679938,C,A
1,171675514,C,A
19,46021240,C,T
19,46029247,A,G
19,6773018,C,A
19,6848051,G,T
19,6821692,G,T
19,6832113,G,T
19,6828653,C,T
19,6825072,G,C
19,6848029,G,A
19,6828129,G,T
19,6772930,C,A
19,6854071,G,T
19,6772756,G,A
19,6828895,C,A
19,6820742,C,A
8,42262390,A,G
8,42252647,G,C
8,42259420,C,T
12,48240466,T,A
12,48272780,C,G
12,48238559,C,A
12,48258951,C,T
12,48240119,T,A
12,48251338,G,A
12,48272713,T,G
12,48238661,G,A
12,95660204,G,T
12,95660205,G,T
12,95668600,G,A
12,95645844,A,G
12,95694210,C,T
12,95650981,A,T
12,95611618,C,T
12,95663849,A,G
12,95694452,A,T
12,95650954,C,T
X,135631059,A,T
X,135633062,G,T
X,135633063,G,T
X,135618368,G,T
X,135631064,C,T
X,135630823,A,C
X,135630895,G,T
X,135638786,T,G
X,135618294,A,T
X,135618272,C,A
X,135638770,T,C
X,135618285,G,T
X,135638742,G,C
X,135630900,G,T
X,135618242,G,A
X,135630860,C,A
X,135630861,A,T
3,87027741,G,T
3,87018101,C,A
3,87027794,C,A
3,87017756,G,C
3,87018105,T,A
3,87017773,C,G
3,87017926,C,A
3,87018027,G,C
3,87017813,G,A
3,87017913,A,T
3,87027684,A,T
3,87017960,G,T
3,87039778,G,T
3,86996125,G,T
3,87017812,A,T
3,87017812,A,T
3,87017950,G,C
3,87027892,G,T
3,87017763,A,T
3,87027877,C,A
3,86996106,C,A
3,87018166,G,A
3,87017782,G,T
3,87017927,A,T
2,219292998,G,A
2,219299256,C,A
2,219290443,G,A
2,219294032,C,T
2,219297606,C,A
2,219299291,A,G
2,219289074,T,A
2,219296825,C,T
2,219301287,C,G
2,219301263,G,C
2,219292707,G,C
2,219293043,C,A
2,219295487,G,T
10,17276749,C,T
10,17271859,G,C
10,17271973,C,T
10,17275583,T,C
10,17275634,G,T
10,17275676,G,A
10,17275823,G,T
10,17271393,C,A
3,42572424,G,T
3,42560740,C,G
3,42572377,T,C
X,150572114,C,T
X,150573509,G,T
X,150572114,C,T
X,150572142,G,C
1,12333079,C,A
1,12408926,A,G
1,12379571,A,G
1,12566973,G,A
1,12414217,G,T
1,12408888,A,T
1,12368513,C,T
1,12567410,G,A
1,12331089,G,A
1,12339553,C,T
1,12381896,G,A
1,12343071,G,T
1,12343072,G,T
1,12336702,G,T
1,12343685,C,G
1,12294346,G,T
1,12294347,G,T
1,12336136,G,A
1,12342995,C,T
1,12322098,C,G
1,12382768,G,C
1,12475197,C,T
1,12368591,T,G
1,12374349,C,A
1,12336868,G,A
1,12364726,C,T
1,12414217,G,A
1,12378268,C,T
1,12378229,C,T
1,12381926,C,T
1,12382622,C,T
1,12374318,G,A
1,12408994,A,G
1,12383786,G,A
1,12383832,G,C
1,12317054,G,A
1,12438558,A,T
1,12443042,G,T
1,12567033,C,T
1,12328835,G,C
1,12429654,G,A
1,12403044,C,T
1,12304475,C,T
1,12343698,C,A
1,12438582,C,T
1,12342797,A,G
1,12387804,C,T
1,12336516,G,C
12,110933846,C,T
7,73085404,C,T
7,73085416,G,T
15,42470654,G,A
15,42461932,T,C
15,42457975,G,A
15,42457847,G,A
15,42483722,T,C
15,42454305,C,T
1,150039852,G,T
1,150040772,G,A
1,150054930,A,G
1,150039821,G,C
1,150054882,G,T
1,150082640,G,C
1,150039930,G,T
1,150053538,A,G
1,150054891,G,C
16,69353393,C,T
16,69349944,G,A
16,69350147,G,T
1,151149508,C,A
1,151149328,T,C
1,151162602,C,A
1,151158033,G,A
1,151157999,T,A
1,151156801,C,A
1,151162638,C,A
14,97321560,G,C
14,97321607,G,T
14,97321675,G,A
14,97304098,G,T
14,97313603,G,T
14,97321690,G,T
11,124618384,C,A
11,124621372,C,A
11,124618657,C,T
11,124621476,C,T
11,124618406,C,T
11,124617482,C,T
11,124619682,C,T
10,114428028,T,A
10,114298043,G,A
10,114575084,G,T
16,22144268,C,A
16,22149824,G,T
16,22152985,G,C
16,22134947,G,A
16,22152971,A,T
16,22161179,C,A
16,22144393,G,A
16,22161194,T,C
16,22149804,A,T
16,22155616,T,A
16,22128452,A,C
16,22143018,C,A
16,22163834,C,A
16,22144347,G,C
16,22120870,C,A
16,22142978,C,G
16,22155616,T,A
16,22163858,T,A
16,22134998,G,A
11,123995028,G,C
11,123988563,A,C
11,123988582,G,T
11,123988583,G,T
11,124007807,G,A
11,123994449,G,T
11,124007760,A,C
11,124005729,G,C
11,123995132,C,G
11,123988412,A,T
11,124007855,G,T
11,124013245,G,T
11,124007327,G,C
6,110424697,C,A
6,110422895,G,C
6,110421661,C,T
6,110428292,C,A
6,110422792,T,G
6,110428393,C,A
6,110428333,C,G
6,110429812,C,A
6,110421772,C,G
6,110424732,C,G
6,110434599,G,T
X,48547388,G,A
X,48545338,G,T
X,48547293,C,A
X,48547150,G,C
X,48545178,G,T
X,48546470,C,A
X,48546836,C,T
X,48546814,G,A
X,48543997,C,A
17,73843060,C,T
17,73851356,G,A
17,73851355,C,T
17,73847686,C,A
2,224760257,C,T
2,224749422,C,A
2,224776980,C,A
2,224749362,C,A
2,224743393,G,A
2,224765921,G,A
2,224763777,C,A
14,55458068,C,A
14,55475401,G,T
14,55455827,G,C
14,55411173,G,A
14,55455817,C,A
14,55411137,C,A
14,55493428,C,A
10,122640397,A,G
10,122610918,G,T
10,122648679,G,A
10,122665427,C,T
10,122622260,G,T
10,122648616,C,T
10,122622304,C,T
10,122668120,C,T
10,122630692,A,T
10,122643308,G,T
4,39207199,A,T
4,39271619,G,A
4,39276448,T,A
4,39233832,C,T
4,39217615,A,T
4,39219657,G,A
4,39245931,C,A
4,39279780,G,T
4,39201143,A,C
4,39217613,G,A
1,224605976,G,A
5,110441772,G,C
5,110462460,C,T
5,110441783,G,A
5,110428002,G,T
5,110440497,A,T
5,110427922,G,T
5,110428061,C,G
5,110428025,G,T
5,110446893,T,A
5,110428130,G,A
5,110430633,C,G
5,110428032,G,T
5,110454803,T,A
5,110459809,A,G
5,110456699,G,C
5,110427982,A,C
5,110428091,G,A
10,1170222,G,T
10,1118122,G,T
10,1126036,C,G
10,1130413,G,T
10,1175307,C,T
10,1170964,G,T
1,118492655,G,A
1,118495150,G,T
1,118479397,A,T
1,118485096,G,T
1,118479440,C,T
1,118484427,A,G
1,118479447,A,T
1,118492649,C,A
1,118477298,G,T
1,118501533,G,T
2,29164364,A,T
2,29150465,A,G
2,29135524,C,T
2,29135492,A,G
3,167322098,T,A
3,167245634,T,G
3,167240178,G,C
3,167240228,T,A
3,167245694,C,A
3,167254714,T,A
3,167319990,C,A
3,167246931,C,G
3,167250715,G,T
3,167277997,C,T
3,167248993,C,T
3,167322097,T,C
3,167277881,A,T
3,167246862,C,A
3,167240272,C,A
3,167246938,G,C
3,167247010,A,G
3,167248972,C,T
3,167249008,C,A
3,167272542,C,A
3,167246875,C,A
3,167245669,G,A
3,167246840,C,A
3,167248912,C,G
3,167245610,G,A
3,167277909,C,G
3,167249022,G,C
3,167254657,C,A
3,167272471,C,A
3,167218056,C,G
3,167322236,C,A
3,167196594,G,T
3,167254771,C,G
3,167250700,G,T
3,167218013,G,T
3,167250697,C,G
3,167322121,G,C
3,167272528,A,T
3,167217976,C,A
21,44272435,C,T
21,44283572,T,G
21,44270341,C,A
21,44270152,G,T
5,140044602,C,T
5,140044540,G,T
5,140048306,A,G
5,140048960,C,G
19,36550949,G,T
19,36564349,C,T
19,36557325,G,T
19,36564398,G,A
19,36584997,G,A
19,36590381,G,T
19,36562587,G,T
19,36562599,G,T
19,36580003,A,T
19,36587934,C,T
19,36580087,G,T
19,36577668,G,T
19,36558728,A,T
19,36550981,A,G
5,37443461,C,T
5,37697862,T,G
5,37396476,G,T
5,37379412,G,A
5,37392113,A,G
5,37480018,G,C
5,37727024,C,G
5,37381788,G,T
5,37379592,G,A
5,37703180,C,G
11,62606910,G,A
11,62603155,C,G
11,62606926,C,A
2,190328594,G,C
2,190315685,C,T
2,190329914,G,T
2,190329915,G,T
2,190323581,T,A
2,190323582,G,T
2,190315518,A,G
2,190335579,A,G
2,190340070,A,G
2,190334125,G,A
2,190339500,G,T
15,44158515,C,T
19,12780997,C,T
16,705382,C,T
16,716792,G,T
16,716793,G,T
16,716315,G,T
16,712698,G,A
16,716515,G,T
16,712767,A,T
16,716961,G,T
16,711452,C,T
16,700343,G,T
16,717629,C,G
16,715599,G,T
16,716508,C,G
16,700152,C,G
16,706405,G,T
16,709087,G,A
16,715997,G,A
16,708613,A,G
1,27620600,C,T
1,27609887,A,C
1,27627882,G,T
1,27627883,G,T
1,27624556,G,C
1,27614294,G,T
1,27622845,A,T
1,27627736,G,T
1,27624465,G,A
16,84353038,A,T
16,683127,C,G
2,219755016,G,T
2,219754831,G,T
2,219754782,G,T
2,219754758,C,T
2,219754887,G,T
2,219747107,G,T
2,219754887,G,T
2,219757806,G,T
2,219754906,C,T
2,219757817,C,A
2,219757907,G,C
2,219746998,C,T
2,219754997,G,T
7,120969762,G,T
7,120979121,C,A
7,120979309,C,A
7,120969705,C,A
7,120979187,G,C
7,120971861,C,A
7,120969399,C,A
7,120969620,G,A
7,120971841,C,A
7,120965499,C,A
7,120969716,C,A
1,113058873,C,A
1,113033704,G,T
1,113068579,G,C
1,113068633,G,A
1,113057555,G,A
1,113059924,G,A
1,228109639,C,T
1,228112026,G,T
1,228109636,C,A
1,228109378,G,A
1,228109290,C,A
1,228109291,C,G
1,228111886,C,T
1,228112027,C,G
1,228109549,G,A
1,228109491,C,G
17,7593016,A,G
17,7592605,C,T
17,7606072,C,G
17,7606341,G,T
17,7606575,T,G
17,7604137,G,C
17,7606311,G,C
17,7606058,C,T
17,7605728,C,T
6,2769019,G,A
6,160169299,T,A
6,160176694,C,G
6,160174509,T,C
6,160176510,C,G
6,160176087,A,C
6,160174524,G,C
6,160176455,G,T
19,34981339,G,T
19,34983977,G,T
4,184182392,C,A
4,184169884,G,T
4,184210685,G,A
4,184175085,G,C
4,184205471,G,T
4,184205516,A,T
4,184210674,G,A
4,184233492,A,T
4,184240489,G,T
4,184182214,G,T
X,10106947,C,A
X,10096092,C,T
X,10096093,C,T
X,10109524,C,A
X,10062251,G,T
X,10066580,G,T
X,10085242,C,T
X,10109476,G,C
X,10106817,G,T
X,10107495,G,T
X,10058826,G,T
X,10094301,G,T
X,10096648,G,A
X,10047839,G,C
X,10096670,G,C
X,10092351,G,C
X,10093088,C,A
X,10093089,C,A
X,10093091,C,A
X,10058846,A,G
X,10085245,C,A
X,10085253,C,T
X,10094316,A,G
X,52113735,A,T
X,52118717,G,T
X,52118718,G,T
X,52113745,A,T
X,52113198,G,A
X,52113159,T,A
2,31602826,G,A
2,31570420,C,T
2,31602800,C,G
2,31602819,C,G
2,31587069,C,A
2,31565098,C,A
2,31573033,C,T
2,31637538,C,A
2,31609340,G,T
2,31558753,C,T
2,31558754,T,G
2,31605971,G,T
2,31600099,T,C
2,31621554,G,T
2,31625983,C,A
2,31569684,C,G
2,31587021,C,A
2,31565136,C,A
2,31599964,T,G
2,31611101,C,A
2,31595220,G,A
2,31588955,C,T
2,31571173,C,A
2,31595228,C,A
2,31562386,C,T
2,31599928,T,A
2,31595111,C,T
2,31628799,G,T
2,31611154,C,T
2,31598368,G,A
2,31596795,C,A
2,31621491,C,A
3,39230561,T,A
3,39227262,G,T
3,39227504,C,T
3,39226647,G,T
3,39226648,G,T
3,39228104,G,T
3,39228545,C,T
3,39227769,C,A
3,39227604,G,T
3,39227605,G,T
3,39227718,C,T
3,39226540,C,T
3,39231006,G,C
3,39226506,C,A
3,39230502,C,A
3,39227079,G,T
3,39228033,C,T
3,39229640,C,T
3,39227928,A,T
3,39230333,G,T
3,39229047,G,T
3,39230171,C,A
3,39229551,C,G
3,39229101,T,A
3,39229528,G,C
3,39226888,G,T
3,39226990,G,A
3,39229587,C,G
3,39227249,G,T
3,39227571,C,T
3,39228314,C,T
3,39230226,C,G
3,39229939,G,T
3,39227743,G,C
3,39228755,A,G
9,100459595,C,A
9,100455996,C,T
22,41318433,C,T
22,41253212,G,C
22,41305186,G,C
22,41282319,G,T
16,28164033,G,A
16,28167757,G,A
16,28124239,G,A
16,28128693,G,A
16,28128750,G,A
16,28167672,T,C
16,28124328,G,A
16,28133055,G,A
16,28157507,G,A
16,28112854,T,C
16,28112947,G,A
16,28123277,C,G
12,64815218,A,G
12,64812830,A,G
12,64814133,G,T
12,64828639,C,T
12,64833062,G,T
12,64814179,G,T
12,64815144,A,G
12,64814267,T,C
12,64815186,G,C
1,180804133,G,C
1,180775265,G,A
1,180804096,G,T
1,180853169,G,T
1,180832881,G,T
1,180775655,A,G
1,180775292,A,T
1,180775252,G,T
19,44058904,G,C
19,44058920,C,T
19,44056275,C,A
19,44047576,G,C
19,44079131,G,C
19,44051123,G,C
7,152345743,C,G
7,152346361,G,A
5,82491599,G,T
5,82554470,G,T
5,82649012,T,C
16,17202798,G,T
16,17292209,G,T
16,17211698,C,T
16,17235071,G,A
16,17211592,A,T
16,17232349,C,T
16,17352994,G,A
16,17211808,C,A
16,17202534,C,A
16,17221697,T,A
16,17235204,C,A
16,17294435,A,C
16,17292255,T,C
16,17202621,G,A
16,17294470,C,A
16,17202776,C,A
16,17228386,G,A
16,17353089,G,T
16,17228583,G,T
16,17235050,T,C
16,17353202,G,C
16,17232302,C,G
16,17232375,G,T
16,17211546,G,A
16,17232305,G,C
16,17211518,G,A
16,17211722,C,T
16,17232324,C,A
16,17294420,G,T
16,17353197,A,G
16,17211541,G,T
16,17353102,G,T
16,17228474,C,A
16,17232259,C,A
16,17211799,C,T
16,17211674,C,A
16,17211743,C,A
16,17353050,C,A
16,17202811,C,G
16,17228489,C,G
16,17221526,G,A
16,17292086,C,T
16,17353221,A,T
16,17235019,A,T
16,17353100,C,T
16,17202764,G,T
16,17228333,C,G
16,17202849,C,A
16,17202725,C,G
16,17228543,T,G
16,17232211,C,T
16,17228341,C,T
16,17202756,C,A
16,17211686,C,A
16,17294340,T,G
17,7193723,T,A
17,7192945,G,A
17,7194462,T,A
2,32523330,A,G
2,32530695,A,T
2,32530586,G,T
1,207222742,C,T
8,64099293,G,C
8,64098921,T,C
8,64100001,G,C
8,64098882,G,A
2,9770412,G,A
2,9731527,G,C
2,9725422,T,C
2,9770361,T,C
8,101936182,C,A
8,101937183,G,A
1,155629946,G,A
1,155629622,T,G
1,155638451,G,A
1,155649305,T,G
1,155630103,C,A
1,155630680,C,T
1,155638424,G,A
1,155642500,T,C
1,155629350,A,C
1,155629968,T,C
1,155631127,C,A
1,155630795,C,G
14,100705969,C,G
2,98349797,G,T
2,98351328,C,T
2,98351804,C,A
2,98351661,G,T
2,98341688,C,T
2,98351824,C,A
2,98354342,C,T
2,98354034,C,T
2,98340655,C,G
2,98351725,C,A
2,98350157,C,A
2,98354099,G,T
2,98354270,C,A
2,98340942,G,T
2,98351109,T,C
2,98341630,C,T
2,98355997,C,G
X,2407570,C,A
X,2406674,C,T
X,2406934,C,A
X,2407787,G,C
X,2408325,C,T
X,2406876,C,A
X,2406877,C,A
X,2407791,G,A
X,2407797,A,C
X,2406643,C,A
X,2407023,C,A
X,2408367,C,A
X,2407351,G,A
X,2406920,G,A
20,56191346,A,T
20,56188232,G,A
20,56179675,A,G
20,56186835,G,T
20,56186808,G,T
20,56188268,C,G
20,56191317,A,T
20,56185311,G,T
20,56179654,C,T
20,56179482,T,A
20,56186825,G,A
8,81431522,G,T
8,81411827,G,C
8,81412348,A,T
8,81412270,G,T
8,81426206,G,T
8,81426180,G,C
8,81399761,C,A
8,81412049,C,T
1,16268580,C,A
1,16271627,G,T
1,16269024,C,T
1,16270342,G,A
1,16269620,G,A
1,16272689,G,A
1,16268907,C,T
9,125682049,G,A
9,125681304,C,A
9,125681461,G,A
9,125680984,C,A
9,125682054,C,A
9,125681088,G,A
9,125681796,C,T
9,125681747,C,G
3,42701182,C,T
3,42703101,C,T
3,42705736,G,C
3,42701285,C,T
19,4055177,G,A
19,4047778,T,A
1,154987854,G,T
1,154988870,C,T
1,154989004,A,G
1,154989067,G,T
1,154988888,C,G
1,154987882,G,A
1,154988740,G,T
1,154987712,G,T
1,154988082,G,T
1,154987363,G,A
1,154988244,G,C
18,45566354,C,A
18,45555813,C,A
18,45566819,C,A
18,45555913,C,A
18,45566337,C,A
1,33116092,C,G
11,110035499,G,A
11,110036179,G,C
11,110035384,C,T
11,110036067,G,A
11,110036212,A,G
11,110035866,A,C
11,110023681,A,T
11,110035917,C,T
11,110036074,G,A
11,110007545,G,T
11,110007729,C,T
11,110023687,G,T
11,110035449,C,G
16,88643526,G,A
16,88688661,G,C
16,88644131,A,G
16,88689695,A,G
16,88695191,G,T
16,88644074,G,A
16,88694395,C,G
16,88643618,G,C
22,41742176,G,T
22,41745200,G,T
22,41751562,G,T
22,41728329,G,T
22,41736141,G,A
22,41752812,G,T
22,41752779,G,T
22,41734353,G,C
22,41737150,G,A
22,41739445,C,T
22,41742212,G,T
4,25351147,G,T
4,25334902,C,A
4,25366682,C,T
4,25370866,A,G
9,131484063,G,T
16,67433330,C,A
16,67428917,C,A
16,67441686,C,A
15,80412677,A,G
15,80423536,A,G
8,135524846,T,C
8,135614607,C,A
8,135615100,C,A
8,135615101,C,G
8,135622829,G,A
8,135614601,T,G
8,135614385,T,A
8,135649890,C,G
8,135533236,T,A
8,135613823,G,A
8,135614721,T,C
8,135612539,G,T
8,135614378,C,T
8,135600584,C,A
8,135600585,C,A
8,135612705,C,A
8,135614893,G,C
8,135490868,C,A
8,135614646,T,A
8,135614084,C,A
12,72013875,G,A
12,72017265,G,A
12,72057190,G,A
12,72004858,C,A
12,72014080,C,A
12,72038818,T,A
12,72056938,G,A
12,72025989,T,C
12,72056983,C,A
12,72007112,T,A
12,72036303,G,C
12,72051003,T,A
12,72027993,T,A
12,72009061,G,A
12,72007178,T,C
12,72021558,G,A
12,72038763,C,A
12,72024498,C,G
12,72026208,C,A
12,72050619,T,C
12,72036326,T,A
12,72018007,C,T
12,72017964,G,A
12,72057061,G,A
12,72004520,C,A
12,72017243,A,G
12,72027179,T,A
12,72008719,C,T
12,72027129,T,C
12,72022764,T,G
12,72036255,C,T
12,72050808,G,A
19,57061902,T,G
19,57065506,A,G
19,57061523,G,C
19,57051028,G,C
5,178359825,A,T
5,178359304,G,T
5,178359365,G,A
5,178359142,A,T
5,178359633,G,A
5,178359027,G,C
5,178358827,G,T
5,178359281,G,T
5,178358866,A,G
5,178339720,G,T
17,4996298,G,C
17,4995008,C,T
17,4994981,A,G
8,144332450,G,T
8,144332687,G,A
8,144331914,G,A
8,144332252,C,T
8,144332049,G,A
11,64854853,G,A
11,64853941,C,T
19,3822144,T,C
19,3823279,C,G
19,3822106,C,T
19,3813919,G,T
19,3834883,G,T
19,3831427,T,A
19,3831717,G,A
19,3834935,T,C
19,3816706,C,A
10,99518990,C,T
10,99504558,G,T
20,62340199,G,T
20,62366088,C,A
20,62364617,C,T
20,62366093,G,T
20,62365055,G,C
20,62364587,G,T
20,62366802,G,T
20,62364705,G,T
16,25268346,G,C
16,25255481,C,T
16,25251865,T,C
16,25251953,C,T
16,25258612,C,A
16,25268403,C,G
16,25258513,T,C
16,25268367,C,T
16,25251549,T,A
16,25255245,C,A
16,25264296,T,A
16,25251807,T,C
16,25255428,C,A
16,25268335,C,G
16,25251106,T,A
16,25251490,T,C
16,25258712,C,T
16,25255331,G,A
X,101139699,T,A
X,101152922,C,T
X,101138621,A,C
X,101138656,T,A
X,101153127,C,A
X,101139127,T,G
X,101138518,C,A
X,101138771,C,A
X,101152935,C,A
X,101153123,T,A
1,40747027,C,T
1,40747027,C,T
1,40723841,C,G
1,40734155,G,A
1,40737572,G,C
1,40723960,C,T
1,40737629,G,C
1,40756559,G,T
1,40758147,C,T
13,20579273,A,G
13,20605470,G,T
13,20579354,G,T
13,20659979,A,T
13,20577162,G,C
13,20608525,G,C
13,20656961,G,T
3,50379537,T,C
3,50380773,C,T
3,50382591,G,A
10,267199,T,A
10,294440,G,A
10,294355,T,C
10,283612,C,G
10,226021,G,T
10,255922,A,T
10,225956,G,A
10,255971,T,A
17,4644954,G,A
17,4647142,G,C
17,4645685,G,C
17,4648196,G,A
17,4648623,C,T
19,21950308,A,G
19,21909963,C,A
19,21910398,C,A
19,21910399,C,A
19,21950326,G,C
19,21909902,T,C
19,21909431,A,T
19,21910334,G,A
19,21926894,C,A
19,21934092,A,G
19,21909994,T,G
19,21910505,T,C
7,64168707,A,T
7,64166746,A,G
7,64168343,G,A
7,64168798,A,G
7,64168663,G,T
7,64168595,G,T
7,64167308,T,C
7,64167094,G,T
7,64167419,G,T
7,64168264,G,A
7,64166700,A,T
7,64168335,C,A
7,64166760,C,G
7,64166863,C,T
7,64167095,G,A
7,64167291,T,C
7,64168599,A,T
7,64168600,G,A
7,64167706,A,G
7,64167304,A,T
7,64167704,C,T
7,64168066,C,G
7,64168253,A,T
7,64168157,G,T
7,64168858,G,T
19,58945293,C,G
19,58944982,C,T
19,58945414,C,G
19,58945666,C,G
19,58945763,C,G
19,58945489,T,C
19,58945522,G,T
19,12298301,G,T
19,12273953,G,T
19,12273958,G,T
19,12297713,G,A
19,12298427,A,T
19,12296974,G,A
19,12297668,G,C
19,12298356,G,T
12,133683172,C,G
12,133659795,A,C
16,3452086,G,C
16,3458664,G,C
16,3454806,G,T
16,3454445,G,T
16,3458971,C,T
16,3458578,A,G
19,52091501,A,G
19,52091153,A,T
19,52090622,G,A
19,52090721,C,T
19,52076411,A,G
19,52090586,C,T
19,52091760,C,A
19,52090627,C,A
19,52090283,C,T
X,152083041,T,G
X,152083306,G,A
X,152083700,G,T
X,152087526,G,C
X,152086639,T,A
X,152088940,C,A
X,152101461,C,T
11,3380601,C,G
11,3381717,C,A
11,3381315,A,T
11,3380968,C,A
11,3392922,C,T
11,3380816,G,A
11,3380818,C,T
11,3381280,T,A
11,3381449,C,G
11,3392868,G,A
11,3381328,C,A
11,3380864,C,G
16,71509851,C,A
16,71512219,C,A
16,71509188,G,C
16,71509189,C,T
16,71509360,T,C
16,71512893,C,G
16,71509705,C,G
16,3168975,G,A
16,3170215,C,T
17,30689982,C,G
17,30677204,G,T
17,30688512,C,G
17,30696361,G,T
17,30677262,G,A
7,148951158,C,G
7,148947288,C,G
7,148950880,C,G
7,148947854,A,C
7,148947848,A,T
7,148947615,G,T
7,148951187,G,C
14,21558875,C,A
14,21558621,T,C
14,21560060,C,A
14,21561118,C,A
19,44611317,G,A
19,44611268,G,C
19,44610912,G,T
19,44604977,G,T
19,44605359,C,G
19,44605073,C,T
19,44604975,G,C
19,44739572,G,T
19,44738938,A,G
19,44732557,G,C
19,44740634,G,T
19,44732901,T,A
19,44739918,C,G
19,44740270,C,G
19,44739160,A,C
19,44739842,C,A
19,44777052,G,A
19,44771144,G,A
19,44777742,G,A
19,44778629,T,A
19,44777592,C,T
19,44778388,C,T
19,44778566,G,A
19,44777994,G,C
19,44771205,C,A
19,44778728,C,A
19,44778564,G,A
19,44778041,A,C
10,44053474,T,A
10,44052872,C,A
10,44052018,T,A
10,44052848,C,A
10,44053404,T,C
10,44053086,C,A
10,44052263,T,C
10,44052824,T,C
10,44053539,C,G
10,44052834,C,A
10,44053267,C,A
10,44052539,T,C
8,145947374,C,A
8,145947717,C,T
8,145948486,C,G
8,145948540,T,A
8,145947114,C,T
8,145947736,C,A
8,145947275,C,A
8,145948227,G,C
8,145948533,C,A
19,22271883,C,T
19,22271507,G,A
19,22272062,C,G
19,22255608,C,A
19,22271585,C,G
19,22272138,A,G
19,22271976,C,T
19,22270984,G,T
19,22271945,G,T
19,22270955,C,A
19,22272257,C,A
19,22271471,A,C
19,22255610,G,C
19,22270820,G,C
19,22255680,C,G
19,22270889,T,C
19,22256291,G,T
19,22271347,C,A
19,22271202,C,A
19,22256306,C,G
19,22272135,C,T
19,22271550,G,C
19,22272228,C,A
19,22270960,T,A
19,22272170,G,T
19,22271685,G,T
19,22235364,C,T
19,22271877,G,C
19,22271699,C,A
19,22271502,A,G
19,22235432,G,T
10,38242683,T,C
10,38241751,T,C
10,38246392,T,C
10,38241138,C,A
10,38246347,C,A
10,38241506,C,A
10,38241154,C,A
10,38241647,C,G
10,38245973,T,C
10,38246389,T,A
10,38260677,A,G
10,38246370,G,T
X,152612745,G,T
X,152612393,G,C
X,152612793,C,T
X,152612643,C,A
X,152613191,G,C
X,152613207,G,T
X,152613062,G,C
X,152610221,G,A
1,200376956,G,C
1,200377053,T,A
1,200376921,G,A
1,200378175,T,A
1,200376396,T,A
1,200377927,G,T
5,150276329,C,T
5,150276503,A,G
5,150275752,T,A
5,150275333,C,T
5,150275758,G,T
5,150276098,G,A
5,150276251,A,C
5,150276360,C,A
5,150276158,T,C
19,57867768,A,G
19,57867973,G,C
19,57867973,G,C
19,57868115,A,T
19,57868146,A,T
19,57869299,G,T
19,57867553,G,T
19,57865133,G,T
19,57863063,C,T
19,57869260,A,G
19,57867715,G,T
19,57869098,G,C
19,57868948,A,G
19,57862925,G,T
19,57868288,G,T
19,57868358,G,C
19,57865150,C,A
19,57867648,G,T
19,57868710,G,T
19,57868711,C,T
19,57868090,G,T
19,57867855,C,T
20,44578493,C,G
20,44582325,C,T
20,44588902,G,C
20,44598229,G,A
20,44590776,C,A
20,44598228,C,A
20,44590736,C,A
20,44594382,C,A
20,44592118,C,A
20,44596595,C,G
20,44578436,C,T
20,44592630,C,T
20,44586501,C,A
20,44578472,C,T
20,44596133,C,T
20,44594372,G,A
20,44580851,C,A
20,44598351,A,G
10,38305835,G,T
10,38343844,C,G
10,38353108,A,T
10,38343357,A,T
10,38343493,G,T
10,38345076,G,T
10,38345105,A,G
10,38343714,A,T
10,38344866,G,T
10,38343873,A,G
10,38344212,G,T
10,38305895,C,T
10,38299603,G,C
10,38344520,A,C
10,38343994,G,T
10,38344867,G,T
10,38344077,C,T
10,38344224,G,C
10,38305840,G,T
10,38343813,G,A
10,38344464,G,A
10,38345022,G,T
10,38345510,G,T
10,38343873,A,T
10,38343661,T,C
10,38343994,G,C
10,38344699,G,A
19,52472344,C,T
19,52477654,C,T
19,52469189,G,A
19,52468573,T,A
19,52468935,T,A
19,52468079,C,T
19,52468138,T,C
19,52472297,C,A
19,7585855,G,T
19,7584982,A,T
19,7585565,C,A
19,7585281,G,T
19,7585782,G,T
10,64429973,T,A
10,64219554,G,C
10,64415347,C,A
10,64425962,G,T
10,64159576,C,A
10,64136115,G,A
10,64136374,G,A
10,64239687,A,C
10,64136086,C,T
10,64415371,A,G
10,64136068,G,A
10,64158504,A,T
10,64136480,T,C
10,64159496,T,C
10,64136310,G,A
10,64148220,G,A
10,64136037,C,A
10,64136074,C,T
10,64136571,A,G
10,64159473,G,T
10,64159552,G,C
10,64136463,G,T
10,64136238,C,A
10,64403643,C,T
9,99160522,G,T
9,99160577,C,A
9,99157136,G,T
12,54767848,G,C
12,54765456,C,T
2,180307922,G,A
2,180634376,C,A
2,180308037,C,G
2,180634429,G,C
7,99669538,T,C
7,99674999,C,T
7,99669593,C,A
7,99669594,G,A
7,99669713,G,A
7,99669784,G,A
19,58005450,A,T
19,58003818,G,T
19,58004507,G,T
19,58002838,G,T
19,58003815,T,A
19,21365467,G,T
19,21366647,G,C
19,21366002,G,C
19,21350417,A,G
19,21366322,G,T
19,21365588,A,G
19,21324931,C,A
19,21366070,G,T
19,21366071,G,T
19,21366536,T,G
19,21366254,G,T
19,21366255,G,T
19,21366545,G,C
1,23693616,C,T
1,23689076,G,C
1,23698080,G,A
1,23688970,C,A
1,23689281,C,G
1,23696036,G,A
1,23693626,G,A
1,23688996,G,A
1,23689527,G,T
1,23688594,G,A
1,23697872,C,G
1,23689411,C,T
1,23688330,T,A
10,31138002,T,A
10,31138643,G,T
10,31137881,T,G
10,31139001,C,A
10,31133857,G,T
10,31137569,C,T
10,31137626,C,A
10,31134418,C,A
10,31134354,C,A
10,31138896,A,G
10,31138073,C,A
10,31134132,C,A
10,31138374,T,A
10,31133816,C,A
10,31134022,C,A
19,12461886,C,A
19,12460637,G,T
19,12474456,G,A
19,12461717,C,A
19,57037102,T,G
19,57036021,A,T
19,57027713,C,G
19,57037085,A,G
19,57037372,C,G
5,121488898,G,T
5,121488479,A,C
5,121488259,G,A
5,121488446,T,C
5,121488214,C,T
5,121488874,A,T
5,121487999,G,T
5,121487887,C,A
5,121488198,T,G
9,95609655,C,G
9,95609798,T,A
9,95609812,C,A
9,95610478,T,A
9,95637323,C,T
9,95608877,T,C
9,95609375,G,C
9,95610574,G,C
9,95609412,C,A
9,95609741,C,A
9,95609090,C,G
19,12719994,C,T
19,12691789,C,T
19,12691673,G,A
19,12691647,G,C
1,247492105,C,A
1,247492745,G,A
1,247464180,C,T
1,247464362,C,A
1,247463920,G,A
1,247492575,C,T
1,247464447,C,T
1,247492785,C,T
1,247492594,C,A
1,247492125,C,A
1,247463849,C,G
1,247492824,C,A
1,247471885,G,C
1,247464222,C,T
1,247492647,C,T
1,247492753,C,A
1,247492661,C,T
1,247464125,T,G
1,247464298,C,A
1,247464299,C,A
1,247464565,C,A
1,247464316,C,A
1,247473695,C,A
1,247464416,C,G
1,247463969,C,A
16,4812313,C,A
16,4815785,C,G
16,4802726,C,T
16,4815851,G,A
16,4815625,C,A
19,19906313,C,G
19,19906467,T,A
19,19905283,C,T
19,19932491,G,T
19,19905881,A,G
19,19932470,T,A
4,10445100,C,A
4,10445616,C,A
4,10446391,T,A
4,10447805,C,A
4,10445956,C,T
4,10445154,C,A
4,10446124,T,A
4,10446036,C,A
4,10447569,C,G
4,10446546,C,A
4,10446410,C,G
4,10446974,T,C
4,10445923,C,A
4,10445318,G,C
4,10447452,G,A
4,10444773,T,C
4,10445675,C,G
4,10445615,C,A
4,10445616,C,A
4,10445794,G,T
4,10447119,T,C
4,10446863,A,G
18,22807555,C,A
18,22805247,C,G
18,22805797,G,A
18,22807473,C,T
18,22805191,C,A
18,22806582,C,A
18,22804827,C,A
18,22806823,G,T
18,22804959,T,C
18,22805706,G,T
18,22804792,G,A
18,22806254,C,A
18,22807073,G,T
18,22807426,A,C
18,22806076,C,A
18,22806077,C,A
18,22806833,C,A
18,22807008,C,A
18,22807248,G,T
18,22804642,C,G
18,22804575,C,A
18,22807254,C,A
18,22805950,T,A
18,22805951,G,T
18,22806812,G,A
18,22932064,G,T
18,22804890,G,A
18,22806795,G,C
18,22807168,C,G
18,22804767,C,A
18,22804769,T,A
18,22805674,G,T
18,22807071,C,A
18,22807613,G,A
18,22804948,T,G
18,22642526,G,T
18,22805578,C,T
18,22807491,T,C
18,22804498,C,T
18,22805488,C,T
18,22806338,C,A
18,22805046,G,A
18,22806842,A,G
18,22805060,G,T
18,22806450,G,T
18,22901976,C,A
18,22806393,G,A
18,22805253,C,A
18,22806187,A,G
18,22806904,G,T
18,22806029,T,G
18,22806148,G,C
18,22807514,C,A
18,22806021,G,A
18,22775175,C,A
18,22775176,C,A
18,22806052,C,T
18,22807148,G,T
18,22807089,T,A
18,22805128,G,T
18,22807050,G,A
18,22805561,T,A
18,22804736,C,T
18,22805482,G,A
18,22806774,T,A
18,22804919,C,G
18,22804988,C,G
18,22805974,A,C
18,22806155,T,G
18,22804461,A,T
18,22804462,G,A
18,22804516,C,T
18,22804706,T,A
18,22807111,G,T
18,22804503,T,A
18,22807622,G,A
18,22669505,G,T
18,22932076,C,T
18,22805910,C,G
18,22807496,C,A
18,22902056,C,A
18,22804644,G,T
19,56114231,C,T
19,56114233,A,T
19,56114114,G,T
19,56113825,G,C
19,56114130,A,G
19,37038046,G,C
19,38102961,A,T
19,38089335,G,T
19,38104174,A,T
19,38102699,C,G
19,38089281,C,G
19,38102542,G,C
19,38104153,A,T
19,38103085,A,G
19,38104045,C,G
19,38102901,G,C
19,58199618,A,G
19,58196642,G,T
19,58196753,G,T
19,58199379,G,C
19,58198679,T,C
19,58199621,C,T
19,58198441,T,G
19,58199705,G,T
19,58198259,C,T
19,58319622,G,C
19,58319635,A,G
19,58320115,C,T
19,58319454,G,T
19,9721178,G,A
19,9721688,C,A
19,9721689,C,A
19,9763741,G,C
19,36673763,C,A
19,36674505,G,A
19,37210750,G,T
19,37210563,G,A
19,37210542,G,T
19,37211274,G,T
19,37210704,A,T
19,37209995,C,A
19,37203335,G,T
19,37210634,G,T
19,37211364,C,G
19,37210537,C,T
19,37209889,A,G
19,37210123,G,T
19,37975148,C,T
19,37974962,C,G
19,37975292,C,T
19,37975783,G,T
19,37975989,C,T
19,37975236,A,T
19,37975731,C,T
19,37975360,G,T
19,37975908,C,T
19,38055625,G,A
19,38056962,G,C
19,38056663,A,G
19,38055973,C,A
19,38056034,T,A
19,38055907,C,G
19,38077359,C,A
19,38055979,C,T
19,38055807,T,A
19,38055732,T,G
19,56895314,C,T
19,56895447,C,G
19,56895924,A,T
19,56895530,C,A
19,56895292,T,A
19,56904853,C,G
19,56895542,C,G
19,56904848,G,T
19,56896146,G,T
19,56896007,C,G
19,56901391,C,A
19,58927210,G,T
19,58928347,G,T
19,37676467,C,A
19,37680982,T,A
19,37676140,T,A
19,37697999,C,A
19,37676536,C,A
19,37678004,G,C
19,37676265,T,G
19,37677113,G,A
19,37678134,C,G
19,37678135,A,T
19,37676193,C,A
19,37676230,G,A
19,37676893,G,C
19,37677006,C,G
19,37677025,C,A
19,37676971,C,G
19,37677515,A,T
19,37698043,T,A
19,58290693,C,T
19,58290976,G,T
19,58287980,C,A
19,58290168,G,A
19,58291139,A,T
19,58371624,T,C
19,58371288,C,T
19,58370797,C,T
19,58361505,G,A
19,58371380,A,C
19,58371600,C,G
19,58370928,G,T
19,58361416,G,T
19,58361402,G,A
19,58371582,A,G
8,195623,C,A
8,195577,A,G
16,3490921,A,G
16,3493140,G,T
16,3493189,A,T
16,3493134,G,A
16,3490906,C,G
16,3487213,G,T
17,16526153,G,T
17,16527816,C,T
17,16526756,T,C
17,16526104,T,C
17,16525928,C,A
17,16527059,T,C
17,16526281,T,C
17,16525829,T,C
17,16527049,C,T
17,16526384,G,A
17,16527375,G,A
19,11728364,C,T
16,30794329,G,T
16,30794693,C,T
16,30793474,G,A
16,30793208,C,A
16,30793054,T,A
X,47917869,C,G
X,47920238,C,G
X,47918714,T,G
X,47918444,C,A
X,47919181,G,T
X,47919879,C,A
X,47919880,C,A
X,47918087,C,A
X,47919084,G,A
2,71591170,G,T
2,71577302,A,G
2,71576910,G,T
2,71633387,A,T
2,71591192,A,T
2,71629097,A,C
2,71591219,G,C
2,71592748,C,G
2,71632734,G,T
2,71576075,G,A
2,71590316,G,A
2,71626765,G,A
2,71576136,C,T
2,71662004,T,G
2,71654429,G,C
2,71592757,G,T
2,71615812,G,A
2,71662005,C,T
2,71577285,G,T
2,71591198,A,T
2,71650870,C,G
2,71590292,T,C
2,71654172,C,T
2,71631126,G,A
2,71650506,C,G
2,71576193,A,G
2,71627288,C,G
2,71650945,C,G
1,91403085,C,A
1,91404020,G,T
1,91406762,G,C
1,91405265,C,A
1,91405102,C,T
1,91406850,C,A
1,91447911,C,T
1,91406639,T,A
1,91403432,G,A
1,91382337,T,G
1,91405710,T,A
1,91382454,C,A
1,91404899,G,A
1,91405243,C,G
1,91405405,C,A
1,91403192,T,A
17,47390144,G,C
17,47390085,C,A
17,47394859,C,T
17,47388720,A,C
17,47376242,T,A
17,47376118,C,A
17,47390081,G,A
9,40773252,G,T
9,40774673,A,G
9,40774284,G,T
9,40772948,G,T
9,40772845,G,A
9,40774115,G,C
9,40772696,G,T
9,40784563,G,T
9,40772742,C,T
9,40773144,G,T
9,40773136,C,A
9,40772501,T,A
9,40774258,C,T
9,40789291,G,T
9,40772665,G,A
9,40774437,G,T
9,40774523,A,G
9,40789393,G,T
9,40772467,A,T
9,40789268,T,G
12,124497156,C,T
12,124496966,G,T
12,124496642,G,T
12,124497004,C,T
12,124496938,G,T
12,124497263,G,C
12,124496713,T,G
12,124497351,C,G
19,58238788,G,C
19,58232120,C,T
19,58231742,G,T
19,58231624,T,C
19,58231893,T,C
19,58231901,C,T
19,58232065,G,A
19,58231920,A,T
19,58232781,C,T
19,58232868,C,T
19,23837472,T,A
19,23837315,C,A
19,23845011,C,A
19,23836135,T,A
19,23836222,C,A
19,23845835,C,A
19,23836495,G,A
19,23836621,C,A
19,23837315,C,A
19,23845921,G,C
19,23869938,G,A
19,23836279,C,A
19,23836246,T,C
1,227843036,C,G
1,227842533,A,T
1,227843479,A,C
1,227842658,C,T
1,227843408,A,G
1,227843344,G,A
1,227843182,G,T
1,227843428,G,T
1,227842427,G,T
1,227843189,T,G
1,227843491,G,T
1,227838768,G,T
1,227842107,A,T
1,227838768,G,T
7,63982213,C,A
7,63981790,T,A
7,63982531,T,C
7,64004766,C,A
7,64004155,C,G
7,64004736,C,A
7,64004747,T,A
7,63982389,T,C
7,64023457,C,A
7,64023458,C,A
7,63981936,A,T
7,63982109,C,A
7,63982111,T,A
7,63982477,G,A
7,63982254,G,A
7,63981860,A,G
7,63982757,A,G
7,64004715,C,T
1,41012466,C,T
1,41012295,G,A
1,41012799,G,T
1,120165431,C,T
1,120166657,G,A
1,120165639,C,T
1,120168693,C,A
1,120168552,C,A
1,120166700,C,G
1,120165529,C,T
19,53472546,C,T
19,53473707,G,T
19,53473810,C,A
19,53473687,G,C
19,53473734,G,C
19,53484168,C,A
19,53473049,G,A
19,53484207,G,T
19,53473326,T,A
8,37555443,G,A
22,24086231,C,T
22,24086502,G,C
22,24087219,G,A
22,24086753,C,A
22,24087275,C,A
22,24087099,G,A
22,24086927,G,A
15,90611280,A,G
15,90611352,G,T
15,90610771,G,T
15,90623002,G,A
15,90611029,A,T
15,90610367,G,A
4,124474,C,T
4,155019,G,T
4,154962,A,T
4,154780,G,T
4,155785,A,T
4,155318,A,C
4,155309,T,C
4,155375,A,T
16,31734648,G,T
16,31734625,G,T
16,31734594,A,T
19,20727634,C,A
19,20727575,C,A
19,20727915,C,T
19,20727897,C,A
19,20736525,C,A
19,20727617,C,A
19,20727892,C,G
19,20728561,A,C
19,20727531,G,A
19,20728564,T,C
22,20755021,G,C
22,20761064,G,T
22,20754938,A,C
22,20749701,G,T
22,20759945,G,A
22,20759683,G,T
22,20760303,C,T
19,12087895,G,T
19,12089450,T,A
19,12087964,A,T
19,12090597,G,T
19,12090647,A,G
19,12090458,G,T
19,12088997,G,T
19,52772824,G,C
19,52794138,G,A
19,52793794,G,A
19,52793735,G,C
19,52785408,G,C
6,35260751,A,T
6,35260373,G,A
6,35258421,C,T
6,35261526,A,T
6,35260463,G,T
6,35260490,A,G
19,40580207,T,A
19,40581425,C,A
19,40581559,G,A
19,40581097,C,T
19,40580836,C,A
19,40581599,T,A
19,40580817,C,G
19,40587775,C,T
19,40580555,C,T
19,38028151,C,T
19,38028480,G,T
19,38024289,G,T
19,38028332,A,T
19,38028084,G,C
19,38028095,G,T
19,53995855,G,T
19,53994017,C,T
19,53994626,G,A
19,53989948,C,G
19,53994790,G,T
19,53994393,G,C
19,53994330,C,G
19,53994808,G,C
19,53994225,G,T
19,53994890,G,T
19,53989993,T,C
19,53994554,G,A
19,53995063,A,T
19,53993751,G,T
19,53989968,A,G
4,146807039,C,A
4,146823920,T,A
4,146806894,C,A
4,146813419,C,T
4,146813557,C,G
4,146813424,G,C
4,146823533,T,A
4,146696992,C,G
4,146806953,C,A
4,146791527,G,A
4,146686250,T,A
4,146823717,C,G
4,146770534,T,C
4,146807068,C,A
4,146770684,T,G
4,146696969,C,G
4,146770558,C,A
4,146823697,C,A
4,146770520,C,G
4,146806880,C,G
4,146807096,C,A
20,57767204,G,A
20,57768774,G,C
20,57769036,C,G
20,57767559,C,T
20,57768079,G,T
20,57768030,T,A
20,57766224,C,A
20,57829372,G,C
20,57766549,C,G
20,57768837,C,T
20,57769599,C,A
20,57768318,G,T
20,57828094,G,A
20,57829576,C,T
20,57769381,C,T
20,57767445,C,T
20,57767782,C,T
20,57766303,C,T
20,57768659,C,A
20,57771017,C,T
20,57767353,G,T
20,57767489,C,A
20,57768489,C,A
20,57829259,G,T
20,57766386,G,A
20,57769519,G,C
20,57766376,G,T
20,57829818,T,A
20,57766576,G,T
20,57829668,C,G
20,57768085,G,C
20,57829482,G,T
20,57768035,C,A
20,57766624,C,T
20,57766653,G,T
20,57768476,G,A
20,57769378,G,T
20,57769446,G,T
20,57768208,G,T
20,57767984,C,T
20,57769371,C,A
20,57766530,C,T
20,57766531,T,G
20,57829581,C,A
20,57766770,C,A
20,57767137,C,G
20,57769045,A,G
20,57766108,C,A
20,57767923,C,A
20,57829709,A,T
20,57768951,A,T
20,57829823,G,T
20,57829499,T,G
20,57766579,G,T
20,57768614,C,A
20,57829409,T,A
20,57829460,C,T
20,57766943,T,C
20,57829393,G,C
20,57766072,G,A
20,57829275,T,C
20,57766244,C,A
20,57769446,G,A
20,57769659,C,A
20,57766805,G,C
20,57766928,T,C
20,57766453,G,T
20,57828182,C,T
20,57767499,G,A
20,57769285,G,A
20,57767332,G,T
20,57769697,C,A
20,57769383,G,T
20,57769595,T,G
20,57768130,G,T
20,57829542,G,T
20,57766620,G,T
20,57769634,G,T
20,57829644,T,C
20,57766700,C,T
20,57829836,G,T
20,57769092,G,C
20,57768421,C,G
20,57769224,G,T
20,57767244,C,A
20,57767077,C,A
20,57767569,G,A
20,57828976,G,T
20,57769423,G,T
20,57767170,C,T
20,57769142,G,A
20,57769769,C,A
20,57769637,T,A
20,57768946,T,A
20,57829094,G,T
20,57829699,C,A
20,57766799,C,T
20,57829030,A,T
20,57768321,C,A
20,57768439,G,T
20,57767550,C,G
20,57829043,C,A
20,57829962,C,T
20,57766574,C,T
20,57768689,G,T
20,57829560,G,C
14,102792955,C,T
14,102792914,A,T
19,53117856,G,A
19,53138365,C,A
19,53117736,G,C
19,53117543,T,C
19,53117519,T,A
19,53857102,G,A
19,53854579,T,C
19,53856851,G,C
19,53855182,G,T
19,53854476,G,C
19,53855116,A,T
19,53854458,C,T
19,53857024,G,T
19,53857013,G,A
19,53855009,G,T
19,53856660,G,C
19,53855272,C,T
19,53857201,A,G
19,53855101,C,G
19,53856090,G,T
19,53855530,G,C
19,53854728,G,T
19,9872820,C,A
19,9869104,T,A
19,9868262,T,C
19,52887983,G,T
19,52876489,G,T
19,52887268,A,G
9,115759674,C,T
9,115760149,C,T
9,115760036,T,C
19,58806340,G,T
19,58805952,A,G
19,58806302,A,G
19,58805974,A,G
19,58806844,G,T
19,58806789,G,A
19,58805982,G,T
19,58806148,G,T
19,58806613,C,G
7,64863289,G,C
7,64864225,G,T
7,64863949,A,G
7,64852854,C,G
7,64864036,G,T
7,64863891,A,T
7,64852924,G,A
19,20026089,G,T
19,20027404,C,T
19,20044841,T,C
19,20044521,G,T
19,20027413,G,T
19,20044023,C,A
20,47888227,T,C
20,47896877,G,A
20,47869364,G,C
20,47895497,C,T
20,47888276,C,A
20,47879868,T,C
20,47865476,G,A
20,47870316,C,A
20,47870317,C,A
20,47879979,T,C
20,47863686,A,G
20,47888037,C,T
20,47886812,C,G
20,47881281,G,A
20,47886918,G,C
20,47865914,C,A
20,47887258,C,A
20,47887190,C,G
17,34842563,G,T
17,34842536,A,G
17,34849832,C,G
17,34842538,A,G
1,86172125,C,A
1,86173680,C,A
1,86173681,C,A
7,76069856,C,G
7,76054473,G,T
7,76058691,A,C
7,76058924,G,C
7,76062954,G,T
7,76054523,T,A
7,76062965,G,C
1,33945143,G,T
1,33958841,A,T
1,33945041,G,A
1,33945118,T,C
1,33945119,G,T
1,33954745,C,T
1,33945125,G,T
1,33960237,C,A
1,33957077,G,T
1,33960193,G,T
1,33959961,G,C
1,33960313,G,T
1,33956991,A,G
1,33956744,C,T
1,33957208,G,T
1,33957209,G,T
1,33959145,G,T
1,33959146,G,T
1,33960937,A,T
7,99654881,C,T
7,99661578,C,T
7,99661464,G,C
7,99662084,G,A
20,44512223,A,G
20,44511423,G,T
20,44505409,G,T
20,44506136,C,T
20,44506100,C,T
20,44505942,G,C
20,44505912,G,C
20,44505598,C,T
20,44507303,A,C
20,44506050,G,T
20,44505372,G,T
20,44507237,G,T
20,44505453,G,A
20,44507109,C,A
20,44507231,G,T
17,15881310,C,T
11,113608401,C,A
11,113644417,G,C
11,113639658,T,A
11,113631282,C,G
11,113644334,C,A
11,113610085,G,C
11,113614613,C,A
11,113644388,T,C
11,113631271,C,A
15,66797595,G,C
15,66811350,G,T
15,66813504,G,A
15,66832443,C,T
15,66807973,G,C
15,66797704,G,C
15,66821249,G,A
15,66811398,T,C
7,143079711,A,T
7,143079777,G,T
7,143085736,C,T
7,143079991,G,T
7,143085652,C,T
7,143078812,C,T
12,53715132,C,A
19,1057026,G,A
19,1057320,A,T
19,1063571,G,A
19,1061853,G,C
19,1063638,G,T
19,1049420,G,T
19,1055931,G,A
19,1054810,C,T
19,1054225,G,A
19,1055121,G,T
19,1061873,G,T
19,1061793,C,T
19,1053825,A,C
19,1044633,C,A
19,1043816,C,G
19,1041230,C,T
19,1043466,G,C
19,1052101,C,A
19,1055905,G,T
19,1045163,G,C
19,1041907,A,G
19,1056422,G,T
19,1059036,G,C
19,1046335,C,A
19,1065435,C,G
19,1058239,A,G
19,1054593,G,T
19,1056364,G,T
10,101610458,A,G
10,101578665,A,C
10,101564028,C,G
10,101590192,T,C
10,101560265,G,T
10,101544463,C,A
10,101606844,G,T
10,101559009,G,C
10,101606720,C,A
10,101595847,G,T
10,101603570,G,T
10,101604182,T,G
10,101591418,G,T
10,101595910,C,A
10,101578648,G,C
10,101595953,C,T
10,101605389,G,C
10,101594239,C,A
10,101611400,A,G
10,101560182,G,A
11,134126982,G,A
11,134129553,A,G
11,134129012,G,T
11,134128465,G,C
11,134131010,G,C
11,134131719,G,T
11,134132438,C,T
17,40063719,G,A
17,40070044,C,A
17,40070111,T,C
17,40030157,T,A
17,40034439,C,T
20,44477211,G,A
11,47269242,G,C
11,47267033,G,A
11,47261647,G,A
11,47267153,G,A
11,47261720,G,A
X,108926642,A,G
X,108926833,C,A
X,108911376,C,A
X,108902739,C,A
X,108902654,C,A
X,108924287,C,A
X,108904811,G,T
10,90699439,G,T
10,90699209,G,C
10,90695009,G,A
10,90707082,C,G
10,90699218,G,A
10,90733067,C,A
10,104243940,C,G
10,104247959,C,T
10,104240541,C,A
10,104247996,C,A
10,104241929,C,A
10,104241875,C,T
7,152517413,C,G
7,152550643,G,T
7,152480280,A,T
7,152497649,A,C
7,152549293,C,T
7,152551607,G,T
7,152551558,G,T
7,152549306,C,T
7,152549330,G,A
7,152517482,G,T
7,152517526,A,T
1,155030771,C,G
1,155029447,C,T
1,155030164,G,T
1,155030752,G,A
1,155030618,T,G
1,155034982,C,T
1,155030756,G,C
1,155030407,G,A
2,9676905,T,G
2,9666271,C,T
2,9630407,A,G
2,9630449,C,G
2,9666321,C,A
2,9676042,T,A
2,9633917,C,T
2,9683351,G,A
5,178699960,G,T
5,178555076,T,A
5,178552069,G,T
5,178634557,C,A
5,178552018,G,T
5,178552041,G,T
5,178552120,G,T
5,178553074,C,A
5,178540919,G,T
5,178634575,G,A
5,178540864,T,A
5,178585817,A,T
5,178541263,A,T
5,178634669,G,T
5,178585744,A,C
5,178552098,G,T
5,178551983,G,T
5,178551984,G,T
5,178585795,G,T
5,178552041,G,T
5,178581153,C,T
5,178555068,G,T
5,178559242,C,T
5,178554960,C,T
5,178580565,A,G
5,178700001,G,T
5,178699972,C,A
5,178548712,T,C
5,178556978,C,A
5,178559231,C,A
5,178557085,C,T
5,178555091,G,A
5,178634682,G,A
5,178581891,G,A
5,178541268,T,C
5,178552074,G,A
5,178559281,C,G
5,178699950,G,T
5,178555039,G,T
5,178552142,A,T
5,178541012,G,A
5,178553074,C,A
5,178553022,G,T
5,178548720,G,T
5,178634657,C,T
1,161167827,C,A
1,161161117,C,T
1,161165959,A,T
1,161165369,G,T
1,161163924,T,A
1,161168182,G,T
1,161166039,C,G
1,161165373,A,C
1,161161242,C,A
1,161166389,C,A
1,161166302,T,A
1,161163070,G,A
1,161163935,G,T
1,161163875,G,T
1,161165357,A,G
1,161166644,C,T
1,161165308,G,C
1,161168258,G,A
1,161165312,C,A
4,100002601,C,A
4,100009929,C,A
4,99996201,C,G
4,100009932,C,A
7,44146464,C,T
7,44152274,C,T
7,44144413,G,A
7,44151804,G,A
7,44150680,G,T
7,44150429,C,T
7,44149663,C,T
7,44148746,C,T
7,44150783,T,C
7,44146278,G,T
7,44153353,C,G
7,44151646,G,C
7,44153412,C,A
7,44149709,C,T
7,44148933,G,C
7,44146316,C,T
7,44147283,G,A
7,44150555,A,T
7,44152247,T,A
7,44152609,C,T
7,44149642,C,A
7,44153462,C,A
7,44149840,C,A
7,44150526,C,G
7,44153237,C,A
7,44149840,C,T
7,44152230,G,C
7,44150655,C,A
7,44151897,C,A
7,44152432,C,T
4,88029353,C,T
4,87968555,A,T
4,87968334,C,T
4,88048269,A,T
4,87968821,G,T
4,88035722,G,T
4,88036412,G,C
4,88035845,C,T
4,88029317,A,T
4,87967859,G,T
4,88055667,C,T
4,87968671,C,T
2,27278902,C,G
2,27282185,C,G
2,27275819,G,A
2,27278976,C,T
2,27293105,C,A
2,27280267,G,T
2,27292958,A,T
2,27281274,C,T
2,27278943,T,C
X,119048729,G,A
X,119053906,C,T
X,119037569,C,G
X,119037528,A,G
X,119053913,G,T
17,55193488,C,T
17,55184186,T,C
17,55184187,C,A
17,55183939,G,T
17,55183940,C,A
17,55194219,A,C
17,55195744,G,A
17,55183864,G,C
17,55193622,G,C
17,55193519,G,T
17,55193573,G,T
17,55191939,G,T
17,55183810,G,A
17,55183651,C,G
17,55193506,G,T
17,55184117,C,T
17,55193488,C,T
1,46032833,G,C
1,46033774,G,T
1,46027475,T,C
7,134222405,G,A
7,134221871,T,A
7,134222393,C,A
7,134216769,G,T
7,134225943,C,T
7,134216764,A,G
7,134215442,A,G
7,134215482,G,T
7,134215412,G,T
7,134222969,G,C
7,134225855,G,A
7,134216666,C,T
7,134212696,C,A
7,134223009,C,A
7,134221408,G,A
1,19633532,A,G
1,19632559,C,T
1,19633591,G,C
1,19633560,T,C
1,19634651,C,A
1,19630660,A,G
1,19630866,G,A
1,19630838,C,A
4,74277834,G,T
4,74283816,C,A
4,74280832,C,A
4,74277728,G,C
4,74283994,C,A
4,74285310,A,T
4,74285969,A,T
4,74283897,C,G
4,74277725,C,A
4,74276061,G,A
4,74275095,G,T
4,74285336,G,T
4,74283925,G,C
15,101436218,G,T
15,101433167,T,A
15,101432774,G,T
15,101434170,C,A
15,101447433,T,C
15,101434374,G,T
15,101434150,C,A
11,67432979,C,T
11,67431212,C,A
11,67432005,C,A
11,67432765,G,T
11,67434391,G,T
12,38714474,T,G
12,38714922,C,G
12,38714293,C,G
12,38714267,G,T
12,38712204,G,T
12,38712250,C,A
12,38714214,G,A
12,38714870,G,C
12,38714725,A,G
12,38714744,T,C
3,125648220,G,T
3,125652457,C,T
16,5123157,G,T
3,183960733,G,A
3,183960451,C,A
3,183960437,G,A
3,183960709,C,A
3,183966959,G,T
1,63894423,A,G
1,63836725,A,G
11,111708285,G,A
11,111680426,A,G
11,111657158,C,A
11,111709015,C,A
5,33989425,G,A
5,34008139,C,A
5,34007915,G,C
5,33989413,G,A
5,33989433,T,A
5,33997334,C,A
5,33989450,A,T
5,33989444,C,A
5,34005891,C,A
5,34004754,C,A
6,111214205,G,C
6,111214177,A,T
6,111211547,G,T
16,56423102,A,C
16,56423147,G,C
16,56423276,C,G
16,56396138,C,T
16,56396498,G,T
16,56396558,C,G
16,56396115,C,A
16,56396849,C,T
16,56436899,G,A
16,56438863,G,A
16,56439145,C,A
16,56436943,G,A
12,47471287,G,C
12,47472642,G,A
12,47471976,A,G
12,47471601,T,C
12,47471836,G,A
12,47471837,C,A
12,47471813,C,A
12,47472393,C,T
12,47472379,A,G
2,128631402,T,C
2,128628438,C,G
2,128628475,G,A
2,128622724,G,A
2,128631784,G,A
2,128628923,C,A
1,213170529,G,A
1,213178540,C,A
1,213178425,T,A
1,213186655,C,A
1,213174128,C,T
1,213186478,G,A
1,213181662,C,G
12,110466411,T,A
12,110467403,C,G
12,110475392,G,A
12,110466236,A,G
11,67069049,G,A
11,67066502,C,T
11,67066435,C,T
11,67059113,G,T
11,67066421,G,A
11,67058967,G,C
11,67069117,G,A
2,197878319,C,G
2,197863664,T,G
2,197964625,C,A
2,197870518,G,A
2,197873728,C,A
2,197860124,T,C
2,197943465,A,G
2,197858365,C,A
2,197990610,C,A
2,197946417,G,C
2,197954713,T,G
2,197953451,C,A
2,198051747,C,A
2,198051794,C,G
2,197873684,T,A
2,197943366,C,A
2,197943539,C,T
2,197943540,T,G
2,197863714,T,G
2,197870629,C,A
2,197872649,T,A
14,102973214,G,A
12,45784253,C,A
12,45742320,G,T
12,45725191,A,C
12,45744489,G,T
12,45822988,A,T
12,45742393,G,T
12,45751133,G,C
12,45695836,G,T
12,45810526,C,T
12,45823076,A,G
12,45796949,A,G
12,45803234,G,T
12,45803164,A,G
12,45796881,G,A
12,45781954,T,A
12,45795743,A,G
12,45782068,G,A
2,69350199,A,G
2,69300168,A,T
2,69298889,A,T
2,69271933,T,A
2,69304605,A,G
2,69302789,A,T
2,69472433,C,G
2,69304562,A,C
2,69472355,A,G
2,69409681,G,C
2,69472717,C,A
2,69330136,C,A
2,69409624,G,T
2,69330012,C,A
2,69330049,A,C
2,69379389,G,T
2,69397403,C,A
2,69397404,C,G
2,69330193,G,T
2,69300231,G,T
15,60641388,C,T
15,60648029,G,A
15,60649389,C,A
10,75157963,C,A
10,75139842,G,A
10,75147496,T,C
17,40997112,G,T
17,40997103,G,T
17,40996835,G,C
17,40996773,G,A
17,41001207,C,T
17,40997280,C,T
17,40997826,G,T
17,40997144,G,T
16,71805086,T,C
16,71779116,C,T
16,71823312,C,T
16,71780567,C,A
16,71790027,C,A
16,71790028,C,A
16,71823291,C,A
16,71787790,C,A
16,71807199,G,A
16,71823279,C,A
16,71779392,G,A
16,71799424,C,A
16,71768569,G,A
19,2117263,G,A
19,2138643,G,A
19,2114283,C,T
19,2102190,C,T
19,2132509,T,G
19,2114778,G,A
19,2117251,T,A
19,2151334,C,G
19,2102141,C,G
19,2109914,T,A
10,75886060,C,G
10,75888899,A,G
1,114442860,C,T
1,114438396,G,T
1,114442706,T,A
1,114442437,C,T
1,114438822,C,A
1,114443808,C,A
22,39425497,C,T
22,39428406,G,T
22,39428305,G,T
22,39418930,A,C
22,39421156,T,A
22,39428331,C,T
4,36230982,C,A
4,36093500,T,C
4,36149176,C,A
4,36179551,A,G
4,36109211,C,T
4,36230472,C,A
4,36230664,G,C
4,36231049,C,G
4,36134867,T,C
4,36195225,C,A
4,36069551,T,A
4,36160403,G,A
4,36163086,C,A
4,36179481,C,T
4,36152616,C,T
4,36150077,C,T
4,36166626,C,A
4,36195269,T,A
4,36230838,T,A
4,36230204,C,A
4,36118683,C,G
4,36189162,G,C
4,36069486,A,G
4,36161127,C,A
4,36195256,G,C
4,36230755,C,T
4,36130358,C,G
4,36075403,G,A
4,36150074,C,A
4,36093631,G,C
4,36148964,G,A
4,36161118,C,A
4,75311105,C,G
4,75314792,C,G
4,153803926,G,C
4,153803943,C,A
4,153802270,G,T
4,153750861,G,T
10,24884930,C,A
10,24889738,C,A
10,24910126,C,A
10,24959289,G,T
10,24909340,G,A
10,24910189,G,T
10,24889620,T,A
10,24911752,T,A
10,24889824,C,A
10,24873742,C,A
10,24909728,C,T
10,24922390,G,C
10,24874021,C,A
10,24959146,C,A
10,24959147,C,A
10,24909742,C,T
10,24891012,T,A
10,24874156,G,A
10,24885806,T,C
10,24922387,A,G
10,24909211,C,A
10,24924006,T,C
10,24909934,C,A
10,24878202,T,C
10,24889599,C,A
1,161024251,G,A
1,161024438,G,A
1,161021161,G,A
1,161022311,T,A
1,161018914,G,A
1,161026302,C,T
1,161039489,C,G
1,161018084,A,G
1,161018085,C,A
1,161018044,G,A
1,161023116,A,C
1,161018299,G,T
1,161018419,C,T
1,161018473,C,T
1,161022216,C,T
1,161018190,C,G
X,153191677,G,T
X,153176039,C,A
X,153184369,C,A
X,153175377,G,A
X,153184454,C,T
X,153178960,G,A
X,153187116,C,G
X,153178193,G,T
X,153178174,C,G
X,153186130,C,T
X,153184318,G,A
X,153184317,C,A
X,153178971,C,G
19,42396277,G,C
19,42398702,C,T
19,42410730,G,T
19,42392303,G,T
19,42388518,C,T
19,42396215,C,T
19,42396885,G,T
19,42388504,G,C
19,42407924,G,T
19,42392153,G,A
19,42399487,G,A
19,42410694,C,A
7,144060319,G,A
7,144059824,G,T
7,144059859,G,A
7,144070344,C,T
7,144060257,G,T
7,144060994,T,A
7,144060384,G,A
7,144062360,G,T
7,144070359,G,C
1,235377133,C,A
1,235418975,C,A
1,235345665,T,G
1,235345872,C,G
1,235388081,C,T
1,235346019,C,T
1,235331875,C,A
1,235383692,C,T
1,235384974,C,A
1,235338529,G,T
1,235341218,A,G
1,235416105,C,G
12,101790284,G,A
12,101790353,T,G
12,101801527,C,A
10,18948534,C,T
10,18948604,G,T
10,18964192,A,G
5,78251295,C,A
5,78111866,C,G
5,78135202,G,A
5,78181548,C,A
5,78181601,T,A
5,78251159,C,T
5,78076396,C,T
5,78251288,T,C
5,78076130,C,A
14,94400945,T,C
14,94401017,G,A
14,94401024,A,T
14,94401096,C,T
14,94405652,C,T
14,94417386,T,C
14,94420762,C,T
14,94417512,C,G
14,94420759,C,A
14,94404047,C,A
14,94404126,G,A
14,94413798,C,G
14,94413696,T,C
14,94417371,T,G
14,94405662,T,C
14,94417524,C,T
14,94417427,G,T
14,94417428,G,T
12,48543756,C,T
12,48543473,G,T
17,79954395,G,T
17,79974936,C,T
17,79968734,C,A
17,79973030,G,T
17,79943454,G,C
17,79954652,G,T
20,31024005,G,T
20,31024197,G,A
20,31022685,C,T
20,31023948,G,T
20,31021302,G,T
20,31021631,G,C
20,31021635,G,C
20,31019451,G,A
20,31022745,G,T
20,31024829,G,T
20,31022464,G,A
20,31024776,C,T
20,31022609,G,T
20,31017711,G,T
20,31023409,G,C
20,31024917,G,T
20,31021429,G,T
20,31021287,A,G
2,25967024,T,C
2,25972653,C,G
2,25972747,C,G
2,25966004,G,A
2,25973043,G,C
2,25965470,C,T
2,25966945,G,C
2,25966745,G,A
2,25965339,G,A
2,25967026,G,A
2,25966399,T,C
2,25967101,C,T
2,25972654,G,A
2,25991666,C,A
2,25966453,C,T
2,25967144,C,T
2,25965964,G,A
15,25928562,C,A
15,25940272,C,A
15,25940215,T,A
15,25936934,A,T
15,25936908,T,A
15,26026311,C,A
15,26026197,C,A
15,25953142,C,A
15,25925106,G,T
15,25925268,C,T
15,25924557,T,C
15,25925388,T,C
15,25963457,C,T
15,25940069,G,A
15,25924950,G,A
15,25940198,C,T
15,25961963,C,A
15,25953235,T,C
15,25966903,G,T
15,25958899,G,T
15,25971134,G,T
15,25953156,C,T
15,25959153,C,A
15,25925042,T,A
15,25959377,C,A
15,25959378,C,T
15,25959177,G,A
15,25958906,G,A
15,25924502,T,A
4,47517562,G,T
4,47517556,C,A
4,47537548,G,T
4,47570974,G,T
4,47574221,G,T
4,47570994,T,A
4,47556801,G,T
4,47548749,G,T
4,47593530,A,T
4,47589211,C,G
4,47570926,G,T
4,47570898,G,T
4,47571099,G,C
4,47525098,C,A
4,47560211,C,T
4,47514700,G,T
4,47565645,A,T
4,47560965,G,A
4,47548763,G,A
4,47548685,G,T
4,47538713,C,G
4,47537986,A,T
4,47560043,C,G
4,47583986,G,T
4,47527626,C,A
4,47548905,C,G
4,47593390,G,A
4,47556860,A,G
4,47559954,G,C
4,47589199,C,T
4,47560036,G,T
4,47559751,G,A
4,47548645,G,C
4,47514733,C,T
4,47514737,C,G
17,7557386,C,T
17,7557992,G,A
3,141632609,C,T
3,141622499,C,T
16,2569624,G,T
16,2569669,A,G
9,117359867,C,T
18,55359150,G,A
18,55359055,T,A
18,55338753,C,A
18,55342077,A,G
18,55322637,C,A
18,55399131,C,A
18,55315736,C,A
18,55319833,G,A
18,77108132,G,T
18,77107846,A,C
18,77067081,A,T
18,76967003,G,T
18,77107811,G,C
18,76829417,G,T
18,77089301,G,A
18,77089302,G,T
18,77105831,G,A
18,77097342,G,A
X,76938718,G,T
X,76938803,C,A
X,76875947,C,T
X,76854925,C,A
X,76890170,C,A
X,76939375,G,C
X,76939965,G,A
X,76938069,G,C
X,76937704,C,T
X,76938331,T,G
X,76920161,G,T
X,76920220,G,T
X,76972666,T,A
X,76854906,G,T
X,76953083,G,A
X,76776334,C,T
X,76937414,T,C
X,76944412,G,C
X,76920178,T,C
X,76854957,G,C
X,76920135,C,A
X,76920185,C,A
X,76939995,C,A
X,76777777,C,A
X,76763965,G,T
X,76939494,T,A
X,76938077,C,T
X,76907621,G,A
X,76938254,C,A
X,76855002,C,T
X,76937081,C,G
X,76907657,C,A
X,76938718,G,C
X,76763752,C,G
X,76939451,T,C
X,76889201,C,A
X,76953071,C,A
X,76890157,C,A
X,76889171,C,A
X,76875878,T,C
X,76907720,G,T
X,76855944,G,C
X,76939598,T,A
X,76875916,G,T
X,76890137,G,T
X,76891476,T,C
22,46189548,C,A
22,46096245,C,T
16,28845984,G,A
16,28841268,A,T
16,28840733,G,T
16,28842109,G,T
16,28847908,G,T
16,28842379,C,G
16,28841307,G,T
16,28841176,C,T
16,28845423,G,C
16,28845848,C,T
16,28846896,G,A
16,28845407,A,G
16,28844165,G,T
16,28847981,G,T
16,28845713,A,T
16,28847880,G,T
16,28842045,C,T
1,110034140,G,C
1,110032583,G,A
1,110033558,C,A
1,110028744,G,T
1,110032389,T,A
1,110031485,A,T
2,74753908,C,A
2,74754375,C,A
2,74755112,G,A
2,74755588,C,T
3,160804507,C,T
3,160804158,A,G
3,160804331,G,A
3,160803765,C,A
3,160804474,C,A
6,33245076,G,T
6,33245798,G,C
1,1168029,C,G
11,76750775,G,A
11,76751142,G,T
11,76750717,G,T
11,76750914,G,A
11,76751274,G,T
11,76751322,C,A
11,76750737,C,A
12,58020522,G,T
12,58020523,G,T
12,58021458,T,A
12,58024791,A,T
12,58025098,G,A
12,58023958,T,C
12,58022045,C,A
12,58020640,C,T
12,58020606,C,G
12,58022666,G,A
12,58023955,T,A
12,58021515,C,A
12,58025111,A,C
12,662963,T,C
12,663068,C,G
12,662484,A,C
12,662869,G,T
12,661837,G,T
12,657269,G,T
12,653569,G,A
12,657408,C,T
12,665822,C,T
12,662435,A,T
8,38066770,A,T
14,35243654,C,G
14,35262077,C,T
14,35240752,T,A
14,35264947,T,C
14,35243648,G,T
14,35227951,C,T
14,35253077,T,A
14,35234329,C,A
14,35331515,G,C
19,47725050,T,C
19,47725046,C,T
1,115124154,T,C
1,115110688,C,T
2,60679770,G,T
2,60689032,T,A
2,60688406,C,T
2,60688324,G,T
2,60687791,C,T
2,60688979,C,G
2,60689438,G,A
2,60687819,G,C
2,60688107,G,T
2,60688714,C,A
2,60689420,C,A
2,60688743,G,A
2,60689148,A,T
2,60689368,G,C
2,60688270,C,A
2,60773316,C,A
2,60773317,C,G
2,60689313,C,A
2,60689360,C,A
2,60689361,C,A
2,60688990,G,T
2,60679780,C,T
2,60773403,C,G
2,60689034,G,A
2,60689035,G,A
2,60688050,G,C
2,60687848,G,A
2,60687738,T,C
2,60687643,A,G
2,60688844,G,A
2,60773198,G,T
1,147096575,G,A
1,147092304,C,A
1,147092256,G,C
1,147096156,C,A
1,147090787,C,T
1,147094155,C,A
1,147084819,G,T
1,147087647,C,G
1,147092411,T,C
1,147091685,G,T
1,147094086,C,G
1,147096596,G,A
1,147094256,C,G
1,147091285,C,A
X,39921532,G,A
X,39934315,C,A
X,39930393,G,T
X,39930369,T,A
X,39933726,C,T
X,39931865,C,A
X,39931977,T,A
X,39923084,T,A
X,39932705,C,A
X,39933592,G,T
X,39932963,G,A
X,39931720,G,T
X,39933627,G,T
X,39913551,C,A
X,39932117,C,T
X,39932118,T,G
X,39932052,G,T
X,39931816,C,A
X,39931884,C,A
X,39921444,T,C
X,39933351,T,A
X,39923699,C,A
X,39921444,T,C
X,39916426,C,A
X,39921444,T,C
X,39932576,C,A
X,39934249,T,A
X,39933360,T,A
X,39913126,C,A
X,101409251,C,A
X,101408747,A,C
2,32673862,G,T
2,32664726,C,A
2,32718708,G,T
2,32740674,A,G
2,32724814,G,T
2,32639999,C,T
2,32715149,A,T
2,32602748,C,T
2,32727861,G,T
2,32667152,T,A
2,32626377,G,A
2,32640813,G,T
2,32740258,A,T
2,32836633,A,G
2,32640172,C,G
2,32740270,T,C
2,32820195,G,T
2,32735679,C,G
2,32743342,A,G
2,32640656,T,G
2,32715201,C,G
2,32710768,G,T
2,32832633,G,A
2,32836581,G,T
2,32639984,C,T
2,32678889,C,T
2,32724733,T,C
2,32770766,C,T
2,32613848,C,T
2,32694488,G,T
2,32735027,G,C
2,32774389,A,T
2,32658763,G,T
2,32640261,C,G
2,32819034,G,T
2,32772983,A,C
2,32673888,G,T
2,32693083,A,T
2,32678999,G,C
2,32640830,A,G
2,32727936,C,G
2,32715142,G,C
2,32730165,C,T
2,32730166,C,T
2,32689617,C,T
2,32726951,G,T
2,32768471,C,G
2,32768555,A,T
2,32774406,C,T
2,32664699,A,C
2,32694557,A,G
2,32724693,G,A
2,32689704,C,A
2,32673994,C,T
2,32738056,G,T
2,32673983,A,C
2,32774454,G,T
2,32688372,C,T
2,32658783,A,G
2,32706447,G,T
2,32800426,C,T
2,32640306,G,A
10,97987199,G,T
10,97960807,T,A
10,97969624,G,C
10,98031219,C,A
19,45683049,G,T
10,88681386,A,G
10,88651967,G,T
10,88677014,G,T
10,88683407,C,T
10,88683229,G,C
10,88677025,C,T
16,50354603,C,T
16,50359687,C,T
16,50353873,A,T
16,50388360,T,C
14,36304127,G,T
14,36302283,A,C
11,62458593,G,C
11,62457780,A,G
11,62462041,G,A
11,62472928,G,A
11,62457842,G,A
11,62459865,C,G
6,26388252,A,T
6,26388253,A,T
6,26393509,G,T
6,26388300,G,T
6,26393398,C,T
6,26385353,C,T
6,26385287,G,T
6,26388374,C,G
6,26392872,T,A
6,26390803,G,T
6,26391273,G,T
6,26393421,A,G
6,26388325,C,T
6,26390243,G,T
6,26388484,T,G
6,26385531,G,T
19,30199321,C,A
19,30193598,C,A
12,7241518,G,A
12,7188193,C,A
12,7188375,C,T
12,7187961,T,C
12,7244089,C,A
12,7188187,C,G
1,38155370,C,A
1,38155361,C,A
1,109656311,C,T
1,109649724,G,A
1,162352997,C,T
1,162353080,G,T
1,162353418,G,T
1,162351690,G,C
1,162353098,G,A
1,228290021,G,C
1,228288762,C,A
1,228288785,A,G
1,154192911,C,G
1,154192836,C,T
1,154180095,C,A
1,43241011,G,T
1,43233241,C,T
1,43241036,G,A
1,43239266,C,T
1,43233248,G,A
1,43240501,G,A
1,150249030,C,G
1,150241220,G,A
1,150245265,G,T
20,56735864,C,A
20,56735902,G,T
20,56728654,G,A
20,56728599,G,T
20,56728612,G,A
20,56735893,C,T
20,56735845,A,T
20,56730593,C,G
20,56735866,G,T
20,56735869,C,A
12,8212557,C,A
12,8211356,C,G
12,8212099,A,G
12,8212563,G,T
12,8212518,C,G
12,8212491,G,T
12,8211415,G,C
12,8211813,G,C
12,8211736,G,A
12,8211392,G,A
12,8212740,G,T
12,8212211,G,T
12,8211488,G,C
12,8211786,G,T
12,8211605,A,G
3,155481514,A,G
5,7831872,G,A
5,7835549,C,A
5,7832093,C,A
5,7831887,C,T
6,165712974,G,T
6,165715561,G,T
6,165713955,C,A
6,165715488,G,A
6,165715541,G,T
6,165715646,G,A
6,165715464,G,T
6,165715075,C,G
6,165711483,G,T
6,165715712,T,C
6,165715076,G,T
6,165715140,T,A
6,165715189,C,T
6,165715453,G,T
6,165715321,G,A
6,165715670,C,A
6,165706720,C,A
6,165706716,T,C
6,165715241,G,A
6,165715562,G,T
6,165715557,C,T
6,165706874,T,A
6,165715557,C,G
6,165715190,G,T
6,165715301,T,C
6,165715222,C,A
6,165713955,C,T
6,165715671,C,A
6,165713854,T,A
6,165715261,C,T
6,165715486,G,T
6,165715741,G,T
6,165703510,A,T
6,165715670,C,A
6,165715087,C,A
6,165715467,T,A
6,165723069,C,A
6,165715274,C,A
6,165715716,G,A
7,81620548,T,A
7,81643766,T,C
7,81689761,A,T
7,81714097,G,C
7,81579591,A,T
7,81799909,G,T
7,81693628,C,A
7,81978960,T,G
7,81579742,C,T
7,81714199,C,T
7,81634805,G,A
7,81693659,C,T
7,81714110,G,C
7,81626548,G,T
7,82072757,G,C
7,81624234,C,A
7,81746469,C,A
7,81964568,C,A
7,81579721,T,G
7,81624225,C,G
7,81603859,G,T
7,81596490,T,A
7,81746426,T,C
7,81765972,G,A
7,81593561,C,A
7,81599239,G,T
7,81746400,C,A
7,81599236,C,A
7,81588658,G,A
7,81624239,A,T
7,81579728,T,A
7,81596949,C,G
7,81689772,G,T
7,81598255,C,A
7,81598256,A,T
7,81591241,T,A
7,81637039,C,A
7,81695840,G,A
7,81714100,C,A
7,81579632,G,A
7,81641520,C,T
7,81593628,C,A
7,81634739,C,A
7,81598227,G,T
7,81603792,T,C
7,81611924,T,A
7,82072745,G,A
7,81589101,A,G
7,81641517,C,T
7,81612629,C,A
7,81635091,G,T
7,81978919,C,A
7,81612643,C,G
17,37343158,C,G
17,37347809,G,C
17,37343117,G,A
17,37343119,G,A
17,37331623,C,T
17,37340312,A,T
17,37331332,T,C
17,37343069,C,T
17,37341404,C,A
17,37347768,C,T
3,9807579,C,T
3,9801424,G,T
X,110494896,A,T
X,110494160,G,T
X,110494845,C,T
X,110494191,G,T
X,110494909,T,C
X,110497517,C,T
X,110490691,C,A
X,110489773,A,G
X,110496262,A,G
X,110491901,C,G
X,110489966,A,T
X,110490684,G,C
X,110496280,G,T
X,110496428,T,G
X,110494310,G,T
X,110495659,G,T
X,110494870,C,A
X,110489771,G,A
X,110492209,C,T
X,110497506,C,A
X,110497507,C,A
X,110489879,C,A
X,110490676,G,T
X,110489915,G,C
X,110494264,T,C
X,110489962,T,A
X,110494829,G,C
X,110495656,A,T
5,40843532,C,A
5,40853382,G,T
5,40853331,A,G
5,40853995,C,T
5,40853444,C,T
5,40852497,A,T
5,40854201,G,C
5,40843362,C,T
5,40853054,G,C
5,40853053,G,C
5,40843720,A,T
5,40853691,A,T
5,40852462,C,G
5,40853546,G,T
5,40854020,A,G
5,40853641,C,G
11,104905008,C,A
11,104901057,C,A
11,104901911,C,T
11,104905838,C,A
11,104899951,A,G
11,104901096,C,A
11,104901843,T,A
11,104905202,C,A
11,104905107,C,T
11,104897650,C,A
11,104897032,C,T
11,104896879,T,C
11,104897037,G,T
20,32210976,A,T
20,32162056,G,T
20,32210932,C,T
20,32217653,G,A
20,32194848,C,T
11,119169209,C,A
11,119170559,G,C
11,119149229,G,C
11,119170448,G,A
11,119144584,A,T
11,119145632,C,T
11,119103165,G,T
11,119142461,C,G
11,119170450,G,T
11,119148982,G,T
18,57115240,G,T
18,57134023,C,A
18,57122083,C,A
18,57106909,C,T
18,57103246,T,C
18,57103325,G,T
18,57103335,C,A
18,57133999,G,A
18,57363928,C,T
18,57106778,A,C
18,57136785,C,A
18,57103121,G,A
12,82752003,C,A
12,82750917,G,A
16,775170,G,T
16,772735,C,T
16,775484,G,A
16,773113,G,T
3,112358039,C,T
3,112358661,C,A
3,112358703,A,G
3,112324216,T,C
3,112326064,C,A
3,112356938,C,G
3,112324500,C,T
3,112337825,A,T
3,112358068,C,A
3,112357597,T,C
3,112358479,G,T
3,112328923,C,A
3,112324355,T,C
3,112324262,G,A
3,112358336,G,T
3,112357838,G,T
3,112324518,G,T
3,112358551,C,A
3,112356904,C,A
3,112357060,T,A
3,112357249,G,C
3,112358289,G,C
3,112357214,G,T
3,112357658,C,T
3,112324420,C,A
3,112358314,C,T
3,42299711,C,T
3,42299485,A,G
2,208611892,A,T
16,28947911,C,T
16,28948976,G,T
16,28943360,C,T
16,28943816,A,T
16,28948839,C,A
16,28948593,C,A
16,28948594,C,A
16,28947869,C,A
3,112647867,C,A
3,112648058,C,A
3,112666754,G,C
3,112648250,C,A
3,112643989,G,T
3,112642489,T,A
3,112643993,G,T
3,112643994,G,T
3,112642483,A,T
3,112666767,C,T
3,112648254,C,A
3,112650004,A,G
3,112647776,C,G
3,112648338,A,T
3,112643970,G,T
3,112647919,G,A
3,112648206,C,A
3,112642509,C,A
3,112643939,C,T
3,112642555,C,A
3,112647959,C,T
3,112647835,C,A
3,112648181,C,A
9,5457304,C,A
9,5466808,A,T
9,5465513,C,T
9,5457194,T,C
19,8367326,G,T
11,118183531,G,C
X,135741382,C,A
X,135741330,G,T
X,135741286,A,C
X,135732556,G,A
X,135738578,G,T
X,135738526,C,A
X,135730550,G,A
X,135741769,C,A
X,135741549,C,A
X,135730460,C,G
11,60885680,A,C
11,60885946,T,A
11,60886854,C,A
11,60885796,C,A
11,60889133,G,A
11,60885736,C,A
11,60777114,G,A
11,60786726,G,T
11,60776153,G,T
11,60777080,G,T
11,60781463,T,C
11,60780966,C,A
11,60781476,C,G
11,60777208,A,T
11,60777209,A,G
11,60777206,C,A
11,60785317,C,T
11,60783250,G,A
11,60783254,A,T
11,60785758,C,A
11,60785469,C,A
11,60786732,C,A
11,60785403,C,A
11,60777058,C,A
11,60783219,C,A
9,35618283,G,T
9,35618040,A,G
9,35611863,T,C
9,35616193,G,C
9,35611857,C,A
17,62006812,C,A
17,62006601,G,T
17,62007605,G,T
17,62007606,G,T
13,115030631,G,C
13,115002123,C,T
13,115037862,G,A
5,137548748,C,A
5,137542264,T,C
5,137525547,G,A
5,137542338,G,A
5,137527959,G,A
16,89760648,G,C
16,89761706,C,T
16,89758876,A,C
16,89760550,G,A
16,89762019,C,T
7,40132365,A,C
7,40027315,A,C
7,40127867,A,G
7,40102635,G,T
7,40037171,G,T
7,40134118,G,C
7,40087427,A,T
17,15341218,C,A
19,42259482,G,C
19,42259611,G,A
19,42270096,G,T
19,42266103,G,T
22,18028016,G,T
22,17983998,C,G
22,18028979,T,C
22,17978517,G,T
22,18022446,G,T
22,18028887,G,A
22,17978481,G,A
22,18020416,C,T
22,18022674,G,C
22,18029082,G,T
22,18028664,G,A
22,18018336,C,T
22,18020342,C,T
22,18028647,G,A
22,18021562,G,A
22,18021558,C,A
22,17983959,C,T
22,18018822,G,C
22,18022493,G,C
22,18022656,G,A
1,109795265,A,T
1,109815630,C,G
1,109801502,G,T
1,109792961,A,G
1,109812675,G,A
1,109813107,G,T
1,109815340,C,A
1,109793580,G,A
1,109806903,T,A
1,109806904,G,T
1,109810619,G,T
1,109806952,G,T
1,109808540,G,T
1,109810586,C,T
1,109794955,G,A
1,109795090,G,T
1,109807587,C,T
1,109813154,G,A
1,109794785,C,T
1,109803677,G,T
18,13087146,G,T
18,13030600,A,T
18,13056289,C,T
18,13072820,A,T
18,13105057,G,A
18,13056398,C,A
18,13071110,A,G
18,13056511,G,T
18,13124693,C,G
18,13049430,G,T
18,13099553,C,G
18,13071129,C,T
18,13057801,C,G
18,13048964,C,T
18,13124735,T,G
18,13049294,G,A
18,13095519,G,T
18,13040877,G,A
18,13049233,A,G
18,13087592,A,G
18,13049050,G,T
18,13049425,G,A
1,179983551,A,G
1,180003104,C,G
1,180044335,G,A
1,180047644,A,G
1,179966310,G,A
1,179965956,G,A
1,179989135,A,G
1,179982980,A,C
1,179982981,G,C
1,180006120,C,G
1,180062310,A,G
1,180062865,A,G
1,180022966,G,C
1,179959644,G,T
1,180000550,A,C
1,179959751,G,C
1,180006108,G,T
1,179989875,G,T
1,179983536,G,C
1,180013210,T,G
1,180063553,A,G
1,179985001,G,T
1,179989822,C,T
1,179965938,G,A
1,179965881,T,C
1,180017793,A,G
1,180062921,C,G
1,179989900,G,T
1,179981084,A,G
1,180031400,G,T
1,180003076,G,A
3,138219396,G,A
3,138291755,G,A
3,138291772,T,A
3,138291810,T,A
3,138289314,C,T
3,138291785,A,T
3,138248226,G,T
3,138291770,A,C
3,138289206,T,C
3,138219359,G,A
7,56174072,A,T
7,56174054,C,G
7,56174110,A,G
20,40049640,C,A
20,40080657,C,A
20,40102083,G,A
20,40033243,T,A
20,40045257,C,T
20,40116400,C,T
20,40049492,C,A
20,40126116,T,A
20,40080634,C,T
20,40050142,C,T
20,40049523,C,G
20,40141547,C,A
20,40161984,C,A
20,40033717,G,C
20,40112039,G,C
20,40126168,G,A
20,40076594,C,A
20,40042045,C,T
20,40045883,C,G
20,40116400,C,A
20,40116401,C,A
20,40053841,G,A
20,40045906,C,A
20,40033947,C,T
20,40049655,C,A
20,40102043,C,A
20,40117113,C,G
20,40102031,C,A
20,40161981,C,T
20,40074364,G,A
20,40102044,G,A
20,40085957,C,A
20,40045961,C,A
20,40033728,C,A
20,40040832,C,G
20,40033717,G,T
20,40126142,C,T
20,40054003,G,T
20,40118549,G,A
20,40050551,C,A
20,40126136,T,G
20,40081486,T,A
20,40049592,C,A
20,40049593,C,A
20,40050438,T,C
20,40049350,G,A
8,61777757,G,T
8,61654926,G,A
8,61777824,C,T
8,61774808,T,C
8,61765656,C,T
8,61774827,A,T
8,61654206,A,G
8,61774815,C,T
8,61757938,A,G
8,61748737,T,A
8,61765695,A,T
8,61765933,G,T
8,61734601,G,A
8,61754493,G,A
8,61735190,C,T
8,61777627,G,T
8,61655063,G,T
8,61766937,G,A
8,61774771,T,G
8,61769402,A,G
8,61741278,C,T
8,61761617,G,A
8,61735118,C,G
8,61655517,A,T
8,61655383,G,T
8,61750240,G,A
8,61778121,G,T
8,61748804,C,T
8,61769148,G,T
8,61769149,G,T
8,61707560,C,T
8,61766020,G,T
8,61654428,G,T
8,61748754,A,G
8,61655554,G,A
8,61654194,A,G
8,61754571,A,T
8,61734669,G,T
20,5903859,C,A
20,5897521,G,T
20,5903217,C,A
20,5903218,C,A
20,5903918,G,C
20,5897563,C,T
20,5903054,C,A
20,5897523,G,A
20,5904165,C,A
20,5905683,C,T
20,5903692,C,T
20,5903693,T,A
20,5903619,C,T
20,5904094,G,A
20,5903606,T,C
20,5903607,G,T
20,5903186,G,A
20,5903171,C,T
20,5903537,C,A
20,5904628,A,G
20,5903076,C,A
20,5903148,A,T
20,5897567,T,A
20,5903516,G,T
8,141525309,A,G
11,45671492,C,T
11,45672310,T,C
11,45671206,T,C
11,45671848,C,A
11,45672014,G,T
11,45671618,C,A
11,45672072,G,C
11,45671711,G,T
11,45672478,G,A
11,45671882,G,T
11,45671611,A,G
11,45671151,G,A
11,45671282,A,T
11,45671313,G,A
11,45671455,G,T
11,45672284,G,T
11,45672120,G,T
11,45671388,G,A
11,45671907,G,T
11,45671564,C,T
11,45672125,G,T
11,45671423,G,T
11,45672434,C,A
11,45671409,G,T
11,45672159,G,T
11,45671248,G,T
10,73767038,C,A
10,73765520,G,T
10,73767293,C,T
10,73766983,C,G
2,96933113,G,T
2,96933114,G,T
2,96934240,G,A
2,96937156,G,A
2,96932194,G,T
2,96936996,G,T
2,96933137,G,T
19,42793225,C,A
19,42794026,A,G
19,42791820,G,T
19,42793440,G,A
19,42791983,G,A
19,42797203,G,T
19,42791043,G,T
19,42798342,G,T
19,42794391,G,T
19,42798364,G,T
15,65502107,C,A
15,65489641,C,T
15,65491332,C,A
15,65489472,G,A
15,65494368,C,T
15,65499138,G,A
15,65499281,C,T
15,65499179,C,G
15,65490240,C,A
15,65489712,C,A
15,65491151,G,A
15,65490508,C,T
15,65491330,A,G
15,65497661,C,T
15,65489854,A,T
15,65497680,C,G
15,65499247,C,A
15,65489205,G,T
3,50645182,C,A
12,120171981,T,A
12,120270596,C,A
12,120166315,G,A
12,120146113,C,A
12,120221783,C,A
12,120128147,G,A
12,120128095,C,T
12,120152002,C,A
12,120288064,C,A
12,120128116,C,A
12,120156091,G,A
12,120208652,G,C
12,120214606,T,A
12,120263085,C,A
12,120214178,T,A
12,120135822,G,A
12,120135562,C,T
12,120142201,G,A
12,120214502,T,G
12,120221827,C,A
12,120210636,C,T
12,120208591,G,C
12,120135607,C,A
12,120159163,A,G
12,120295395,C,A
14,103988639,C,T
14,103986586,G,A
14,103987647,C,T
1,86907205,C,A
1,86891068,G,T
1,86921203,T,A
1,86905931,G,T
1,86898148,C,T
1,86889847,A,G
1,86919206,T,A
1,86900349,C,T
1,86898069,C,A
1,86905977,C,A
1,86898153,T,C
1,86890009,C,G
1,86921073,G,C
1,86919278,G,T
1,86916408,C,A
1,86890064,T,A
1,86920985,G,T
1,86896581,G,T
1,86904633,G,T
1,86913287,C,G
1,86909605,G,A
1,86919102,G,C
1,86904742,G,T
1,86891153,T,A
1,86905963,G,T
1,86900337,C,A
1,86919061,A,T
1,86900248,C,G
1,86905997,C,A
17,6978789,C,A
17,6978391,G,T
17,6980286,G,T
17,6978507,C,G
17,6978642,C,T
17,6978335,C,T
17,6979160,G,T
17,6978402,G,T
17,6982172,G,A
12,8687174,G,A
12,8693401,C,T
12,8688715,C,T
12,8689842,G,A
7,141629976,G,A
7,141635717,C,T
7,141635636,A,T
7,141645175,G,C
7,141635616,G,T
4,141334183,A,G
4,141313777,G,T
4,141315153,C,T
4,56344980,A,G
4,56336920,C,A
4,56342213,C,A
4,56336970,G,C
11,57428834,C,T
11,57428602,G,A
11,57427024,G,A
11,57427353,C,T
11,57428663,C,G
11,57427275,G,T
11,57428963,G,T
19,45496195,C,G
19,45493695,C,G
19,45488522,G,T
19,45477749,G,C
19,45477825,G,T
19,45477801,G,T
19,45477703,A,T
19,45476404,G,T
19,45489713,A,T
5,175843437,G,A
1,47840957,G,T
2,6991699,C,G
2,6991649,C,T
2,6991788,G,A
2,6991688,C,A
2,6990087,T,A
2,6991757,C,A
2,6989766,C,A
2,6991603,C,A
2,7001425,G,C
2,7001340,C,T
1,224927060,G,T
1,224922382,C,A
1,224922383,C,A
1,224927216,G,T
1,224927039,A,T
1,224922277,T,C
1,224804929,C,T
1,224872505,G,C
1,224804788,G,T
1,224804789,G,A
1,224927219,G,T
1,224804820,G,T
5,180000988,G,T
5,179994113,G,T
5,179991505,G,T
5,179991506,G,T
5,179996154,G,T
5,180001285,A,T
5,179976929,A,G
9,101788230,C,A
9,101817563,G,A
9,101797398,C,A
9,101748080,G,T
9,101831972,G,T
9,101806867,G,A
9,101749626,G,C
9,101797356,C,T
9,101824569,C,T
9,101748161,A,T
9,101798476,C,T
9,101812151,C,A
9,101749598,T,A
9,101807041,C,T
9,101748062,G,A
9,101802814,G,A
9,101817643,C,A
9,101817644,C,A
9,101818644,G,T
9,101748420,G,C
9,101749650,G,A
9,101818651,C,A
9,101800987,C,A
9,101817400,A,G
9,101824377,T,A
9,101797630,A,T
9,101747956,G,A
9,101825334,A,G
9,101829314,G,T
9,101748343,C,T
9,101706324,G,T
9,101810095,G,A
9,101749627,C,A
9,101817620,G,C
9,101797391,C,T
9,101767203,A,T
9,101804358,T,A
9,101765772,C,A
9,101806849,G,A
9,101824294,G,T
9,101832054,A,G
9,101765843,G,A
9,101829290,G,T
9,101830877,G,A
9,101788185,G,A
9,101818567,G,T
9,101817574,G,C
9,101825334,A,T
9,101748253,G,T
9,101810113,G,T
9,101787221,T,A
21,47423396,C,T
21,47423939,C,T
21,47410685,A,T
21,47422260,C,G
21,47407540,C,A
21,47423617,T,G
21,47421898,G,A
21,47410956,G,A
21,47412102,C,T
21,47423614,G,T
21,47422543,G,T
21,47423462,G,T
21,47404299,G,C
21,47421172,A,T
20,61460278,G,T
20,61458610,G,A
20,61467557,C,A
20,61468500,G,T
20,61461022,C,A
20,61468604,C,A
20,61453473,G,T
20,61468494,C,G
20,61453460,C,A
20,61458629,G,A
20,61468525,C,A
20,61460982,C,A
20,61468487,C,T
20,61452879,C,A
20,61461720,C,T
20,61453472,G,A
20,61453473,G,T
20,61453160,C,A
20,61455825,C,A
20,61460123,C,A
20,61468464,A,C
20,61460132,A,T
20,61453109,G,A
20,61458592,G,C
20,61453480,C,T
20,61453144,C,A
8,146076155,A,G
12,54737029,G,T
6,99825363,T,A
6,99817544,C,A
17,53045693,G,A
17,53046065,G,T
17,53046031,C,T
14,70793114,G,A
14,70793067,T,A
4,73923758,C,A
4,73923798,C,A
4,73931122,T,A
15,75221558,C,T
X,77155020,G,C
X,77155038,C,T
2,208461697,G,A
2,208440050,T,A
2,208442226,C,T
10,35495959,G,T
10,35500307,A,T
10,35437333,G,T
10,35500201,C,A
10,35500800,A,C
10,35477238,A,G
10,35500416,G,T
10,35484948,G,A
3,97596395,G,A
3,97605504,C,A
3,97596853,G,T
3,97605506,C,T
3,97599971,G,T
3,97596606,G,T
3,97634556,C,G
3,97605523,T,C
3,97605561,G,C
3,97595844,A,G
3,97596628,A,T
5,149460556,G,T
5,149452878,G,A
5,149460370,G,C
5,149434825,G,T
5,149459794,A,T
5,149435882,G,C
5,149456820,C,T
5,149441326,G,T
5,149441320,C,G
5,149435795,A,G
5,149457738,G,T
5,149459664,C,A
5,149460402,T,G
5,149456850,A,C
5,149433716,C,T
5,149452885,G,T
5,149449494,C,T
5,149447883,C,A
5,149449796,C,A
5,149460352,G,T
5,149433914,C,A
5,149449602,C,A
5,149437096,G,T
5,149456977,C,G
2,204736146,C,A
2,204735475,G,T
2,204732572,G,T
2,204732769,G,A
2,204735330,C,T
11,10800443,G,A
11,10778300,A,C
11,10778370,A,G
11,10789389,C,A
11,10785223,C,G
11,10791812,A,G
11,10800224,A,T
11,10781721,G,A
20,57576628,C,G
20,57576645,T,A
20,57576612,C,A
20,57571710,G,A
5,64079705,G,T
5,64084801,G,T
5,64314067,C,A
5,64082413,A,C
5,64082385,G,A
5,64070566,A,G
5,64081315,G,T
5,64081337,G,T
5,64070589,A,G
5,64267586,T,A
11,107224348,C,A
11,107299594,T,A
11,107299702,C,T
11,107207336,T,G
11,107205616,G,C
11,107299756,A,G
11,107288935,C,A
11,107260852,T,A
11,107197780,C,A
11,107205608,G,C
11,107219763,G,A
4,74902980,C,T
4,74902951,C,A
X,118678385,T,C
X,118675326,G,C
X,118676546,G,T
X,118694234,C,A
X,118678319,C,G
X,118673720,C,A
X,118699205,G,T
16,69458735,A,G
1,54644997,C,A
1,54644993,C,T
1,54661235,G,A
X,37664301,G,T
X,37660540,T,C
X,37651312,G,C
X,37670072,C,A
X,37663304,G,C
X,37642838,C,T
X,37655268,C,A
X,37658310,C,T
X,37641367,C,A
X,37665661,C,A
X,37639333,G,T
X,37653054,G,A
X,37653016,G,T
X,37670135,G,T
X,37663180,G,T
X,37668873,G,T
X,37655391,C,A
X,37663304,G,T
X,37663315,G,T
X,37670259,A,T
7,25163619,C,T
7,25163458,C,A
7,25163735,C,G
7,25163241,G,A
15,22969346,T,A
15,22958262,C,T
15,22955225,T,C
15,23000107,C,G
15,22933576,T,C
15,22945111,C,A
15,22958289,C,A
15,22939266,C,A
15,22939184,C,A
15,22963800,C,A
15,22933657,C,A
15,22960872,C,A
15,22962480,G,T
15,22925774,G,A
15,22935909,T,C
22,42525130,G,A
19,48982510,C,T
19,48981711,A,G
19,48981804,C,T
19,48981331,C,T
14,59112601,G,A
14,59112833,C,A
14,59113737,C,A
14,59112838,G,A
14,59113521,C,A
14,59108331,G,T
14,59113480,C,T
14,59112816,G,A
14,59108330,G,A
14,59112775,C,A
14,59112634,G,A
14,59113725,C,T
14,59112482,C,A
14,59112635,A,T
14,59112403,G,T
14,59105173,C,T
14,59112625,C,T
14,59112610,A,G
14,59112813,G,T
14,59112366,T,A
14,59112755,G,T
14,59112945,G,T
14,59108400,G,T
14,59112126,A,G
14,59113649,A,G
14,59112433,T,A
14,59113481,G,T
7,6456236,G,C
7,6485624,G,A
7,6449551,G,A
7,6487448,C,A
7,6449644,G,A
7,6470120,C,G
19,14071859,G,A
19,14065430,A,G
19,14070099,C,T
19,14070103,C,A
19,14070233,C,G
4,17805188,C,G
4,17805462,G,A
4,17805366,C,A
4,17805617,C,G
4,17805113,T,G
1,168014281,A,G
1,168032861,G,T
1,167956802,G,A
1,167974027,G,C
1,168014234,C,G
1,168014354,C,T
1,167960554,G,A
1,167973797,A,G
1,167973783,A,C
1,168034950,G,T
1,168034951,G,T
1,167944145,G,C
1,167962666,G,T
1,167992271,T,C
1,168012315,G,T
1,167973205,A,T
12,57927771,G,A
12,57928219,G,A
12,57924383,G,C
8,30032666,G,C
6,30866676,G,T
6,30859842,G,T
6,30865369,C,T
6,30857061,C,G
6,30867118,A,T
6,30865940,G,A
6,30860208,A,G
6,30858843,G,T
6,30862315,G,A
6,30860216,G,T
6,30866958,G,T
6,30862414,G,C
4,169205970,C,A
4,169208226,G,T
4,169208281,G,C
4,169145522,C,T
4,169146820,A,C
4,169158901,T,A
4,169158497,C,A
4,169172245,C,T
4,169146827,C,A
4,169146828,C,T
4,169201524,C,A
4,169196580,C,G
4,169146679,C,G
4,169201532,T,A
4,169213030,C,A
4,169232422,C,G
4,169227605,C,A
4,169190053,G,A
4,169215041,C,A
4,169204672,G,C
4,169183235,G,A
4,169173666,G,T
4,169194528,C,A
11,674761,C,A
11,688009,C,T
11,679720,G,A
11,678772,G,T
11,678763,C,A
11,644541,G,A
16,90025465,A,T
16,90028432,A,T
16,90028237,C,A
16,90032312,C,T
19,6467400,G,A
19,6467742,C,G
19,6467902,A,G
19,6468428,A,G
19,6475302,C,T
19,6471407,C,G
19,6472948,A,T
19,6479021,C,A
19,6478987,C,T
19,6467396,G,C
11,9192406,G,C
11,9199820,T,C
11,9166609,C,A
11,9225561,C,A
11,9192308,C,G
11,9165715,C,G
11,9165709,G,A
11,9228271,T,A
11,9163530,C,G
11,9215202,C,G
11,9215164,C,G
1,3774281,G,T
1,3800259,C,G
1,3775365,C,T
1,3786208,G,T
1,3789064,C,G
1,3800320,G,T
22,20093787,G,T
22,20077225,A,T
22,20073592,C,T
22,20079070,G,A
22,20094837,C,T
22,20094161,G,T
22,20073323,C,T
22,20077608,C,A
22,20079413,G,T
22,20077655,G,A
22,20079483,C,G
22,20080404,G,T
22,20074813,G,A
2,74184313,A,G
2,74173969,C,T
2,74166086,A,G
19,12790352,T,C
19,12788168,G,A
19,12786738,C,T
19,12790715,C,A
14,60620773,A,G
14,60619815,T,C
14,60611732,C,T
2,169938082,A,T
2,169948376,G,T
2,169952102,C,T
2,169938262,C,T
2,169938310,C,A
5,54581634,C,A
5,54581635,C,A
5,54572988,T,C
5,54594436,C,T
5,54557208,C,A
5,54557319,A,G
5,54572151,C,A
5,54563598,C,A
5,54593179,A,T
5,54586088,C,A
5,54567931,T,A
17,57647981,C,T
17,57643005,G,T
17,57647885,C,T
17,57684443,C,A
17,57682541,C,G
17,57684530,C,G
17,57647932,A,G
17,57643990,G,A
17,57684554,A,C
17,57676836,C,G
17,57651101,G,T
20,35060954,C,A
20,35060092,G,T
20,35060185,C,A
20,35060907,G,T
20,35127691,C,T
20,35064606,G,T
20,35075217,C,A
20,35060337,C,T
20,35060244,C,T
20,35060397,C,A
20,35060387,C,A
20,35060775,C,T
20,35128032,C,T
20,35125201,G,T
20,35060836,C,A
20,35060738,C,A
20,35060109,C,T
20,35060543,C,T
20,35060939,C,A
20,35068259,C,G
20,35060501,C,T
20,35060507,C,T
20,35060433,C,A
20,35128633,C,T
20,35060213,C,A
20,35060922,C,A
20,35125141,C,T
20,35061089,C,G
15,41222834,G,T
15,41222082,A,G
15,41222861,A,T
7,86820288,A,T
7,86800322,G,C
7,86795914,A,G
7,86820293,G,C
7,86824377,C,A
7,86824551,T,A
7,86824364,C,A
3,57494913,C,A
3,57487119,G,A
3,57488152,C,T
3,57496642,C,A
19,14627572,G,T
19,14627794,G,A
19,14627610,C,A
7,108213775,A,G
7,108213735,A,T
7,108213680,C,G
7,108213544,A,G
8,67012257,A,G
8,66992626,C,A
8,66963831,G,T
8,66988974,G,A
8,66963826,C,A
8,67012343,G,A
8,66989047,C,A
8,66989048,C,A
8,66963858,C,T
8,66963823,C,A
8,66992703,C,T
8,67012238,G,C
8,66988902,G,T
3,51418609,C,T
3,51265438,C,G
3,51370646,C,G
3,51297694,C,T
3,51392383,A,C
3,51196725,G,T
3,51251551,A,T
3,51284221,A,T
3,51265462,G,T
3,51392314,A,G
3,51400009,C,T
3,51418767,C,G
3,51101982,G,A
3,51308406,G,T
3,51264852,C,A
3,51393611,C,T
3,51399971,A,T
3,51370633,T,A
3,51264742,C,T
3,51126673,G,C
3,51274978,G,T
3,51392312,G,A
3,51274918,C,A
3,51126706,C,A
3,51126708,C,T
3,51352506,A,C
3,51400017,G,A
3,51266193,C,T
3,51198034,A,G
3,51395231,G,A
3,51395454,T,A
1,63001286,C,A
1,63052236,C,T
1,62995099,C,G
1,62961329,G,A
1,62961331,G,T
1,63100466,T,A
1,62941491,C,G
1,63018502,A,C
1,62941485,G,A
1,63005563,C,A
1,62959980,C,A
1,63099202,T,G
1,62979214,T,C
1,63113986,C,G
1,63021549,T,A
1,62941827,C,A
1,63018570,G,A
1,62921109,C,T
1,63128798,C,A
1,63113915,C,G
1,62941022,T,A
1,63048887,C,A
1,62995045,C,T
1,62923220,G,A
1,62995065,T,A
1,63084481,C,G
2,74784174,G,T
2,74782358,G,T
2,74784050,C,T
2,74783996,C,T
2,74782721,C,T
10,103348126,G,T
17,1936926,G,T
17,1943820,G,T
17,1943821,C,T
17,1936833,C,T
17,1939286,G,T
1,101460684,G,T
1,98015271,T,A
1,98060631,G,C
1,97981448,T,C
1,97839179,C,A
1,98187108,C,A
1,97981341,G,A
1,97658647,C,A
1,97544653,C,G
1,97700425,C,A
1,98058886,C,A
1,97839190,G,A
1,98164927,T,C
1,97564188,T,G
1,97981407,C,T
1,97658654,C,A
1,98015157,C,T
1,98058934,G,T
1,98058880,C,T
1,98015199,C,A
1,98157295,A,C
1,97771841,C,A
1,97981407,C,G
1,98015165,G,A
1,97700500,C,A
5,146788307,A,T
5,146780281,T,G
5,146780289,T,A
5,146778740,G,A
5,146792222,C,A
5,146780284,G,T
5,146781122,T,A
5,146777387,C,T
2,241500849,G,A
14,102452667,G,A
14,102452668,G,T
14,102493773,G,C
14,102469237,C,A
14,102446176,C,T
14,102496574,G,C
14,102483598,T,C
14,102483806,C,T
14,102499429,A,C
14,102472468,A,T
14,102474633,A,G
14,102502947,G,T
14,102449829,G,T
14,102510336,G,T
14,102469195,G,C
14,102496174,G,T
14,102449530,G,A
14,102495993,G,A
14,102449535,G,T
14,102505474,C,T
14,102472507,G,C
14,102481660,C,A
14,102476788,G,T
14,102496195,G,T
14,102482349,C,T
14,102481510,G,C
14,102463603,C,G
14,102516461,G,C
14,102469181,G,T
14,102474660,C,T
14,102478435,C,A
14,102481464,A,T
14,102500313,G,C
14,102486382,C,A
14,102510613,C,T
14,102508450,C,T
14,102483164,C,T
14,102493027,C,T
14,102508568,C,T
14,102493036,G,A
14,102455115,G,C
14,102452915,G,T
12,4702241,G,C
12,4722693,A,G
12,4708283,G,C
12,4721711,G,T
12,4721836,G,A
12,4714129,G,T
12,4705384,G,T
12,4714109,C,G
12,4705765,C,A
12,4700362,C,A
12,4705767,G,T
5,158523361,G,C
5,158523367,C,A
5,158267100,G,A
5,158135059,A,G
5,158223456,G,T
5,158139237,C,A
5,158267057,G,A
5,158158077,C,A
5,158223433,C,A
5,158523984,T,A
5,158140043,C,G
5,158140129,G,T
5,158522672,C,A
5,158139337,G,A
5,158223422,C,A
5,158250217,G,T
5,158250262,C,A
3,5244822,A,G
3,5251931,C,A
3,5251931,C,G
3,5229961,C,T
3,128060617,G,T
3,128060086,A,C
3,127983561,G,T
3,128060612,G,A
3,127983567,G,T
3,127981045,A,T
3,128060514,C,G
3,128060645,C,T
3,19975199,C,G
3,19924092,G,A
3,19938246,T,C
3,19975305,C,A
3,19962031,C,G
3,19975260,A,T
3,19921148,C,A
3,19947154,C,A
3,19974937,C,A
3,19975080,C,A
3,19921078,C,A
3,19921297,C,A
3,19961394,G,T
3,19975155,C,A
3,19975088,C,A
3,19961381,C,A
3,19921190,T,G
3,19974919,G,C
3,19940970,C,A
3,19961408,C,T
5,106723417,C,A
5,106762991,A,G
X,68060320,C,T
X,68059566,C,A
X,68059870,C,A
X,68060218,C,T
X,68060341,G,C
9,139566832,G,C
1,231509813,C,A
1,231557539,G,A
3,40351427,T,C
3,40352406,G,C
3,40352529,T,A
3,40351321,G,T
3,40352459,A,T
17,39846059,G,T
17,39846405,T,C
17,39846406,G,A
22,36912774,C,T
22,36915565,C,T
22,36921726,C,T
22,36907015,C,A
22,36912753,G,A
19,10226221,G,A
19,10226703,G,A
2,99999328,G,A
2,100007032,C,T
2,99976702,C,T
2,99976814,C,T
2,99988139,G,A
2,99980763,G,T
2,100013306,C,T
2,99980189,A,C
2,99980853,C,A
2,99984953,C,G
2,99977666,A,G
2,99985017,G,C
2,99998619,T,A
2,99978277,G,A
2,100010829,C,T
1,201981142,A,T
1,201981881,A,G
1,201980247,C,G
1,201981192,G,A
1,201980376,G,C
16,1825092,C,T
16,1826138,G,A
16,1825151,G,A
16,1825152,C,A
16,1826213,G,C
16,1826131,G,T
12,13367624,A,G
1,225702678,G,A
1,225688728,T,A
1,225702735,T,C
1,225700578,G,A
1,225699552,C,A
1,225706984,G,A
1,225685404,T,A
17,4858809,C,G
17,4856127,G,T
17,4857038,G,T
17,4857125,C,A
17,4856631,A,G
17,4857014,T,A
17,4858915,G,T
X,129813577,C,A
X,129759372,G,A
X,129799677,T,A
X,129801717,C,T
X,129771317,G,T
X,129801710,G,A
X,129759178,G,A
X,129765537,G,T
X,129837188,C,A
X,129759363,C,A
X,129813550,C,T
X,129799709,C,T
X,129771232,G,A
X,129843275,C,A
X,129813686,C,T
X,129759318,G,A
X,129837135,C,G
X,129771342,C,A
X,129799674,C,A
10,97607265,C,T
10,97583120,A,T
10,97626107,C,A
10,97607405,C,A
10,97605459,T,C
10,97605318,C,T
10,97515873,C,G
1,29319929,G,C
1,29320026,A,G
1,29365808,G,T
1,29356934,G,C
1,29442314,A,G
1,29435868,C,T
2,222322690,C,A
2,222298988,C,A
2,222307631,C,A
2,222298897,C,A
2,222291250,C,A
2,222322704,G,T
2,222322627,T,C
2,222301814,G,T
2,222433460,A,C
2,222307686,C,A
2,222294680,G,T
2,222322708,G,A
2,222428866,G,T
2,222301267,C,A
2,222429063,G,T
2,222428583,C,A
17,19235338,G,T
17,19216459,G,T
17,19186416,T,A
17,19216559,C,T
17,19186886,G,C
17,19186861,G,T
17,19232056,G,T
17,19213203,T,A
17,19186997,G,T
17,19186638,A,C
17,19186825,G,T
17,19186773,G,A
12,15777257,T,C
12,15774346,C,A
12,15819375,T,A
10,50690785,T,A
10,50732741,C,T
10,50736571,C,A
10,50667128,T,C
10,50732718,G,C
10,50681075,C,G
10,50708677,C,G
10,50686483,G,A
10,50668435,G,T
10,50679103,G,C
10,50668476,C,A
10,50666958,T,A
10,50678401,G,A
10,50666903,A,G
10,50732561,T,A
10,50667200,G,A
10,50667157,T,C
10,50679084,C,G
10,50732792,G,A
10,50691563,C,A
10,50740774,C,G
10,50678798,C,T
10,50713904,G,A
10,50681630,G,A
5,172324070,A,G
11,64082370,C,A
2,67637276,A,G
2,67632270,C,A
2,67631357,A,G
2,67630780,G,A
2,67631469,G,T
22,29688515,G,T
22,29695615,G,T
22,29695251,G,C
22,29695819,G,A
22,29668239,G,A
5,76028811,G,A
5,76028674,G,A
5,76029252,G,T
5,76028663,G,T
5,76029424,C,A
5,76029171,C,A
5,76029085,C,A
5,76028263,A,T
5,76028264,G,T
5,76029084,C,A
5,76028404,A,T
5,76028843,G,T
5,76029214,C,A
1,169492497,C,A
1,169529962,T,A
1,169541533,A,G
1,169512220,A,G
1,169500092,C,T
1,169526046,G,T
1,169511240,G,A
1,169510958,C,T
1,169493096,A,T
1,169519136,T,A
1,169484771,C,G
1,169515796,G,A
1,169528503,C,A
1,169510154,G,A
1,169525938,C,A
1,169526011,G,T
1,169511215,G,T
1,169529939,C,T
1,169489849,T,A
1,169510785,G,T
1,169510906,G,T
1,169510755,G,T
1,169529810,G,T
1,169525912,T,C
1,169511405,G,T
1,169529934,G,T
1,169524574,C,A
1,169495246,T,C
1,169519150,G,A
1,169495179,C,A
1,169500026,G,T
1,169524505,G,A
1,169519161,C,T
1,169483494,T,C
1,169511332,G,A
1,169511383,C,T
1,169526045,G,T
1,169526046,G,T
1,169511989,G,A
1,169487715,C,G
1,169510946,G,T
1,169510493,C,T
1,169528470,C,T
1,169492510,T,C
1,169525952,G,T
1,169511451,G,T
1,169510658,G,C
1,169510973,G,A
2,97749976,C,A
2,97749470,T,C
2,97757441,C,A
2,97757243,C,A
2,97756030,C,G
2,97751935,C,A
2,97749915,C,A
2,203620382,G,T
2,203630379,C,T
2,203591005,T,A
2,203630185,G,A
2,203630413,C,T
2,203630353,C,T
6,170697491,G,T
6,170632319,C,G
6,170627006,G,T
6,170657264,A,G
6,170632311,C,A
6,170627219,A,G
6,170627473,G,T
6,170626895,G,T
6,170627610,C,A
6,170626835,C,G
6,170627007,G,T
6,170626880,C,T
2,62066780,C,A
2,62065758,G,C
2,62066702,A,G
2,62067078,C,A
2,62054330,C,A
2,62067223,G,A
7,99146057,T,C
1,16101240,G,T
1,16093972,G,A
1,16111175,G,A
1,16091649,G,A
15,48818378,A,T
15,48766841,T,A
15,48760727,C,A
15,48703113,C,A
15,48756110,C,T
15,48738907,A,G
15,48707824,A,G
15,48740970,C,A
15,48720641,C,T
15,48752480,T,C
15,48725070,C,A
15,48718036,G,T
15,48764762,C,A
15,48718047,T,C
15,48787758,C,A
15,48756162,C,A
15,48755419,C,A
15,48755289,G,A
15,48808532,G,A
15,48726890,C,A
15,48780337,C,T
15,48766501,G,C
15,48784735,C,A
15,48791196,G,A
15,48758035,G,A
15,48703402,C,T
15,48800778,C,A
15,48712914,G,A
15,48805800,T,G
15,48829894,C,A
15,48741007,G,A
15,48787397,T,A
15,48729176,C,A
5,127638739,C,G
5,127626489,C,A
5,127640704,G,A
5,127641273,G,T
5,127627286,G,T
5,127645078,G,T
5,127666358,G,A
5,127681204,C,A
5,127730962,T,A
5,127704902,A,T
5,127623118,G,C
5,127730833,A,T
5,127626463,A,T
5,127671178,A,T
5,127686687,C,A
5,127622515,G,T
5,127693052,C,T
5,127611786,T,A
5,127664340,A,T
5,127800477,C,T
5,127681130,T,C
5,127613569,T,C
5,127599195,G,T
5,127782228,C,G
5,127670926,A,T
5,127673704,G,T
5,127673703,C,A
5,127595291,G,T
5,127671773,A,C
5,127728833,C,A
5,127728888,G,T
5,127730897,C,T
5,127627283,C,A
5,127641204,T,C
5,127681175,C,T
5,127611777,G,A
5,127705001,C,A
5,127595101,G,T
5,127800598,C,A
5,127624234,G,C
5,127611832,A,T
5,127641291,C,A
5,127664437,G,C
5,127595131,C,A
5,127664342,T,C
5,127624176,G,C
5,127693085,T,A
5,127744489,A,T
5,127686693,G,C
5,127624828,G,A
5,127666379,C,G
5,127686571,C,A
5,127607795,T,A
5,127595039,A,G
5,127609548,G,T
5,127666271,A,G
5,127686665,G,T
5,127686666,G,T
5,127710429,G,T
5,127712452,G,T
5,127595198,T,A
5,127744479,G,T
5,127644940,T,A
5,127873104,C,T
5,127636547,C,A
5,127637170,C,G
5,127685063,C,A
5,127712545,A,G
5,127597592,C,A
5,127622536,C,A
5,127674690,C,T
5,127692978,C,A
5,127648361,C,T
5,127614521,C,A
5,127800495,G,T
5,127624914,A,C
5,127647596,G,T
5,127674724,G,A
5,127681116,C,A
5,127666322,C,A
5,127713551,C,A
5,127704944,C,T
5,127645068,G,T
5,127729062,C,A
5,127595281,T,C
5,127595074,G,T
5,127728883,G,A
5,127673811,A,T
5,127728854,C,A
5,127645716,G,A
5,127866324,T,A
5,127873059,G,C
5,127714528,A,G
5,127654588,G,T
5,127800498,G,C
5,127728852,G,T
5,127627262,G,T
5,127599169,C,A
5,127614382,A,T
5,127614386,C,A
5,127648464,G,T
5,127712525,G,C
5,127863648,C,A
5,127681174,G,T
5,127697428,C,A
5,127729049,C,A
5,127872103,C,A
5,127673778,C,A
5,127710335,C,A
5,127637190,C,T
5,127641324,T,A
5,127666324,G,A
5,127730865,C,A
5,127800460,G,C
5,127595228,C,A
5,127666351,C,A
5,127595411,G,T
5,127648325,C,A
5,127782300,C,G
5,127727745,C,A
5,127730885,C,A
5,127614379,G,T
5,127727777,T,A
19,39435614,G,A
19,39433327,C,G
19,12800190,T,A
19,12807331,G,A
19,12805682,C,T
19,12805683,C,A
19,12807321,G,C
19,12807053,A,G
1,161645088,C,A
1,161641339,C,T
1,161642892,A,C
1,161642828,G,A
1,161641402,C,A
1,161641217,C,T
1,161647510,C,A
1,161641217,C,A
1,161647128,T,A
1,161645092,C,A
1,161647156,G,T
1,161641338,C,A
1,161641210,C,A
1,157659676,A,T
1,157665172,G,T
1,157667220,G,C
1,157665400,G,A
1,157670334,A,T
1,157667045,G,T
1,157667638,C,G
1,157660142,G,T
1,157660238,G,A
1,157668356,T,A
1,157666120,G,T
1,157666121,G,T
1,157665123,G,T
1,157659641,A,G
1,157660280,G,A
1,157665413,G,A
1,157666998,C,T
1,157668288,C,A
1,157665371,A,C
1,157666025,G,A
1,157660199,G,C
1,157665394,G,T
1,157665995,G,T
1,157650553,A,G
1,157665243,G,T
1,157666151,G,C
1,157659607,G,T
1,157650837,C,G
1,157665128,T,C
1,157666024,T,A
1,157665181,G,T
1,157660129,T,A
1,157668197,G,A
1,157666159,G,T
1,157665859,A,G
1,157668362,C,T
1,157667244,G,T
1,157665171,T,A
1,157670328,C,A
1,157665957,G,T
1,157660307,G,C
1,157667057,C,A
1,157665853,G,T
1,157666889,C,T
18,55247342,C,A
18,55240533,C,G
18,55240516,G,A
18,55247313,C,A
18,55221585,C,A
18,55238745,G,A
15,91437239,C,T
15,91432605,G,T
19,35941156,G,T
19,35940868,C,A
19,35941684,G,T
19,35941665,G,T
19,35941414,C,A
19,35941285,G,T
19,35941406,C,T
19,35941483,G,T
X,137785247,G,A
X,137715101,G,T
X,137939743,C,G
X,137793049,G,T
X,137715148,C,A
X,137790977,T,G
X,137715142,T,A
X,137715014,C,A
X,137793040,C,A
X,137821454,C,A
X,137749883,G,T
X,137793019,G,T
X,137821450,C,A
X,137717645,C,A
X,137717721,G,C
X,137821448,G,T
X,138286365,C,T
X,137793208,C,G
X,137714889,T,C
X,137715135,T,A
X,137821457,A,T
X,137793015,G,C
X,138067225,C,G
X,137715045,C,G
15,49716711,A,G
15,49716577,T,C
15,49716471,G,A
15,49716496,T,A
4,15937647,C,A
4,15937648,A,T
4,15937873,C,T
4,15937468,G,T
4,15938263,G,T
4,15938236,G,T
4,15937797,G,C
4,155527885,A,T
4,155531077,C,G
4,155527940,T,A
4,155531191,T,A
4,155531077,C,T
4,155533354,C,A
4,155531210,A,C
4,155533848,G,T
4,155528068,G,A
9,115965313,A,G
9,115946630,C,A
9,115935780,C,T
9,115956435,T,C
9,115961190,G,A
9,115983482,C,A
19,49983708,G,A
8,42940002,A,T
8,42914258,T,C
8,42927367,C,T
8,42911657,G,T
8,42939891,T,C
19,45976089,C,T
19,45973886,G,A
19,45971807,C,T
19,45976290,C,G
17,80478022,G,T
17,80543836,G,T
17,80559374,A,T
17,80545103,C,T
17,80545122,C,G
6,41533559,G,T
6,41556419,A,G
6,41533580,G,A
6,41533600,C,A
6,41558067,C,T
6,41557832,G,T
6,41557825,C,G
6,41558085,G,C
19,52249102,C,A
19,52249983,C,T
19,52250043,C,T
19,52249723,G,T
19,52250122,C,A
19,52250185,G,T
19,52249251,C,A
19,52249355,G,T
19,52249869,C,T
19,52249336,C,A
19,52250113,C,G
19,52249646,C,T
19,52249869,C,T
19,52249798,C,A
19,52249799,C,A
19,52249894,G,A
1,100181217,C,A
1,100174799,A,T
1,100183082,C,A
1,100185118,G,A
1,100206374,G,A
1,100174411,C,A
1,100176440,C,A
19,681421,G,T
X,44386527,G,A
X,44383422,T,A
17,42153250,C,A
9,128064686,A,G
9,128074791,C,T
9,128061359,C,A
9,128094322,G,T
9,128088766,G,A
9,128099631,A,T
9,128092475,A,T
9,128118030,G,T
9,128094292,G,T
9,128097505,C,T
22,29708168,A,T
22,29706677,T,C
22,29704500,C,T
7,92083958,C,G
7,92083984,G,T
7,92085764,G,T
7,92080020,C,G
1,89477703,C,G
1,89480335,T,A
1,89476650,G,C
1,89476789,T,C
1,89479840,G,A
1,89477519,G,T
1,89480279,C,T
2,109086437,C,G
2,109087635,G,T
2,109086647,G,A
2,109086638,G,C
2,109088412,A,G
2,109098746,G,A
2,109098878,G,C
2,109086135,A,T
2,109088072,C,G
2,109086202,G,A
2,109116041,G,A
2,109092020,G,T
2,109087033,C,T
2,109087236,G,T
2,109099619,A,C
2,109086113,G,T
2,109085530,A,T
2,109085525,G,A
2,109067569,G,C
19,18499157,G,C
19,18497006,G,T
19,18499152,G,A
19,18499574,C,A
22,24629893,T,A
22,24615993,G,A
22,24640618,C,T
22,24621594,C,A
3,141904809,C,A
3,141896419,C,A
3,141900397,T,C
11,134241027,G,T
11,134238566,G,T
11,134240907,C,G
11,134217327,G,A
11,134239728,G,T
11,134212791,A,C
11,134244036,T,A
7,42005519,C,A
7,42004503,C,A
7,42064874,G,A
7,42007333,T,A
7,42005257,G,A
7,42006074,C,A
7,42004817,G,T
7,42012087,G,T
7,42079717,G,A
7,42005524,G,C
7,42004566,C,A
7,42079752,C,A
7,42063167,T,C
7,42262847,C,A
7,42007403,A,T
7,42085089,C,G
7,42088289,G,A
7,42005962,C,A
7,42006017,C,A
7,42004800,C,A
7,42064965,C,T
7,42088266,T,A
7,42005202,C,T
7,42004025,G,T
7,42018227,G,T
7,42187903,C,G
7,42088288,C,A
7,42007450,G,T
7,42088268,C,A
7,42006218,C,A
7,42004993,T,A
7,42004169,C,A
7,42005090,C,G
7,42004817,G,T
7,42005031,G,A
7,42007443,G,C
7,42003993,C,T
7,42005869,C,A
7,42079816,C,A
7,42006172,G,C
7,42005160,C,A
7,42004046,C,A
7,42065849,A,C
7,42005001,C,A
7,42012056,C,G
7,42079730,G,A
7,42005086,G,A
7,42004819,G,T
7,42085017,C,A
7,42005353,T,A
7,42005278,C,A
9,4118739,C,A
9,4118163,T,A
9,3829339,C,T
9,3937124,T,A
9,3937160,C,A
9,3855895,G,C
9,4117986,C,A
9,4286471,A,T
9,4285968,T,A
9,3932421,G,A
9,3829319,C,A
3,52730643,A,T
3,52731792,G,A
10,88820737,C,A
10,88819956,C,G
10,88854406,G,T
2,70092042,A,G
2,70096905,A,G
2,70106039,A,G
19,19745413,G,A
19,19746349,C,A
19,19751333,C,T
19,19748726,C,T
19,19751158,C,T
19,19746325,G,C
19,19753363,C,T
19,19750925,G,A
19,19748831,G,A
19,19740856,T,C
19,19749277,T,C
19,19744910,G,A
19,3115012,C,T
19,3119001,C,G
19,3121014,G,T
15,52446250,C,G
15,52476783,G,C
15,52472025,C,A
15,52442101,C,A
15,52433340,C,T
15,34673568,C,A
15,34673670,C,A
15,34673801,C,A
1,27220829,T,A
1,27217224,A,T
1,27223872,C,T
1,27217193,G,C
1,27226753,C,G
1,27224057,T,A
1,27224092,T,A
1,27226597,G,C
1,27226504,G,T
17,42478104,C,A
17,42475588,C,A
17,42475137,G,C
17,42513913,C,A
17,42513914,C,A
17,42477876,C,T
17,42475031,C,G
17,42476435,C,A
17,42477414,C,G
17,42478281,A,T
17,42477130,C,A
17,42477153,C,T
17,42476845,C,A
17,42483356,C,T
17,42476575,C,A
17,42478467,C,T
17,42476210,C,T
17,42501731,G,A
17,42477491,C,A
17,42476905,C,A
17,42475265,G,C
17,42475368,G,C
X,41556045,A,G
X,41555240,C,G
X,41555242,A,G
X,41555023,G,T
22,40364053,G,T
22,40367056,C,G
22,40366981,G,T
22,40351868,C,A
22,40362110,C,A
22,40364276,G,C
22,40362076,C,A
22,40356151,C,A
22,40365424,G,T
22,40367030,G,A
22,40364155,C,G
22,40365465,C,A
22,40356136,G,T
2,10101410,C,A
2,10132275,G,A
2,10136041,G,T
2,10098915,G,T
2,10140873,G,T
2,10104081,G,A
2,10126264,G,T
5,148730755,A,T
15,59944431,G,A
9,135553983,G,A
9,135564267,G,C
9,135562653,G,A
9,135555142,C,G
9,135562661,T,C
9,135553434,A,C
9,135553884,C,T
9,135554876,G,C
9,135554779,C,T
9,135933328,T,C
9,135917627,G,A
9,135926292,A,T
9,135933499,C,T
9,135932240,G,T
9,135933286,G,A
9,135926348,G,T
7,65429376,G,A
7,65439286,A,C
7,65440979,G,C
7,65429344,G,A
7,65441053,G,T
7,65444836,G,A
7,65425966,C,G
7,65447099,C,A
7,65440961,G,A
7,65435326,C,T
16,1866946,C,A
16,1872326,T,G
16,1872979,C,A
16,1866941,C,A
8,122626904,C,A
8,122629425,G,C
8,122626277,T,G
8,122626600,T,C
8,122641302,T,G
8,122626832,G,C
8,122626810,G,T
8,122626240,G,T
8,122641020,C,T
8,122626662,G,T
8,122641191,C,T
8,122629386,C,G
8,122626320,T,A
8,122641181,A,T
8,122626343,G,C
8,122641133,T,A
8,122641407,G,C
8,122627237,A,C
8,122626456,G,A
8,122626968,C,A
8,122627197,G,T
8,122626567,C,A
8,122641414,T,G
8,122641478,G,A
8,122641065,C,A
8,122641356,T,C
15,42858824,T,A
15,42850469,T,G
19,36109052,G,C
19,36109807,G,T
19,36109850,G,T
19,36109870,G,A
19,36113570,G,T
19,36110652,G,T
6,135286415,C,A
6,135360766,C,T
6,135360779,T,C
17,65156383,G,T
17,65146102,C,A
17,65104710,T,C
17,65156439,G,C
17,65103287,C,T
17,65144729,C,G
17,65103684,G,A
17,65174828,C,T
17,65120094,G,A
17,65197218,C,G
17,65197200,G,A
17,65103325,G,C
17,65103364,T,G
17,65103614,T,A
17,65146082,T,C
17,65083055,G,C
17,65174830,G,A
17,65082999,G,C
17,65144705,G,A
17,65184466,T,A
17,65190134,C,T
17,65163772,C,T
17,65214798,C,A
17,65184456,T,A
17,65103393,C,A
6,31323940,G,A
6,31323372,G,C
6,29797338,G,T
6,29796362,C,A
6,29796363,C,G
6,29798162,A,T
6,29795569,G,T
6,29795563,G,T
6,29795918,G,T
6,29797632,T,A
6,29797612,C,A
6,29798347,G,A
6,29797446,C,T
5,74646703,A,G
5,74652176,G,T
5,74646642,A,T
5,74646642,A,G
5,74656147,T,C
5,74639728,C,T
5,74655898,G,T
1,120301854,A,T
1,120301895,T,A
1,120298156,G,C
1,120300057,G,T
1,120306919,G,T
1,120298057,G,C
1,120311448,G,T
1,120307036,G,A
1,120300040,G,T
1,120307019,C,T
1,120300051,A,T
1,120299944,G,C
22,35789515,A,T
22,35789561,G,A
22,35779116,C,A
22,35783020,G,C
22,35789501,C,G
12,121434482,C,A
12,121426785,G,T
12,121434172,G,T
12,54675922,G,T
12,54676057,G,T
12,54676198,A,G
12,54678090,G,C
12,54674575,C,G
12,54674541,C,A
12,54675629,A,G
12,54674565,G,A
12,54674520,G,A
12,54675174,C,G
12,54675955,C,A
12,54676240,G,A
12,54677000,G,T
7,26232877,C,A
7,26237076,C,G
7,26236976,C,G
7,26233309,T,A
7,26240387,C,T
7,26237015,C,A
7,26236065,C,A
7,26232191,T,C
7,26235526,C,G
7,26240191,C,A
5,179050070,C,T
5,179045155,A,T
5,179048375,G,C
5,179045244,C,G
5,179044535,G,C
5,179048121,G,A
16,22926287,G,C
16,22826281,C,A
16,22926382,C,A
16,22926539,G,A
16,22826294,C,A
16,22826203,C,A
16,22926860,G,T
16,22926611,A,G
16,22926638,C,A
16,22926915,T,A
16,22926438,C,A
16,22826315,G,C
16,22926884,G,A
16,22926316,C,A
X,53459013,C,A
X,53458305,A,G
X,53458307,G,T
6,31779674,C,G
6,31777852,G,A
6,31779552,C,T
6,31778377,A,T
6,31779455,C,T
6,31777944,C,G
6,31777918,T,G
6,31777930,G,A
6,31777797,C,A
6,31778780,G,A
6,31777646,C,A
6,31778728,C,T
6,31778528,C,A
6,31779206,C,A
6,31777894,C,A
X,135593100,C,G
X,135592353,C,G
X,135593711,G,A
X,135585006,G,T
X,135579752,G,T
X,135581903,C,T
X,135593335,A,T
X,135593311,G,T
X,135593508,C,T
X,135592352,G,T
X,135586542,G,A
X,135594228,G,C
X,135579719,G,T
X,135585093,C,G
X,135593856,C,A
X,135581828,C,A
X,135592994,G,T
X,135594124,T,C
X,135592243,G,A
X,135593999,G,T
X,135581842,A,T
X,135579988,C,T
X,135592250,G,A
2,231973421,T,A
2,231973824,C,T
2,231988312,C,T
2,231973147,T,C
2,231973423,C,T
2,231978590,C,A
2,231973592,A,T
8,38835598,C,A
8,38840066,C,T
8,38835529,G,T
8,38831817,G,T
8,38831820,G,T
8,38832189,C,T
8,38840043,C,A
8,38845496,G,A
8,38835503,C,A
16,71098635,G,A
16,70871670,G,C
16,71212912,G,A
16,70843786,G,A
16,70841495,C,A
16,70977722,C,T
16,71186637,T,C
16,70972618,A,T
16,71008468,G,A
16,70863596,C,A
16,70891750,G,A
16,70900088,G,T
16,71015470,C,A
16,70841400,T,A
16,70916661,C,T
16,71101226,C,A
16,70954583,C,A
16,70841512,C,T
16,71171160,G,T
16,70894059,A,T
16,70998793,G,A
16,71220769,C,A
16,71163634,G,T
16,70977764,C,A
16,71163573,G,C
16,70916725,G,A
16,71025246,G,T
16,71186617,A,T
16,71015294,C,A
16,71015295,T,C
16,71096192,G,T
16,70975590,G,T
16,70942679,T,A
16,70977730,C,T
16,70867841,G,A
16,70896128,C,A
16,71012832,T,G
16,71212908,G,C
16,70998668,C,T
16,71101254,C,G
16,70905944,G,T
16,71163613,G,T
16,71065740,G,T
16,70896105,G,T
16,71149692,C,A
16,70841741,G,T
16,70841704,T,C
16,70993553,A,T
16,71196621,T,A
16,70896074,C,A
16,70902626,G,A
16,71209640,G,T
16,70894023,G,A
16,71212867,G,C
16,71186597,T,A
16,70913523,A,C
16,70986483,G,T
16,71065546,G,A
16,71103347,G,A
16,70926292,A,T
16,71209580,T,G
16,70986452,G,C
16,71096100,G,C
16,70975570,C,A
16,71094415,C,A
16,70869667,C,A
16,70916613,C,T
16,70908800,T,A
16,71008461,C,G
16,70908744,C,G
16,71012867,C,T
16,70906048,G,A
16,70905949,G,T
16,70942226,T,A
16,70917956,G,T
16,71061515,G,C
16,70841627,G,C
16,70841945,G,T
16,71015345,C,A
16,70841870,G,T
7,8183563,C,T
7,8260937,T,G
7,8178645,C,A
7,8181394,C,A
7,8198169,T,A
9,131939601,G,C
17,41158969,C,T
17,41165492,G,A
17,41158983,G,A
10,91099327,G,A
2,217526750,C,A
2,217528817,G,C
2,217525440,G,C
2,217526742,G,T
2,217526631,G,C
2,217525361,G,T
2,217525436,G,A
2,217526667,C,A
3,53880624,C,T
3,57132511,C,T
3,57136547,G,A
3,57130450,C,A
3,57131937,C,G
3,57138387,C,A
3,57203270,C,A
3,57132555,G,T
3,57130333,C,A
3,57148729,C,A
3,57132270,G,A
3,57130439,G,A
2,103010927,A,G
2,103003409,G,C
2,103010991,G,T
2,102992386,T,G
2,102979110,G,T
2,103010974,G,T
2,103013009,A,T
2,102992516,A,T
2,103010991,G,A
2,103011082,G,C
2,102992415,A,T
2,102992438,G,T
2,102984392,T,G
2,102984394,G,T
2,102992475,G,T
2,113532799,G,T
2,113532745,G,T
2,113532837,G,C
2,113539390,T,C
2,113587908,C,T
2,113588914,G,T
2,113588949,G,T
2,113588989,G,T
2,102968276,C,A
2,102968277,C,A
2,102954774,C,T
2,102968097,G,T
2,102954739,C,G
2,102964448,A,G
2,102964500,G,A
2,102958725,C,A
2,102959788,G,C
2,102967993,T,G
2,102964544,T,A
2,102959916,C,G
2,102958727,C,A
2,102957160,C,T
2,102965695,T,A
2,102965565,G,T
2,102968257,A,T
2,102957269,C,A
2,102965694,C,A
2,102956626,C,A
2,102956627,A,G
2,102957235,A,T
2,102955462,C,A
2,102956636,G,C
2,102959635,A,G
2,102964402,T,G
8,79652271,T,A
8,79652305,C,G
8,79645960,A,T
8,79645900,G,T
11,31477921,C,A
18,12028049,A,C
18,12009892,G,T
10,105037100,C,A
10,105048127,G,C
10,105046872,G,T
10,105037910,G,A
10,105037114,C,T
10,105048117,G,A
18,33048628,C,A
18,33060527,C,A
18,33048704,G,A
2,206872011,C,G
2,206872020,C,T
2,206921452,G,T
2,206869932,C,A
2,206921577,C,A
2,206869874,T,A
2,206869966,C,G
2,206911327,C,G
2,206921201,C,G
2,206869607,C,A
2,234112954,C,T
2,234106868,G,T
2,234091102,C,A
2,234104107,C,T
2,233925275,C,A
2,233925318,G,A
2,233925280,G,T
2,234072375,G,A
2,234106825,C,A
2,234102515,C,G
2,234072549,A,C
2,234102479,G,A
2,234106843,C,T
2,234102540,G,T
2,234106956,T,A
10,121541266,C,G
10,121551134,G,T
10,121571426,G,T
10,121558076,A,G
10,121579052,G,T
20,20350422,T,C
20,20350430,C,G
20,20348899,G,T
20,20349229,G,A
20,20350198,C,A
20,20349775,G,T
20,20349683,G,A
4,106616825,C,G
4,106603920,C,A
4,106604352,T,C
4,106621078,C,T
4,106604219,T,A
4,106621161,A,G
4,106603997,G,A
1,153745528,G,A
1,153742311,A,G
1,153721200,G,A
1,153740270,C,T
1,153721067,A,T
1,153701103,C,G
1,153701104,T,G
1,153727151,G,A
1,153745702,C,T
1,153735732,C,T
1,153723552,G,T
5,61778980,G,C
5,61847062,G,A
5,61733224,G,T
5,61922992,G,A
12,113645859,A,G
20,13279806,C,A
20,13279910,C,G
20,13279935,C,A
20,13251266,G,T
17,42451904,C,T
17,42455868,G,A
17,42455818,G,C
17,42452907,C,G
17,42457495,G,A
17,42455747,C,A
17,42452120,C,A
17,42451883,C,G
17,42452083,C,A
17,42451767,C,A
17,42457493,C,A
17,42457494,C,A
17,42457145,A,T
17,42458362,C,G
17,42452091,C,A
17,42451677,C,A
17,42451839,C,A
5,52356839,G,T
5,52370967,G,A
5,52360854,T,A
5,52351368,A,G
5,52367778,A,C
5,52362956,G,C
5,52356877,G,T
5,52386429,A,C
5,52377468,G,T
5,52351515,A,G
5,52360751,G,T
5,52371076,G,A
5,52347245,G,T
5,52371050,G,T
5,52376359,C,G
5,52353897,A,T
5,52361752,G,T
5,52361753,G,T
5,52369034,C,A
5,52361674,A,C
5,52340915,G,C
5,52374657,G,A
5,52347346,G,T
2,182360581,G,C
2,182346387,C,A
2,182346388,C,A
2,182387061,T,C
2,182389982,T,C
2,182389954,C,A
2,182363400,C,A
2,182322475,C,A
2,182388194,G,C
2,182339715,G,T
2,182339909,T,A
2,182339892,G,T
2,182346392,A,T
2,182350692,G,T
2,182386949,G,T
2,182388237,T,G
2,182395322,G,T
2,182344947,G,T
2,182392052,G,T
2,182399575,C,G
2,182359478,G,T
2,182347286,G,T
2,182376466,C,T
2,182347350,G,T
2,182358123,G,A
2,182322407,C,A
2,182359483,G,C
2,182339792,T,A
2,182360546,C,A
2,182363443,C,A
2,182360604,G,C
2,182344887,A,T
2,182400330,G,A
2,182363444,A,C
2,182340550,G,A
2,182396457,C,T
2,182339987,G,T
16,31374645,T,A
16,31371363,G,T
16,31371152,G,T
16,31371041,G,T
16,31382974,T,A
16,31393210,C,A
16,31374570,G,T
16,31368440,A,G
16,31373186,G,T
16,31368412,C,A
16,31391338,A,T
16,31371761,G,A
16,31368684,G,T
16,31382471,G,T
16,31391126,G,A
16,31383710,G,T
16,31373193,A,T
16,31374284,G,T
16,31371783,G,T
16,31366589,G,A
16,31372528,A,T
16,31391316,G,C
16,31383808,C,A
16,31382655,G,T
16,31373167,C,A
16,31382711,C,G
16,31391128,G,T
16,31384622,G,T
16,31388223,G,T
16,31383041,G,T
16,31383063,C,T
16,31383064,G,C
16,31382466,G,T
16,31374029,G,C
16,31388320,G,T
16,31374530,C,A
16,31371127,C,A
16,31384696,C,T
16,31367247,C,A
16,31374654,C,T
16,31391640,C,G
16,31391306,C,T
16,31373976,G,T
16,31371771,G,A
16,31382492,G,T
16,31384586,G,T
16,31388167,A,T
16,31374272,G,T
16,31374568,T,A
16,31384596,A,T
16,31382660,G,T
16,31371783,G,T
16,31391671,G,T
16,31384697,G,T
16,31368665,G,T
16,31384707,G,A
16,31391153,G,A
16,31374564,G,T
16,31384649,G,T
3,124578287,C,A
3,124492670,G,A
3,124540252,C,A
3,124592374,G,C
3,124482530,C,T
3,124578095,G,A
3,52864568,C,G
3,52847505,C,G
3,52860612,G,A
3,52858333,T,G
3,52854649,C,A
3,52855025,T,A
3,52852080,C,A
3,52847316,C,G
5,78573766,G,T
5,78573820,G,A
5,78612080,G,C
5,78610650,G,A
5,78610543,G,T
5,78602256,A,C
20,62046337,T,G
20,62039866,C,A
20,62044851,G,A
20,62046273,G,A
20,62065167,C,T
20,62038269,C,A
20,62046267,T,A
20,62038061,G,T
20,62038193,G,T
20,62065183,G,A
20,62046380,G,T
20,62076037,C,A
20,62038174,C,A
20,62038704,C,G
20,62071028,A,C
20,62076693,C,A
20,62046308,C,T
20,62046310,G,T
20,62076647,C,A
20,62038065,G,T
20,62038292,C,A
20,62076626,C,A
20,62038708,C,G
20,62078122,G,T
20,62038665,G,A
20,62069998,G,T
20,62071009,C,A
20,62065067,A,G
20,62038676,C,A
20,62073809,C,A
16,29918369,G,T
16,29934567,C,T
16,29937168,C,T
16,29934554,T,G
19,34302445,C,G
19,34302768,G,T
19,34302440,C,G
19,34297900,G,T
19,34302442,G,T
19,34291390,T,C
7,66098289,G,T
7,66104113,A,T
7,66104162,C,T
7,66103309,G,A
7,66098317,C,A
1,44128655,C,A
1,44159712,T,C
1,44160431,C,G
1,44133469,G,T
1,44137428,C,T
1,44137189,C,A
1,44169782,T,A
1,44160465,A,T
19,5144015,C,T
19,5070977,G,T
19,5070926,A,C
19,5077464,G,A
19,5033026,G,T
19,5032934,C,T
19,10610411,A,G
19,10610277,T,A
19,10602329,C,A
19,10602584,C,A
19,10602799,C,A
19,10602767,C,A
19,10610235,C,G
19,10602739,A,T
19,10602938,C,A
19,10602746,G,A
19,10610364,G,A
19,10599903,C,T
19,10597495,C,A
19,10602767,C,A
19,10602292,C,A
19,10600365,C,A
19,10600428,C,A
19,10600447,G,A
19,10600474,T,C
19,10599867,C,A
19,10610235,C,A
19,10610133,G,A
19,10610405,G,A
19,10602581,C,T
19,10600008,C,T
19,10610343,C,A
19,10610109,G,A
19,10597491,C,T
19,10602923,C,G
19,10610279,G,A
19,10602612,G,A
19,10610221,C,A
19,10597396,C,A
19,10602580,C,T
19,10602727,T,A
19,10600006,C,A
19,10602767,C,T
19,10610419,C,A
19,10610139,C,T
19,10599915,C,T
19,10610247,C,A
19,10610225,T,C
19,10602875,C,G
19,10597355,C,A
19,10602581,C,A
19,10602581,C,T
19,10602727,T,A
19,10602775,A,G
19,10600447,G,T
19,10600419,T,C
19,10602289,C,A
19,10602328,C,A
19,10602796,C,G
19,10610415,C,A
19,10599899,G,A
19,10602328,C,T
19,10600329,C,A
19,10610361,C,T
19,10610212,G,A
19,10610246,A,G
19,10610382,T,C
19,10602257,C,A
19,10600324,C,A
19,10602719,T,A
19,10600330,C,A
19,10600417,C,A
19,10600347,A,T
19,10610293,G,T
19,10610244,T,C
19,10600477,T,C
19,10610285,G,A
19,10610589,C,A
19,10600417,C,A
19,10610279,G,A
19,10610475,C,G
19,10600510,C,A
19,10602872,C,T
19,10602543,G,C
19,10599866,A,T
19,10602620,G,A
19,10602822,C,A
19,10602925,T,A
19,10602328,C,A
19,10602335,G,A
19,10610408,G,C
19,10610574,G,A
19,10602840,G,C
14,24901093,G,C
14,24901180,G,T
14,24901200,T,A
14,24906606,C,T
14,24906463,C,G
14,24901125,C,G
14,24900790,C,T
14,24905377,C,T
14,24900869,G,T
14,24901483,G,T
14,24901122,G,T
16,85109450,G,T
16,85112585,C,T
16,85106571,G,T
16,85100670,C,G
16,67213732,C,A
16,67210803,C,G
16,67214273,C,A
16,67210805,T,C
7,36423521,C,G
7,36429683,T,A
7,36396957,G,A
7,36396906,C,A
7,36429575,C,T
7,36397094,C,G
7,36373501,G,A
7,36396649,T,A
1,33235819,C,T
1,33237475,C,T
1,33235514,C,A
1,33237907,C,G
1,33234331,G,A
1,33236708,C,G
1,33234319,G,A
1,33234321,G,A
1,33233512,G,A
1,33236105,C,T
1,33236143,C,A
1,33237497,C,T
1,33237928,C,T
1,33236886,C,G
10,32322773,C,G
10,32337440,T,C
10,32329346,C,T
10,32307277,G,C
10,32304518,C,A
8,145693759,C,G
8,145698021,C,G
8,145692395,G,A
8,145694127,C,T
8,145697972,G,T
8,145695012,A,G
8,145692683,G,A
8,145692700,C,T
22,50987960,C,A
22,50988042,C,A
22,50987893,C,A
3,183217606,C,A
3,183211924,G,T
3,183210160,G,T
3,183217479,T,C
3,183211929,C,T
3,183210493,G,T
3,183273169,G,T
3,183273217,G,C
3,183209770,A,T
3,183209920,G,C
3,183226083,C,T
3,183273205,G,T
3,183217574,C,A
3,183211915,T,A
3,183211747,T,C
3,183226293,G,T
3,183209891,C,T
3,183210583,G,A
3,183273319,G,T
3,183209738,C,A
3,183225911,C,A
7,23145690,G,C
7,23205441,G,C
7,23205404,G,T
7,23213895,A,G
7,23163444,G,T
7,23213769,G,T
7,23213686,G,T
1,32573644,C,T
1,32626214,A,T
1,32636463,C,T
1,32628050,T,C
1,32623006,G,A
1,32627617,A,T
1,32573724,G,A
1,32636567,G,T
19,47986421,G,C
19,47986462,C,T
19,47978650,G,A
1,155145212,A,G
18,21508596,G,T
18,21508618,A,C
18,21483062,G,A
18,21338378,G,A
18,21426388,G,T
18,21418823,G,T
18,21425017,A,G
18,21523882,A,G
18,21461922,G,T
18,21474890,G,T
18,21531691,C,T
18,21481106,G,A
18,21441624,G,A
18,21456355,G,T
18,21452988,A,T
18,21479329,G,T
18,21487531,A,T
18,21422450,C,T
18,21437854,G,T
18,21474271,A,G
18,21441740,G,T
18,21534487,A,T
18,21501494,G,A
18,21451403,C,G
18,21416985,A,G
18,21343483,G,C
18,21485527,G,T
18,21512237,G,A
18,21513790,T,G
18,21526203,C,T
18,21474925,A,C
18,21393038,G,C
18,21453075,G,T
18,21407284,A,T
18,21404467,G,A
18,21474312,G,C
18,21474905,C,G
18,21513860,T,A
18,21453001,G,A
18,21416983,G,T
17,37071325,G,T
17,37046701,G,T
17,37034383,A,G
17,37074911,C,T
17,37074947,G,A
17,37074986,C,T
7,73635038,C,T
7,73634097,C,A
7,73636006,C,G
8,29963391,G,C
8,29963354,C,T
9,124976286,C,G
9,124976561,C,A
9,124971944,G,T
9,124979357,G,T
9,124976324,C,G
9,124979411,C,T
9,124988657,G,T
9,124989209,G,A
19,54818598,C,A
19,54823368,G,A
19,54823398,G,T
19,54823311,G,C
19,54818626,C,A
19,54818758,C,A
19,54822753,A,G
19,54818980,C,A
19,54824394,C,A
19,54818588,G,T
19,54822758,C,A
19,54822913,C,A
19,54822948,G,C
19,54818597,C,A
19,54818598,C,A
19,54818909,A,T
4,54347888,T,A
4,54364994,G,A
4,54347964,C,A
4,54362196,C,G
4,54362242,T,C
4,54327665,T,C
4,54347997,C,A
4,54439849,G,C
5,121405749,G,T
5,121409737,T,A
5,121405865,T,A
5,121409844,T,G
5,121402393,G,T
5,121413730,A,T
5,121409740,G,T
5,121412656,C,A
15,34653713,T,C
15,34656217,G,C
15,34651828,T,A
15,34654985,C,T
15,34657815,G,A
15,34651923,C,A
19,36431077,C,T
19,36430769,G,T
19,36430920,G,T
19,36430423,C,A
19,36430545,C,T
19,36431252,G,T
19,36435668,G,T
19,36430711,C,T
19,36430831,C,T
6,53784295,G,C
6,53660211,G,C
6,53785559,G,T
6,53706983,G,T
6,53787668,C,T
6,53785527,G,C
12,122675978,G,A
12,122684735,G,A
12,122684751,C,T
12,122684775,G,T
12,122674728,G,T
12,122669147,G,A
12,122684849,G,T
12,122674674,C,G
12,122674805,C,T
12,122676103,G,A
3,120054769,T,C
14,24780233,C,G
14,24780785,G,T
6,144181578,G,A
6,144164578,C,A
6,144179062,G,A
1,23418280,C,A
1,23417973,G,A
1,23418465,C,A
1,23418753,G,A
1,23420801,C,G
1,23417946,G,C
1,23417697,G,A
1,23418999,T,G
2,160690611,T,C
2,160692035,T,G
2,160692136,C,A
2,160692137,C,A
2,160697317,G,T
2,160673443,T,A
2,160697335,G,T
2,160673341,T,C
2,160710154,C,T
2,160661568,G,T
2,160742944,G,A
2,160697293,C,A
2,160755507,C,A
2,160673334,C,A
2,160690696,C,T
2,160714977,C,A
2,160673472,T,C
2,160692092,T,G
2,160728993,C,A
2,160661621,G,A
2,160663639,C,A
2,160706611,T,G
2,160711433,G,A
2,160741774,G,A
15,52017075,C,A
15,52017203,G,C
15,52017211,T,C
15,52017177,C,G
15,52017224,A,G
15,52017012,C,T
X,151896673,G,T
X,151900542,T,C
X,151900189,C,T
X,151900216,C,A
X,151899930,C,G
X,151900674,T,G
X,151900601,G,T
X,151900849,G,T
X,151899874,T,C
X,151896316,C,G
X,151899974,G,T
X,151896258,C,A
X,151900061,C,T
X,151900060,C,G
X,151900752,G,T
X,151900290,C,T
X,151899893,C,A
X,151896287,C,A
X,151899634,C,T
X,151900479,G,C
X,151900014,G,T
X,151900432,G,C
X,151899836,C,A
X,151900504,T,A
X,151900386,G,A
X,151900415,C,A
X,151092786,C,A
X,151092251,G,T
X,151092424,A,G
X,151093032,G,A
X,151093075,G,A
X,151092209,C,A
X,151092682,C,A
X,151092388,C,A
X,151092809,G,A
X,151092221,C,A
X,151093087,C,A
X,151092768,C,A
X,151093166,C,A
X,151092363,T,A
X,151092274,G,C
X,151093104,C,T
X,151093112,G,T
X,151092658,C,T
X,151092781,C,A
X,151093080,A,T
X,151092880,C,A
X,151092402,G,A
8,33356157,C,T
8,33356109,C,T
8,33342719,G,C
8,33346310,G,T
X,149638775,G,T
X,149639337,C,A
X,149671615,G,T
X,149638912,C,A
X,149639109,G,T
X,149639150,C,A
X,149671598,C,A
X,149639081,C,A
X,149639102,G,A
X,149639223,C,A
X,149639039,C,T
X,149638355,G,T
X,149638793,G,A
X,149638377,G,C
X,149638282,T,A
X,149638184,G,C
X,149638523,G,C
X,149639226,G,C
X,149639081,C,A
X,149631068,G,T
X,149639428,G,T
X,149638271,C,A
X,149638404,C,G
X,149638350,G,T
X,149642051,G,A
X,149638713,C,T
X,149638205,G,T
20,35944877,G,T
20,35929811,G,A
19,4110509,T,A
17,67521099,T,A
17,67513012,G,T
17,67501873,C,G
17,67515592,C,T
17,67537936,G,T
17,67501787,G,T
17,67517053,C,A
17,67537921,C,T
17,67501928,G,T
17,67501868,G,T
17,67532289,C,A
17,67501726,C,G
17,67522851,G,A
10,30740626,C,T
10,30749955,G,C
10,30727940,G,C
10,30747105,G,A
10,30728114,G,T
6,136687148,G,A
6,136667180,C,G
6,136704853,C,G
6,136693704,G,A
6,136686924,C,G
6,136704871,T,C
6,136687027,C,G
6,136681912,C,A
6,136687522,C,T
16,1818265,G,A
16,1817877,G,C
16,1816098,A,G
16,1816271,G,A
16,1797137,C,T
16,1756520,G,A
16,1818356,T,A
16,1810016,A,C
16,1798333,C,T
16,1798647,A,G
19,45783904,A,T
19,45805710,G,T
19,45774827,G,T
19,45766420,A,C
19,45805712,G,T
19,45769480,C,T
19,45769531,G,A
19,45781216,G,T
19,45762388,A,T
18,47799213,C,T
18,47796361,C,T
18,47800019,G,C
18,47806388,C,A
18,47800235,T,C
18,47799766,C,A
18,47796406,T,C
18,47796068,G,C
18,47800612,C,A
18,47802296,C,A
18,47801967,C,G
18,47802046,T,A
18,47801575,A,G
18,47803524,C,T
18,74778254,C,A
18,74701982,C,T
18,74701954,C,A
18,74696830,T,A
5,112420977,C,T
5,112437459,C,A
5,112676373,A,G
5,112384759,T,A
5,112720857,C,T
5,112384766,G,A
5,112421001,C,A
5,112418664,C,G
5,112676326,C,A
5,112389607,C,T
5,112439909,G,A
5,112399787,C,G
5,112418659,C,G
5,112437459,C,T
5,112720711,C,A
5,112676389,A,G
5,112458519,C,A
5,112406907,T,C
12,49952452,C,T
12,49952452,C,G
12,49959936,C,G
12,49958272,G,T
12,49956919,T,A
12,49959862,G,T
12,49954103,C,G
15,94983437,A,G
15,94943177,C,G
15,94841680,C,T
15,94857544,A,G
15,94841912,G,A
15,95013670,G,T
15,94983439,A,G
15,94858848,G,T
15,94841936,G,T
15,94942203,A,T
15,95001411,G,C
15,94927252,G,T
15,95001378,A,G
6,30673379,G,C
6,30675547,C,A
6,30675938,C,A
6,30671314,C,A
6,30672204,G,A
6,30671278,C,T
6,30675576,T,A
6,30682849,T,C
6,30672671,G,C
6,30679651,C,G
6,30673605,G,T
6,30675381,C,A
6,30672360,C,A
6,30676135,C,A
6,30675788,T,A
6,30675940,C,A
6,30673794,G,C
6,30681752,C,G
6,30671931,G,C
6,30675945,C,A
6,30671008,C,A
6,30672754,C,T
6,30679203,C,A
6,30680116,T,C
2,207621757,T,C
2,207615733,C,A
2,207619756,C,A
2,207621660,C,T
2,207603219,G,T
2,207630019,G,T
2,207611130,C,G
2,207621963,G,C
2,207613751,C,G
2,207621721,A,C
2,207615733,C,A
2,207615683,G,T
2,207619827,G,A
2,207603138,C,T
1,29543143,C,A
1,29557445,A,G
1,29533382,C,T
11,57472635,T,G
13,48655783,G,A
15,90319996,G,A
15,90319945,G,T
15,90321330,T,A
4,2935498,C,G
4,2935297,C,T
4,2934858,C,T
4,2934882,C,A
4,128854198,C,G
4,128842683,G,A
4,128861088,C,A
4,128870977,T,A
4,128865085,T,C
4,128865093,G,C
4,128843023,T,A
4,128842778,G,A
4,128861025,C,T
1,222802039,A,G
1,222802408,G,T
1,222805617,C,G
1,222805568,G,T
1,222828121,G,T
1,222802876,G,T
1,222805592,G,A
1,222801788,A,T
1,222833604,G,A
1,222803008,C,G
1,222801655,C,T
1,222802613,A,G
1,222798126,G,A
1,222826630,C,G
1,222827592,G,T
1,222800922,G,T
1,222794585,A,G
1,222801057,G,T
1,222833533,A,T
1,222838929,G,C
7,131071982,G,C
7,131113885,C,G
7,131113905,G,T
7,131172490,G,T
7,131128298,G,T
7,131113849,C,T
17,56291678,C,G
17,56283513,C,A
17,56288035,C,T
17,56296084,G,C
17,56295993,G,A
17,56290356,C,G
17,56292129,C,A
17,56291140,G,A
17,56283680,C,A
16,3100489,C,G
16,3108841,C,G
16,3100390,C,T
16,3100339,G,A
16,3100309,C,T
16,3100498,C,T
16,3107056,T,G
16,3107615,G,A
16,3097464,G,T
16,3108181,G,A
16,3108219,G,A
17,2297373,A,G
20,49575810,C,T
20,49575502,A,T
20,49575564,G,A
20,49576319,G,A
20,49576335,C,T
20,49576693,A,G
20,49576222,G,A
20,49575710,C,G
20,49575574,G,T
20,49576281,G,T
1,2283252,C,G
1,2268207,C,T
1,2290075,G,A
1,2321388,C,T
1,2317245,C,A
1,2290142,C,A
1,2303979,T,C
1,2288985,C,T
1,2305942,C,T
X,14932624,G,T
X,14927023,G,C
X,14915340,G,T
X,14915307,G,T
X,14934424,C,A
X,14933851,G,A
X,14934407,G,A
X,14910924,G,T
X,14930382,C,A
X,14933885,G,A
X,14933886,G,A
2,71360522,G,C
2,71376433,A,T
2,71368464,G,A
2,71361141,G,T
2,71360631,G,T
2,71360143,G,C
2,71377048,T,C
10,18183236,G,T
10,18141910,T,C
10,18134349,T,G
10,18195906,A,T
10,18196604,G,T
10,18155516,G,T
10,17865077,C,A
10,18190961,G,T
10,18159253,G,A
10,17869583,C,A
10,18199258,A,C
10,18159206,C,T
10,18195912,G,A
10,18150331,C,T
10,18174297,G,T
10,17869597,T,A
10,18159242,G,T
10,18199266,C,T
10,18174212,C,G
10,18189839,A,T
10,18196466,C,T
10,18169555,G,T
10,18155502,G,A
10,18134106,A,T
10,18196618,A,G
10,18170046,G,T
10,18191001,C,T
10,18138528,T,G
10,18150419,C,T
10,18134322,A,T
10,18134241,A,T
10,18134066,C,A
10,18142007,G,T
10,17869565,C,A
10,18170060,G,T
10,18129640,C,A
10,18183170,C,A
10,18164153,G,T
10,18141997,G,T
10,18141998,G,T
10,18155610,C,A
10,17865406,G,T
10,18187021,C,A
10,18199508,G,T
10,18169532,C,A
10,17851448,A,T
10,18134235,C,T
10,18159799,C,T
10,18141960,T,C
10,17875817,C,G
10,18150360,G,T
10,18168672,G,T
10,18170085,C,G
10,18196564,T,C
10,18138603,G,T
10,18189823,G,C
10,18187048,A,T
10,17875781,C,A
10,18199597,T,A
10,18155523,G,A
10,18199236,C,T
10,17865474,G,T
10,17851480,C,A
10,17875708,G,T
10,18191031,C,A
10,18159857,G,T
10,18168729,G,T
10,18196534,C,T
10,18166836,G,T
10,18155658,G,T
10,18159239,T,C
17,60754710,C,T
17,60768374,G,T
17,60759205,G,T
17,60744814,G,A
17,60758261,C,G
17,60769589,C,A
17,60767343,C,T
17,60767528,C,T
17,60758180,C,T
17,60749182,C,G
17,60753220,C,G
17,60742103,G,A
17,60743929,G,T
17,60744859,A,C
17,60765739,C,T
17,60743850,G,T
17,60744809,C,T
17,60741988,G,T
17,60749477,G,C
17,60753811,C,A
17,60754829,A,T
11,59577327,C,T
11,59575233,C,T
11,59574080,G,A
11,59573990,C,G
11,59573868,G,T
6,160212138,C,T
6,160211792,A,C
6,160218467,C,T
6,160219184,A,G
6,160211528,G,T
17,48445530,C,A
17,73900723,C,A
17,73895713,C,T
17,73897091,G,A
21,26966223,C,G
21,26965143,G,A
21,26966250,T,G
21,26979749,G,C
21,26976215,G,A
21,26979758,C,A
21,26978773,T,C
21,26969716,C,A
17,36453203,G,T
17,36455403,C,A
17,36478458,C,T
17,36478394,G,T
17,36455435,G,T
17,36453205,G,T
15,89011140,A,T
10,75011591,G,C
10,75010727,C,A
4,84377239,T,C
4,84377294,G,A
4,84377215,G,A
1,150280578,C,G
1,150266784,G,T
1,150280583,G,T
1,150266661,G,C
12,120800894,C,T
12,120783387,C,A
12,120800882,C,A
1,38322977,A,C
1,38281087,C,T
1,38305733,G,A
1,38323248,C,T
1,38305674,T,A
1,38288038,A,G
1,38280891,C,A
1,93602659,C,A
1,93602660,T,G
1,93602423,C,T
1,93586141,G,T
5,32239198,C,A
5,32263237,C,T
5,32230269,G,A
5,32233968,C,T
5,32230132,C,A
5,32230288,C,G
5,32248974,C,A
5,32229899,G,A
5,32243643,A,T
5,32229893,C,T
5,32230382,T,C
5,32248925,T,A
5,32235101,G,T
16,88723851,G,A
16,88722811,G,A
16,88722590,C,A
22,36708174,G,A
22,36737460,G,C
22,36718481,G,A
22,36710225,C,G
22,36680529,G,A
22,36697096,G,T
22,36723529,T,A
22,36708237,C,A
22,36684408,C,A
22,36690172,C,A
22,36678573,G,A
22,36737457,T,A
22,36700084,T,C
22,36681751,C,A
22,36691697,G,T
22,36689452,A,T
22,36684364,C,A
22,36691012,T,A
22,36708162,G,T
22,36716866,G,C
3,169496638,G,A
3,169501310,C,T
3,169504523,G,A
3,169496852,C,T
6,76623840,A,T
6,76624644,G,T
6,76599836,G,T
6,76599837,G,T
6,76602276,G,A
6,76551060,G,A
6,76576707,G,T
6,76602280,G,T
6,76550976,T,G
6,76558187,G,C
6,76527260,C,G
6,76618213,A,G
1,59165712,C,G
1,59148140,C,T
4,40104480,A,T
4,40146365,G,C
4,40127837,T,G
4,40104284,G,T
4,40115128,G,T
4,40099000,C,T
4,40104287,C,T
4,40121580,G,C
4,40122548,G,C
4,40104598,G,T
4,40122226,C,G
4,40122932,A,G
4,40122701,A,G
4,40115055,C,T
11,63721935,G,T
16,5081741,C,A
16,5081704,T,C
16,5083425,C,T
16,5078049,C,A
16,5078018,G,A
16,5075585,C,T
16,5077317,G,T
16,5083366,C,T
16,5075303,C,T
16,5078957,C,A
16,5078945,C,G
16,5075361,C,A
10,120789940,C,G
10,120790054,C,A
X,92927566,A,T
X,92927894,G,T
X,92927556,C,A
X,92927735,C,A
X,92926929,C,T
X,92927254,A,T
X,92926826,T,C
X,92926978,G,A
X,92927879,G,C
X,92927990,C,G
X,92927797,C,G
X,92927525,G,C
X,92927182,C,T
X,92927307,C,T
X,92928109,G,T
X,92926871,A,T
X,92927450,G,T
X,92927530,T,C
X,92928286,A,T
X,92927019,T,C
X,92927204,T,A
X,92928306,T,A
X,92927112,C,T
12,78522533,G,T
12,78579401,G,T
12,78401137,C,G
12,78444689,G,T
12,78513164,G,A
12,78574791,A,T
12,78579461,G,T
12,78444860,G,T
12,78452814,G,T
12,78511901,G,C
12,78401054,G,T
12,78513397,C,A
12,78513398,C,A
12,78452838,C,T
12,78400265,G,T
12,78510671,G,T
12,78511847,C,A
12,78513204,T,A
12,78542637,C,G
12,78522602,C,A
12,78225255,G,T
12,78562540,T,A
12,78598856,T,A
12,78582552,T,A
12,78400496,C,G
12,78593143,C,A
12,78388649,T,A
12,78513025,G,A
12,78400786,C,T
12,78443877,C,G
12,78444840,A,G
12,78515899,C,A
12,78592424,A,G
12,78510663,C,A
12,78510664,C,A
12,78515962,C,A
12,78225462,C,T
12,78400408,G,T
12,78444710,G,C
12,78444786,G,T
12,78515820,C,A
12,78569162,C,A
12,78542673,A,G
12,78388594,G,T
12,78443841,G,A
12,78392159,C,A
12,78400474,G,T
12,78401054,G,T
12,78400535,G,T
12,78225484,G,A
12,78513132,C,A
12,78225315,C,T
12,78511997,G,T
12,78400870,G,A
12,78513494,C,T
12,78510650,C,A
12,78604198,C,A
12,78444565,C,A
12,78400770,C,A
12,78513135,C,T
12,78444770,C,A
12,78388619,T,A
12,78415526,G,T
12,78452876,G,T
12,78569175,G,C
12,78443851,C,A
12,78515872,C,A
12,78362433,C,A
12,78400485,G,A
12,78570239,G,T
12,78444626,C,A
12,78444594,G,T
12,78415551,C,T
12,78542637,C,A
12,78594282,G,T
12,78570980,A,G
12,78401192,C,A
12,78520969,C,G
12,78522620,C,A
12,78444660,G,T
12,78591074,T,C
12,78598773,C,G
12,78400686,C,A
12,78400687,A,G
12,78593173,C,A
12,78400695,A,T
12,78574707,C,A
12,78515721,T,A
12,78400253,C,A
12,78401075,G,T
12,78401020,C,A
12,78444604,C,T
12,78562599,A,G
12,78513530,G,C
12,78513500,C,A
12,78225279,C,A
12,78604278,C,A
12,78513443,G,A
12,78401105,C,A
12,78553040,A,G
12,78225255,G,T
12,78571438,G,T
12,78225363,C,A
12,78515962,C,G
12,78598805,C,T
12,78542632,A,T
12,78591054,G,T
12,78516195,A,T
12,78516196,C,G
12,78362297,A,T
12,78515894,C,A
12,78574729,C,A
12,78593237,T,C
12,78225213,G,T
12,78513538,C,A
12,78225426,G,T
12,78400886,C,T
12,78443869,A,T
12,78513016,G,T
12,78400307,A,T
12,78574751,C,A
12,78513529,G,A
12,78513568,G,T
12,78571094,G,A
12,78593302,G,A
12,78513153,G,A
12,78513155,C,A
12,78334186,G,T
12,78225334,T,C
12,78516155,G,C
12,78388620,G,A
12,78522539,G,A
12,78574754,C,A
12,78515788,C,T
12,78583961,G,T
12,78225320,C,A
12,78443862,G,A
12,78582521,G,T
12,78592410,C,G
12,78415527,G,T
12,78522559,C,T
12,78542638,G,T
12,78400688,G,T
12,78515929,C,T
12,78400264,G,C
12,78522583,C,A
12,78593118,G,T
12,78531076,G,T
12,78571078,C,A
12,78225437,G,C
12,78444803,C,A
12,78400781,A,T
12,78400364,C,A
12,78400423,C,A
12,78225104,T,C
12,78531013,A,C
12,78225190,C,A
12,78593140,G,T
12,78594363,G,C
12,78574746,C,A
12,78582417,C,T
12,78516179,G,T
12,78562616,G,T
3,48719553,G,A
3,48719807,G,C
3,48717147,C,A
3,48718899,C,T
3,48719041,T,C
20,44691222,C,T
20,44691259,G,A
20,44691001,G,C
20,44698919,A,T
20,44699003,C,T
20,44698943,G,A
20,44698888,C,G
20,44698855,A,G
20,44691186,C,A
20,44697169,T,A
19,19626988,A,G
19,19638969,C,T
19,19626829,C,G
7,123182242,C,T
7,123197914,C,A
7,123190613,G,C
7,123196741,A,C
7,123190581,T,A
7,123197294,C,T
7,123197004,A,G
7,140396540,C,T
7,140402688,G,C
7,140396598,C,T
11,77781037,C,A
11,77790712,C,A
2,152404226,T,A
2,152410485,C,A
2,152534533,C,A
2,152534389,C,A
2,152554122,C,A
2,152362721,C,T
2,152483676,C,A
2,152543939,C,T
2,152553214,G,A
2,152423688,C,T
2,152406213,A,G
2,152402928,C,T
2,152383524,G,T
2,152417107,T,C
2,152466325,C,T
2,152507201,A,T
2,152500536,C,T
2,152534207,C,G
2,152499151,A,C
2,152554106,C,T
2,152363473,C,T
2,152466583,G,T
2,152466584,G,T
2,152470891,C,A
2,152553887,T,A
2,152426864,C,A
2,152544853,C,A
2,152553948,T,C
2,152553972,C,T
2,152496380,A,T
2,152522011,C,T
2,152541305,G,A
2,152476160,A,G
2,152521935,C,A
2,152544861,G,T
2,152370164,C,A
2,152507221,C,A
2,152579940,G,C
2,152522052,T,A
2,152500637,A,G
2,152553228,C,G
2,152420221,C,G
2,152500419,G,T
2,152522680,G,A
2,152410453,G,C
2,152518729,G,T
2,152522015,C,A
2,152544162,G,A
2,152544855,T,A
2,152423858,G,T
2,152467042,G,A
2,152482118,G,A
2,152474831,C,A
2,152521350,C,A
2,152521351,C,A
2,152487674,C,A
2,152484282,C,T
2,152531009,C,G
2,152492776,C,A
2,152362826,G,C
2,152537297,C,T
2,152426637,G,A
2,152426863,A,T
2,152518738,G,T
2,152419190,A,C
2,152483651,C,T
2,152536264,C,A
2,152348631,T,A
2,152422283,G,C
2,152507197,T,A
2,152417530,A,G
2,152484188,C,A
2,152487259,C,A
2,152506830,C,G
2,152361993,G,T
2,152470789,C,A
2,152490460,T,A
2,152553211,G,T
2,152410462,G,T
2,152387542,A,T
2,152426724,G,T
2,152476249,G,C
2,152470889,T,A
2,152548389,G,A
2,152492824,C,A
2,152497098,C,G
2,152522697,G,T
2,152521927,G,T
2,152527689,T,C
2,152426796,A,C
2,152507232,C,A
2,152423892,C,T
2,152432764,G,C
2,152521350,C,A
2,152394467,C,G
2,152507090,C,G
2,152472515,C,G
2,152512970,G,A
2,152499796,C,T
2,152543993,G,A
2,152432208,C,T
2,152484310,G,T
2,152467372,G,T
2,152408338,C,A
2,152404840,G,T
2,152470990,C,G
2,152529000,C,A
2,152484098,G,A
2,152548676,C,G
2,152582033,T,C
2,152470916,C,A
2,152490372,C,T
2,152566225,T,A
2,152506707,C,G
2,152514544,C,G
2,152522007,C,A
1,212617691,A,T
1,212619334,A,G
6,31829823,G,C
6,31828202,C,G
6,31829061,C,G
6,31827407,T,A
6,31827583,G,T
16,28970173,G,C
16,28975070,G,T
16,28969957,G,T
16,28970311,G,T
16,28963476,C,G
16,28970178,C,T
16,28969955,C,T
16,28970370,C,A
19,39390680,G,T
19,39395971,G,C
14,51226934,C,G
14,51223245,C,G
14,51224033,C,G
14,51224581,C,T
14,51288719,C,A
14,51288753,G,A
14,51223676,C,T
14,51243735,C,A
14,51288688,C,A
14,51259545,C,T
14,51290079,C,T
14,51230544,C,A
14,51243814,C,A
14,51208307,C,A
14,51224990,C,T
14,51233537,G,A
14,51219311,T,A
14,51239175,C,A
14,51226916,G,C
14,51224111,C,A
14,51288610,C,T
14,51239122,C,A
14,51239017,A,T
1,161087976,C,T
1,161089615,T,A
1,161088957,C,G
1,161088929,G,C
1,161089340,G,T
1,161088937,G,T
16,3614256,G,A
16,3615000,C,A
16,3606914,C,T
16,3614103,G,C
16,3613765,A,G
16,3614682,T,G
16,3600416,C,T
16,3613822,G,A
16,3591883,G,T
16,3602230,G,T
16,3614885,A,T
16,3614926,G,T
16,3613223,T,A
11,114182962,A,T
11,114167310,A,G
11,114183054,G,T
11,114182768,G,C
11,114167428,C,T
11,114167355,A,G
11,114182844,A,G
11,114183169,G,T
11,114168808,G,T
6,13615826,A,T
6,13615976,G,C
6,13620487,G,A
9,95076672,C,A
9,95080959,C,G
9,95077288,C,T
9,95077881,T,C
9,95069173,T,G
9,95086476,T,C
19,15299958,C,A
19,15280927,G,T
19,15295220,C,A
19,15302575,C,T
19,15302576,T,G
19,15291560,G,T
19,15302287,G,C
19,15273312,G,C
19,15303199,C,A
19,15291016,T,C
19,15273348,C,A
19,15298035,T,C
19,15299047,C,G
19,15281203,C,T
19,15299870,C,A
9,140323377,G,T
1,182791305,A,G
1,182775382,G,A
1,182787753,C,T
1,182787814,G,T
1,182798087,A,G
1,182783956,T,A
1,182787822,G,A
1,182785877,G,T
1,182785878,G,C
3,50385968,G,C
3,50387112,T,G
3,50386409,C,G
6,3012804,A,G
6,3006783,C,T
6,3012887,G,T
6,3012880,T,G
1,115256530,G,T
1,115251276,C,A
1,115256529,T,A
1,115256529,T,A
1,115256579,C,T
14,24551747,G,T
14,24551994,C,G
14,24551823,G,A
X,152018931,G,T
X,152018810,C,A
X,152031185,G,A
X,152034484,G,T
X,152031267,G,T
X,152014961,G,T
X,152031163,C,A
X,152027454,G,T
X,152036208,G,T
10,18885149,T,A
10,18834913,C,A
10,18837139,C,A
10,18940128,G,C
10,18834780,C,A
10,18931430,A,T
10,18885168,G,T
10,18874951,C,A
10,18834838,C,G
10,18937479,C,T
10,18840749,T,C
17,73127374,A,C
17,17209911,C,T
17,17250248,A,G
12,96104257,T,A
12,96131706,C,G
12,96059736,A,G
12,96131757,A,G
12,96077290,C,A
12,96107067,T,C
20,61340789,G,T
20,61391394,C,A
20,61341142,G,A
20,61340877,C,A
20,61340858,C,T
20,61386136,G,A
20,61341214,G,T
20,61340911,C,T
20,61391738,G,T
20,61386117,C,T
20,61391515,G,T
20,61340904,C,A
20,61391429,G,C
20,61386223,G,T
12,106480519,C,A
12,106460869,C,A
12,106461547,C,A
12,106480600,T,C
12,106500286,A,T
12,106460807,C,A
12,106460637,C,A
12,106461476,G,A
12,106477704,C,A
12,106461516,C,A
12,106460709,C,A
12,106460879,G,A
12,106477704,C,A
11,17352572,A,T
11,17351722,G,A
11,17353007,C,A
11,17316912,G,A
9,34343338,G,A
9,34343307,A,T
9,34339067,C,G
11,67395479,T,A
11,67396390,C,T
19,2273022,G,T
1,86822223,C,T
1,86814492,C,T
1,86820356,C,T
1,86818661,C,A
1,86848825,C,A
1,86852705,C,T
1,86826108,C,A
X,70782994,C,G
X,70784509,G,T
X,70775075,G,T
X,70782807,G,C
X,70775938,A,C
X,70782790,C,A
X,70781710,C,A
X,70767788,C,G
X,70777049,C,G
X,70776805,C,T
X,70779444,T,A
X,70783197,G,A
X,70764469,G,A
X,70781668,G,T
X,70782820,C,T
X,70764535,A,T
X,70774360,T,A
X,70787407,G,C
X,70784555,T,C
X,70793528,A,G
X,70783045,C,T
X,70787518,G,A
X,70787503,G,T
X,70756131,C,A
X,70767810,T,C
X,70775057,T,A
X,70757866,G,A
3,31703735,T,A
3,31774867,G,C
3,31725491,C,G
3,31871646,C,A
3,31725510,C,A
3,31917965,A,C
3,31710172,C,A
3,31743990,C,A
3,31789593,C,T
3,31871586,T,A
12,76752583,G,A
12,76763510,G,C
12,76763448,G,C
12,76788492,C,T
12,76786490,G,A
12,76750467,C,A
12,76779954,A,G
12,76786453,C,T
12,76783507,C,A
12,76783508,C,G
12,76763494,T,A
12,76763503,C,A
12,76763504,C,G
12,76804394,C,G
12,76783563,C,A
12,76780440,C,A
12,76763016,T,C
12,76778053,C,A
8,90937093,C,T
8,90926337,A,G
4,20714530,G,T
4,20709441,C,A
4,20709442,G,C
4,20706396,C,T
4,20728923,A,T
11,65998372,C,T
11,65983735,G,A
11,65988115,T,C
11,65984288,A,C
11,65998365,A,G
11,65983614,G,T
11,65988100,A,T
1,17396687,T,A
1,17395648,G,T
1,17395667,G,T
1,17410262,C,A
1,17402183,G,C
1,17405881,C,G
1,17395760,C,T
1,17431489,G,C
1,17420155,C,A
1,17431488,C,A
1,17413136,C,A
8,81897386,C,G
8,81897324,T,C
8,81888954,G,A
8,81899639,G,A
2,60987327,A,T
2,61010339,A,G
2,61014693,T,C
2,60996008,G,T
2,60988923,C,T
2,60998766,G,T
2,60987422,G,C
2,61009128,G,A
2,60998691,T,C
2,61009052,C,T
9,119115904,G,A
9,118969867,C,A
9,118989776,T,A
9,118997687,T,A
9,119065173,C,A
9,118950344,C,A
9,118950340,C,A
9,118989789,C,T
9,119065156,C,A
9,118982343,G,T
9,119097321,G,A
9,119093635,G,A
9,119097264,G,C
9,118950088,G,A
9,118997534,G,T
9,119097224,C,A
9,119116068,C,A
9,118949639,A,G
9,118949475,G,A
9,118949934,C,A
9,119115071,C,A
9,119106938,G,T
9,118949434,G,A
9,119124912,C,T
9,119097165,C,G
9,119094729,G,T
9,119097277,C,A
9,118989708,A,G
9,118949873,C,T
9,118997416,A,G
9,119093635,G,T
9,118982243,C,A
9,119065222,C,A
9,118950437,T,A
9,118974078,G,A
9,118950260,G,T
9,119065114,G,A
9,118950203,G,T
9,118969862,G,A
9,118982315,C,A
9,118949571,T,C
1,26189412,G,C
1,26189836,G,A
16,14687236,C,A
16,14680212,T,G
16,14645891,C,T
16,14711477,C,T
16,14576590,C,T
16,14540932,T,A
16,14711498,T,C
16,14540779,T,A
16,14693769,C,A
15,72545802,G,A
15,72554009,C,G
15,72552002,C,A
15,72552003,C,T
15,72533707,C,A
15,72533888,C,A
15,72553991,C,A
3,122278545,G,A
3,122255189,C,T
3,122274901,T,A
3,122283098,G,T
3,122254842,A,T
3,122264292,C,G
3,122247396,T,C
3,122259566,C,G
3,122269540,G,C
22,44564601,G,T
22,44527413,C,T
22,44527484,G,C
22,44553883,G,T
22,44527488,G,T
22,44547431,G,A
22,44532399,G,T
22,44553945,G,A
22,44464964,G,C
5,134246156,G,T
5,134303795,C,T
21,47783821,G,T
21,47783678,C,T
21,47768970,A,T
21,47754562,A,T
21,47851463,G,A
21,47801718,C,T
21,47769710,G,C
21,47746425,C,T
21,47746331,C,G
21,47786561,A,G
21,47754604,C,T
21,47783460,G,A
21,47773118,G,A
21,47819700,G,T
21,47777012,A,C
21,47851553,G,T
21,47783483,A,T
21,47801665,G,T
21,47821627,G,A
21,47783764,G,T
21,47831535,G,T
21,47836669,C,T
21,47855860,A,T
21,47836155,G,T
21,47836156,C,T
21,47855999,G,C
21,47860810,A,C
21,47773050,C,A
21,47831163,G,A
21,47850466,G,A
21,47808656,G,T
21,47786839,G,A
21,47851912,C,T
21,47851496,G,C
7,100200090,C,A
7,100200282,C,G
7,100205678,G,C
7,100205337,T,C
7,100199976,A,T
7,100202835,C,T
3,195984696,G,A
3,195965673,G,T
3,195968943,T,C
3,195997349,C,G
3,195965623,G,A
1,26441054,C,T
4,39878739,G,A
4,39839704,C,A
4,39851196,C,G
4,39904046,C,T
4,39839525,C,A
4,39868522,C,T
4,39839659,G,C
4,39871068,C,G
13,33344513,A,T
13,33344486,G,T
13,33247430,G,A
13,33347329,G,T
13,33271019,C,T
13,33334733,A,T
13,33316786,A,G
13,33320130,A,T
13,33275556,A,G
13,33344515,C,G
13,33225967,G,A
13,33268412,G,A
13,33247449,C,T
22,38061659,G,A
22,38061668,C,G
2,216914082,G,A
2,216923646,G,A
2,216930034,C,A
11,66235688,C,G
11,66238754,G,A
11,66235598,G,A
5,52097598,G,T
5,52096767,G,T
5,52096935,A,G
5,52096562,C,G
22,18566424,C,T
22,18567976,C,T
22,18562679,C,A
22,18566481,A,G
22,18570840,G,A
22,18561350,G,A
5,125960325,G,T
1,6680254,G,T
1,6680123,G,T
9,139745268,A,T
9,139744522,G,T
1,114254368,C,A
1,114249340,T,A
1,114248517,T,C
1,114255907,G,A
7,77572057,C,T
7,77567233,T,C
7,77549683,C,T
7,77551946,C,G
7,77552095,G,T
7,77572098,G,T
7,77558459,C,T
7,77569753,A,T
7,77584326,C,T
22,20394535,C,T
1,151288608,C,G
1,151288555,C,G
1,151271344,T,C
1,151288800,T,A
1,151278794,C,T
1,151280219,C,A
1,151276019,G,A
1,151288658,C,A
1,151288396,C,T
1,151280153,T,C
1,151288293,T,C
1,151271339,C,T
18,44408003,C,A
18,44424712,G,A
18,44435527,C,T
18,44435364,C,A
18,44416466,C,A
18,44416467,C,A
18,44470632,G,A
19,4028941,G,A
19,4013226,C,T
11,85725988,T,C
11,85692255,G,A
11,85712197,T,A
1,160001425,A,G
1,160000118,C,T
1,160001137,C,G
1,160000240,G,A
20,44049302,C,T
20,44049038,G,A
20,44054450,G,T
20,44054310,C,T
20,44047576,A,T
20,44049006,C,T
20,44049033,G,C
20,44045215,A,C
20,44054330,C,G
20,44049275,G,A
20,44048032,C,T
20,44050087,G,T
1,27117369,G,T
1,27121068,G,C
1,27120800,C,T
1,27124409,G,T
1,27124066,T,C
1,27120928,C,T
1,9780180,C,T
1,9780186,G,T
1,9781597,G,C
1,9777033,T,A
1,9783262,A,T
1,9777118,C,T
1,9714378,T,C
1,9714445,G,A
1,9783217,C,T
1,9713652,T,A
1,9714056,G,T
17,8738629,C,A
17,8731976,C,A
17,8726325,T,C
17,8730560,C,A
17,8732150,C,G
17,8731998,G,T
17,8770949,C,A
17,8706477,T,C
17,8740174,G,A
9,130689583,C,A
9,130689584,C,A
9,130687395,C,A
12,32974458,G,C
12,32955375,C,T
12,33021948,C,T
12,33003763,C,T
12,32949131,T,C
12,33030954,C,A
12,32949103,G,A
12,32977005,T,C
12,33003756,C,A
12,33031446,C,T
12,32949109,T,C
12,32949210,C,G
12,32977035,C,A
12,33031120,C,T
12,32945339,G,C
12,32975440,A,T
12,33031066,G,C
12,33031865,C,A
12,33031935,C,A
12,32975435,C,G
12,33031063,T,A
12,32977015,G,A
12,33031388,C,A
12,33031389,C,A
12,32974305,C,A
12,32975399,A,T
12,33031968,T,A
12,32945344,C,A
12,33003796,C,G
12,33031389,C,T
12,32974410,C,T
12,33003784,C,A
2,159519545,C,T
2,159530506,C,T
2,159477875,G,A
2,159517965,C,T
2,159477908,G,C
2,159519781,C,T
2,159519885,A,T
2,159526203,A,C
2,159519520,G,C
2,159519835,G,C
2,159488309,G,C
2,159517856,C,A
2,159490614,C,T
2,159481927,G,T
2,159488326,G,T
2,159389749,G,T
2,159481810,G,T
2,159517892,G,T
2,159499085,C,T
2,159533379,G,T
1,20304510,C,A
1,20305354,C,G
1,20304613,A,T
1,20302260,C,A
1,20304610,A,G
1,20302216,C,T
1,20302256,A,T
1,20440644,C,A
1,20442055,G,A
20,39795229,C,G
20,39794392,G,T
20,39792584,C,T
20,39792585,C,T
20,39791089,C,T
20,39795149,T,C
20,39794177,G,A
20,39792419,C,G
20,39791175,C,A
20,39793983,C,G
20,39801184,G,T
16,81888159,A,T
16,81925085,G,A
16,81942093,G,T
16,81819645,G,C
16,81934384,A,T
16,81819701,C,T
16,81973536,A,T
16,81927378,A,T
16,81904518,T,A
16,81969915,C,T
16,81934352,G,T
16,81942046,T,A
16,81888091,C,A
16,81902818,G,T
16,81960704,G,T
16,81965179,G,T
16,81965211,T,C
16,81960739,G,A
16,81953109,A,G
16,81944140,C,G
16,81960739,G,A
16,81953095,G,A
1,2435853,C,A
1,2409932,G,A
1,2428342,A,G
1,2411750,G,T
1,2436043,C,A
1,2419131,C,T
1,2435900,C,G
1,2418735,T,A
1,2436204,G,T
1,2411353,G,A
1,2430207,G,A
1,2420731,G,A
1,2408085,G,T
1,2428372,G,T
14,105396326,C,A
14,105397112,A,T
14,105395177,C,G
14,105395186,G,A
14,105395257,G,A
14,105397232,C,A
14,105398445,C,A
11,16876465,C,A
11,16847704,C,T
11,16824580,C,A
11,16810663,G,A
11,16848101,C,A
11,16811358,C,A
11,16838843,C,A
11,16847834,C,T
11,16877392,C,A
11,16838765,C,A
11,16838533,C,A
11,16838711,C,A
11,16812603,C,A
11,16812604,C,A
11,16872832,C,A
11,16823301,G,A
11,16848004,C,T
11,16824567,C,A
11,17035740,A,G
11,16848117,C,A
11,16838565,C,A
11,16812637,G,A
11,16838657,G,T
2,131904420,T,G
2,131904221,C,T
2,131883426,G,T
2,131904333,T,C
2,131883344,G,T
2,131878479,T,G
2,131883346,A,T
2,131904286,G,T
2,131883344,G,T
19,30164947,C,A
19,30165102,G,A
19,30164955,A,G
19,30164791,C,T
6,151161687,A,G
6,151121977,G,C
6,151055096,G,T
6,151130291,C,T
6,151161073,C,T
6,151142342,C,T
6,151089832,C,T
16,67321063,A,T
16,67319111,C,A
16,67320198,G,T
16,67314005,G,T
16,67318776,C,G
16,67316232,G,T
16,67321889,C,T
16,67322284,G,T
16,67315483,G,T
16,67314995,C,T
16,67320659,T,C
16,67316004,G,A
16,67319226,G,T
16,67315714,C,T
16,67314579,G,A
16,67322099,G,T
16,67318226,G,T
1,150131575,T,C
1,150131625,G,C
1,150131068,G,A
1,150131409,G,A
1,150129601,A,C
1,150131101,G,A
1,150131394,G,A
1,150131230,G,C
1,150131275,C,T
1,150129144,A,T
X,49029519,C,A
X,49029495,T,C
X,49030730,A,T
X,49030725,A,G
19,17476329,C,A
19,17487843,G,A
19,17476209,C,A
19,17488060,C,G
19,17488061,G,A
19,17476583,C,A
19,17476197,G,T
19,17487896,C,A
19,17476412,G,T
19,17488010,G,A
19,17476548,C,A
19,17476574,C,G
19,17476311,C,T
19,17476918,C,T
X,153699969,G,A
X,153698332,G,T
X,153695659,G,A
X,153698358,C,T
X,153691778,C,A
X,153690500,G,A
X,153688886,G,T
X,153697726,G,T
X,153688605,G,T
X,153696202,G,T
X,153689814,G,C
X,153694503,G,A
X,153694526,C,A
X,153694733,C,G
X,153688718,C,A
X,153691825,C,A
X,153692505,C,T
X,153695419,G,C
X,153697069,G,A
X,153697502,C,T
X,153694838,C,A
X,153699892,G,T
X,153698805,G,C
X,153689939,G,T
X,153692504,C,A
X,153694567,G,T
X,153695405,G,T
X,153692396,A,T
X,153696766,G,A
X,153688974,A,G
X,153693806,G,T
14,39644496,G,T
14,39646860,G,A
14,39645753,G,A
14,39650316,C,T
14,39650219,G,C
14,39644500,G,A
14,39648436,G,C
14,39650547,T,C
14,39645282,G,A
3,127379946,C,A
3,127379422,A,G
3,127379981,G,T
3,127379625,A,G
3,127381120,A,G
21,46686287,C,A
21,46689913,C,A
21,46689866,C,A
21,46687515,C,G
21,46687332,C,A
21,46686069,C,A
21,46697007,C,A
21,46689898,C,G
7,44118364,C,A
7,44119252,T,C
7,44113476,C,A
7,44119270,C,A
7,44113229,C,T
7,44116039,G,T
11,62529353,G,A
11,62532822,C,T
16,101609,C,G
16,103541,C,T
1,46657877,A,G
1,46659586,G,T
1,46658031,C,T
1,46654380,C,G
1,46662402,C,T
1,46655023,C,A
1,46654653,C,T
12,121018963,C,G
4,74852992,A,G
4,74853311,G,A
4,74852991,A,T
4,74853810,C,A
4,74853242,G,T
15,64455120,G,C
15,64452333,C,A
2,201736106,G,A
2,201736107,G,A
2,201741737,A,C
2,201747087,C,A
2,201741695,G,T
12,111160362,C,T
6,30035194,G,A
6,150569944,G,A
8,145725977,C,A
8,145724389,C,T
8,145727030,C,A
8,145724289,C,T
10,133758916,G,A
10,133753657,G,A
10,133758920,G,A
10,133769306,C,T
1,40539814,T,A
1,40557016,C,G
11,82571045,C,A
11,82564309,C,A
11,82550437,C,A
11,82561393,C,A
11,82561106,C,A
11,82549566,C,T
11,82560238,A,C
11,82536054,T,C
19,12911052,C,T
19,12911999,T,A
19,12907867,G,A
10,120931969,G,A
10,120936609,C,A
10,120936610,C,A
10,120931985,C,G
10,120934031,C,A
5,145202688,G,T
5,145202687,G,C
5,145202676,T,G
5,145175992,G,C
5,145176111,C,A
20,47292802,G,T
20,47317347,C,A
20,47256395,C,A
20,47268094,C,A
20,47297795,C,A
20,47269965,C,G
20,47256392,G,T
20,47268021,C,A
20,47296283,T,A
20,47296264,C,A
20,47253067,C,A
20,47265961,T,A
20,47296204,C,T
20,47292735,G,A
20,47342888,G,T
20,47267939,C,A
20,47273692,G,T
20,47342863,C,A
20,47266655,G,A
20,47266656,G,A
20,47309257,C,G
20,47364366,G,T
20,47267577,G,T
20,47268039,G,T
20,47266653,G,C
20,47324938,C,T
20,47262458,C,A
20,47268029,C,T
20,47273634,G,T
20,47269243,C,T
20,47267490,C,A
20,47248856,C,G
20,47266679,C,A
20,47276568,G,A
20,47273727,C,T
20,47361594,G,C
20,47273705,T,A
20,47307482,C,T
20,47351100,C,A
20,47244086,C,A
20,47267458,C,A
20,47269935,G,T
20,47269937,G,T
20,47258775,G,T
20,47324815,G,A
20,47262451,C,A
20,47364417,C,A
20,47307504,G,T
16,24231334,T,A
16,24196448,C,A
16,24105517,G,C
16,24135257,C,A
16,24166177,T,A
16,24166178,G,T
16,23848702,C,T
16,23999883,C,A
16,24202456,G,T
16,24183630,G,C
16,24166083,G,A
16,24196864,G,A
16,23999840,G,T
16,24231579,G,A
16,24231581,A,T
16,24166071,G,A
16,24196453,G,A
16,24196450,T,A
16,24166113,C,T
16,24231531,G,T
16,24046867,C,A
16,24231279,C,A
16,24183644,C,A
16,24231390,G,T
16,24231290,G,C
16,24231460,C,A
16,24166072,T,A
16,24196851,A,T
16,24226106,C,T
16,24046816,C,T
16,24231279,C,A
16,23999854,G,T
16,24046812,G,T
16,23848711,G,T
16,24202491,G,T
16,24196856,A,G
16,24202429,G,T
16,24135199,C,T
3,53219629,C,T
3,53222799,G,A
3,53217201,G,T
3,53222866,G,T
3,53218942,C,T
3,53212521,G,T
6,4052197,G,C
6,4037797,C,G
6,4037669,G,C
6,4056594,G,T
6,4037663,G,T
6,4056595,G,T
6,4047454,C,T
6,4052958,A,T
6,4032758,G,T
6,4032299,G,C
11,36422579,T,C
11,36483953,C,T
11,36422595,G,T
11,36459026,G,C
11,36424881,G,C
11,36484151,C,A
11,36484285,G,T
11,36422584,G,T
11,36484051,C,A
11,36458958,G,C
11,36472822,G,T
11,36422705,G,T
11,36484178,C,G
22,45121160,G,A
22,45110519,C,A
22,45132724,A,T
22,45122459,C,T
22,45075718,C,T
22,45132666,C,T
22,45132667,G,T
18,12718551,C,G
18,12718523,C,T
18,12725465,C,T
1,97243152,A,G
1,97235416,G,A
1,97217042,G,T
1,97235391,G,T
1,97270362,C,T
1,97235307,G,C
1,97216998,A,G
1,97272445,G,T
1,97278637,A,T
1,97278974,G,T
1,97235294,G,C
1,97278882,A,C
1,97278356,G,A
1,97278831,G,C
1,97236293,A,G
1,97243402,A,T
9,114359635,T,G
9,114338805,G,A
9,114348369,T,C
14,74343732,C,A
14,74327344,C,G
14,74345977,G,T
6,43106643,G,T
6,43112186,C,T
6,43096737,C,A
6,43097973,C,T
6,43109784,G,C
6,43127622,G,T
6,43128496,G,T
6,43111325,G,A
6,43096778,G,T
6,43097983,G,T
6,43109950,G,C
6,43109431,G,A
6,43106878,C,T
6,43109959,G,T
6,43113127,G,T
8,142432293,G,T
8,142432240,T,C
8,142441045,C,G
8,142441152,C,A
8,142441153,C,T
8,142437124,C,T
8,142435183,T,C
10,129846042,G,T
10,129859976,C,G
10,129875932,C,T
10,129847916,C,T
10,129868648,G,T
10,129861400,T,C
10,129846028,G,C
10,129845865,G,T
1,44071284,G,T
1,44070993,C,T
1,44071951,G,C
1,44085511,G,C
1,44086229,G,A
1,44069145,A,C
1,44057085,G,A
1,44071216,G,T
1,44071094,G,T
1,44086827,G,T
1,44087746,C,T
1,44035402,C,T
1,44071069,G,A
1,44044570,C,T
1,44087679,C,G
1,44010767,A,T
1,44079301,A,T
1,44085384,T,C
1,44058142,C,T
1,44044636,G,A
1,44085868,G,A
1,44069399,G,T
1,44084856,C,T
1,44078461,G,C
1,44087677,A,G
1,44064417,G,T
1,44058193,C,T
9,130478238,C,T
9,130478322,G,T
9,130476516,C,A
9,130479240,T,A
11,112100953,G,T
11,112104366,G,A
5,159520049,C,G
2,1652140,C,A
2,1652372,G,T
2,1653209,G,T
2,1691403,C,A
2,1680744,C,G
2,1667392,T,A
2,1652063,C,G
2,1653374,G,T
2,1653320,G,T
2,1653010,T,A
2,1642638,T,C
2,1684106,C,T
2,1652879,C,T
2,1651960,G,T
2,1653191,G,T
2,1652105,C,A
2,1653400,C,G
2,1642712,G,A
2,1652525,C,A
2,1643180,C,T
2,1651960,G,A
2,1652789,A,T
2,1653262,C,A
2,1639197,T,A
2,1652348,C,A
2,1668737,G,T
2,1670167,C,T
2,1653092,C,A
2,1687855,C,T
2,1667444,G,A
2,1652933,G,T
2,1652675,G,A
2,1653187,C,A
2,1657494,A,G
2,1652105,C,T
2,1652006,T,A
3,49083998,G,A
3,49095083,C,A
3,49067872,T,C
3,49094711,T,A
3,49084562,C,A
3,49095211,C,T
18,8638354,A,T
1,153954676,T,C
1,153954630,C,A
12,72167776,G,T
12,72179334,G,C
20,56929224,G,T
2,135911417,C,T
2,135881795,G,T
2,135848566,A,G
2,135893221,G,A
2,135870742,G,T
2,135872930,G,T
2,135892886,A,T
2,135890497,A,T
2,135888250,G,T
2,135893295,A,T
2,135883796,C,T
22,37622726,C,G
22,37627429,C,T
8,117864237,G,A
8,117866674,A,G
8,117874162,C,G
8,117859755,C,T
8,117875490,C,A
8,117874087,C,A
8,117868937,C,G
8,117870687,C,A
7,39736353,A,T
7,39730155,G,C
7,39736360,A,G
7,39745819,T,A
7,39730128,G,T
14,36159114,C,A
14,36147196,C,G
14,36154336,C,A
14,36192258,C,A
14,36217939,G,C
14,36169457,C,T
14,36219737,C,A
14,36230167,G,A
14,36097026,G,A
14,36143822,C,G
14,36278087,C,A
14,36104678,T,C
14,36217805,C,A
14,36008837,C,G
14,36041778,C,A
14,36207798,G,A
14,36159051,G,A
20,37144833,A,T
20,37146248,G,A
20,37150226,G,C
20,37175215,G,C
20,37187063,C,G
20,37168513,A,T
20,37175182,A,G
20,37195789,G,A
20,37126007,G,T
20,37146502,A,G
20,37126103,T,G
20,37154091,G,C
20,37169802,G,T
20,37169803,G,T
20,37153516,G,T
20,37195756,A,G
20,37126060,G,T
20,37121587,G,A
20,37202806,G,C
20,37179747,A,C
4,99313265,A,C
4,99214554,A,T
4,99338644,G,C
4,99300218,G,A
4,99341260,T,G
4,99337948,G,T
4,99325714,G,T
4,99342456,G,T
4,99342458,G,T
4,99358197,G,A
4,99358165,G,A
4,99337939,T,C
4,99313112,A,C
17,38345529,A,G
17,38349644,C,A
17,38347009,C,T
17,38345517,C,A
17,38349915,G,T
17,38349661,G,T
17,38346893,T,C
13,114817632,T,A
13,114778667,G,T
13,114839284,C,A
13,114762162,G,C
13,114784248,C,A
13,114786936,C,A
13,114839306,G,T
13,114757965,C,A
13,114751245,T,A
13,114793323,C,A
13,114781695,C,A
13,114748770,A,T
13,114780772,C,T
13,114773076,C,G
13,114773056,C,A
13,114782760,C,A
13,114782827,C,T
13,114792864,C,A
4,53731603,T,C
4,53730701,C,G
4,53728631,C,T
4,53731759,C,A
4,53728649,C,G
1,206681283,G,A
1,110882201,C,T
1,110882321,C,G
1,110882839,G,A
1,110883749,A,T
1,110882449,G,T
1,110882665,G,A
1,110883840,G,T
1,110884807,A,C
1,110882747,C,T
1,110884206,C,T
1,110884036,C,T
1,110884074,C,T
1,110883214,G,T
1,110883936,G,T
13,79933805,T,C
13,79943016,T,C
13,79894730,C,G
13,79940297,G,C
13,79933723,T,C
13,79918847,G,T
13,79918908,G,C
13,79945122,C,T
13,79942937,G,A
5,145613128,G,T
5,145616956,C,T
5,145610329,A,G
5,145643117,C,T
5,145610382,A,T
5,145640433,G,T
5,145638105,G,C
5,145651095,C,G
5,145665588,A,G
5,145649137,C,A
5,145643186,G,C
5,145609462,A,G
7,155534576,A,C
7,155473476,G,T
7,155499568,G,T
7,155538085,A,C
7,155511121,G,A
7,155538132,G,T
X,106310851,T,C
X,106310824,G,C
X,106331704,G,A
X,106310709,G,A
X,106310852,C,G
X,106310785,C,T
X,106359173,G,A
X,106331911,C,G
X,106359107,A,T
X,106310791,G,T
X,135958803,A,G
X,135956317,C,A
X,135960088,C,A
X,135956613,T,A
X,135961219,C,A
X,135956385,G,T
X,135957249,A,C
X,135960160,C,A
X,135956205,A,C
X,135956515,C,A
3,139257605,G,T
3,139236456,G,T
3,139257602,C,A
3,139236369,C,T
3,139257785,C,A
1,173912666,G,A
1,173915621,C,T
1,173930982,C,T
1,173951987,C,T
1,173931109,G,A
1,173939679,C,T
1,173941763,C,A
1,173931080,T,A
1,173930920,G,A
1,173910431,G,A
1,173933262,C,A
1,173907935,A,G
1,173949963,T,A
1,173953758,C,A
1,173933174,C,A
1,173947753,C,A
19,55556498,C,A
7,103155724,C,T
7,103193922,T,C
7,103202352,C,A
7,103275894,A,C
7,103276725,G,A
7,103151432,G,C
7,103151433,G,T
7,103185752,G,A
7,103270408,C,T
7,103417053,G,T
7,103276759,G,T
7,103205894,T,A
7,103191710,C,T
7,103138348,C,T
7,103202009,G,T
7,103138649,C,T
7,103162509,C,A
7,103252227,G,T
7,103474106,G,C
7,103270586,A,T
7,103341380,G,A
7,103234901,G,T
7,103234902,G,T
7,103322703,G,T
7,103341396,T,C
7,103206725,C,T
7,103338398,A,T
7,103474033,T,A
7,103252090,T,G
7,103180648,T,A
7,103180650,G,T
7,103193923,G,A
7,103205871,C,G
7,103137192,C,T
7,103202357,C,A
7,103155820,C,T
7,103126853,G,T
7,103131239,G,T
7,103301870,G,T
7,103368615,G,A
7,103131117,A,G
7,103243856,C,G
7,103341404,T,C
7,103197602,G,T
7,103180873,C,T
7,103230058,C,A
7,103270611,T,C
7,103130346,A,G
7,103180698,G,A
7,103141204,G,T
7,103234239,T,A
7,103338364,A,G
7,103123390,G,A
7,103234147,T,A
7,103293174,A,G
7,103205757,C,T
7,103338439,A,T
7,103179771,G,T
7,103194274,C,G
7,103205892,A,C
7,103276722,G,A
7,103290776,C,A
7,103163929,G,T
7,103292213,T,A
7,103368630,A,T
7,103124140,C,A
7,103183200,C,T
7,103206745,T,C
7,103216146,G,A
7,103234221,G,T
7,103163886,C,T
7,103230083,T,A
7,103205900,A,T
7,103294578,G,T
7,103275985,C,A
7,103338516,G,A
7,103243833,T,G
7,103281027,A,C
7,103338307,G,T
7,103163848,C,A
7,103130329,C,A
7,103202032,C,A
7,103191669,C,G
7,103202036,C,G
7,103191515,C,T
7,103237094,C,T
7,103629665,C,A
7,103290767,C,G
7,103138672,C,A
7,103251195,G,T
7,103338412,G,T
7,103215998,T,C
7,103191726,C,G
7,103293053,G,A
7,103159823,G,T
7,103205942,G,T
7,103205881,T,G
7,103163867,G,T
7,103368565,C,A
7,103275910,G,T
7,103270624,C,A
7,103206688,A,G
7,103202292,T,G
7,103163924,C,A
7,103290798,G,T
7,103341357,C,T
7,103206713,A,T
7,103131276,T,C
7,103143606,G,C
7,103180687,G,T
7,103244928,G,T
7,103338531,G,T
7,103207077,G,A
7,103138289,C,A
7,103230224,G,C
7,103294653,C,G
7,103185706,G,T
7,103162494,G,A
7,103252100,C,A
7,103338523,C,T
7,103417063,G,T
7,103216019,A,T
7,103206706,G,A
7,103214703,C,A
7,103126781,G,A
7,103338337,G,T
7,103244895,T,A
7,103183253,C,T
7,103151413,T,A
7,103183252,A,G
7,103194238,G,T
7,103363606,A,G
7,103275876,G,T
9,136279795,G,C
9,136272043,G,A
19,19312474,G,A
1,182569399,C,A
1,182569352,C,A
1,182569642,T,C
1,182571618,T,A
1,182571203,C,T
1,182569327,C,A
12,122217461,G,C
11,3849149,G,C
11,3848888,G,C
8,144464836,G,C
8,144464036,G,T
8,144464692,G,T
22,45818172,G,A
1,41094479,C,A
1,41092230,G,A
1,41094586,C,T
1,41101697,G,A
1,41092228,C,A
1,41107561,C,A
1,41101649,T,C
14,93142837,G,T
14,93118469,A,T
14,93043770,G,A
14,93118099,G,T
14,93118589,G,T
14,93118855,G,T
14,93118141,C,T
14,93118691,G,T
14,93118640,C,T
14,93125681,G,T
X,73811407,G,T
X,73812090,C,A
X,73812542,G,A
X,73811943,G,T
X,73811612,C,T
X,73812447,T,C
X,73811920,C,G
X,73811822,C,A
X,73812218,C,A
X,73812086,G,T
X,73811802,C,A
X,73803249,G,T
X,73815767,C,T
12,49255801,T,A
12,49259641,C,G
18,29706662,C,A
18,29709131,C,G
18,29706687,G,T
18,29704800,G,A
2,7137104,C,T
2,7154643,G,C
2,7170334,G,A
2,7164644,G,T
2,7160730,G,T
2,7160679,G,T
2,7154848,G,T
2,7164598,G,T
2,7164554,C,T
5,175959120,C,T
5,175959138,G,A
5,175956382,C,T
6,32148055,C,T
6,32146358,A,G
6,32147882,G,A
3,141457314,A,G
1,104093592,G,T
8,55538646,A,T
8,55538035,A,T
8,55533539,C,G
8,55541689,A,T
8,55542556,C,A
8,55539326,G,A
8,55537727,A,T
8,55538233,T,G
8,55533900,G,T
8,55541388,G,T
8,55537391,G,T
8,55537445,A,T
8,55537899,G,T
8,55537555,A,T
8,55539198,G,T
8,55541512,A,T
8,55538014,T,G
8,55541993,C,T
8,55537994,G,T
8,55538613,G,T
8,55537655,G,A
8,55540628,T,A
8,55537288,A,T
8,55537725,C,A
8,55542632,G,T
8,55541741,G,T
8,55542007,G,T
8,55538036,G,T
8,55538751,T,A
8,55541128,G,A
8,55534023,C,T
8,55539627,G,A
8,55542122,A,G
8,55542602,C,A
8,55534092,A,T
8,55540191,G,A
8,55539407,G,A
8,55534687,T,G
8,55534108,T,A
8,55541397,G,T
8,55540348,C,G
8,55542651,A,G
8,55542774,T,C
8,55533881,A,C
8,55537428,G,T
2,89049591,G,A
2,89036090,G,T
2,89037542,G,C
2,89035252,C,G
2,89035241,A,G
2,88991200,C,A
2,88991235,T,C
2,88991265,C,G
3,40499405,G,T
3,40502966,G,A
3,40499402,G,T
1,6253091,G,C
1,6259621,C,T
1,6246787,T,C
1,6246782,G,A
11,8707067,A,T
11,8704205,G,C
11,8704331,A,T
19,55899329,G,T
19,55898026,G,A
19,55897779,C,G
19,55898082,G,A
8,99057586,C,G
8,99054345,A,T
8,99054972,C,A
3,197682660,A,G
3,197680871,C,T
8,74205838,C,A
8,74203860,G,C
8,74204485,G,A
18,33606995,C,G
18,33610849,C,T
18,33610792,T,G
16,18794521,G,A
16,18795989,A,G
16,18794288,G,A
16,18799456,C,G
6,33243778,C,T
20,60963022,C,T
5,81571919,C,G
5,81574175,G,C
10,79793589,G,T
10,79793539,C,T
2,55462635,T,C
1,153963616,C,T
4,152025386,C,T
4,152022138,G,T
4,152023255,T,C
4,152024970,A,T
2,3623248,G,T
2,3623228,A,C
2,3625391,G,T
2,3627799,G,C
2,3623451,C,G
1,218458671,G,T
1,218504365,G,T
1,218504419,G,A
1,218458660,T,C
11,6623441,G,C
11,6621924,C,T
11,6621898,C,A
11,6623256,G,C
11,6623232,C,A
11,6622800,C,T
11,6623082,C,A
11,6622513,C,A
11,6622514,C,A
11,6622385,C,T
11,6622684,T,A
1,153520866,C,A
1,153520101,G,A
1,33291987,G,T
1,33292201,G,A
1,33292039,C,G
1,33292344,C,G
11,18291443,G,T
11,18291457,G,A
11,18291466,C,A
11,18291448,C,T
19,5661719,G,A
19,5651059,G,C
19,5654150,G,C
16,51174565,C,T
16,51175759,A,G
16,51171060,C,A
16,51175915,A,T
16,51175465,T,G
16,51174774,G,A
16,51174209,G,T
16,51174945,G,A
16,51176012,C,G
16,51174513,G,T
16,51173150,G,A
16,51174200,G,A
16,51175394,T,A
16,51173276,G,T
16,51173592,G,A
16,51174404,G,T
16,51174423,G,A
16,51175050,C,T
16,51172874,T,C
16,51174718,G,T
16,51175401,C,G
16,51174348,G,T
16,51175993,C,A
16,51174943,G,T
16,51175382,G,A
16,51175458,G,A
16,51175681,C,A
16,51174345,C,G
16,51173419,A,T
16,51175028,C,T
16,51175016,A,T
16,51175377,G,C
16,51172875,C,A
16,51173830,C,A
16,51173390,C,T
16,51171426,G,T
16,51174255,C,A
16,51171291,T,C
16,51174869,A,G
16,51175636,G,A
16,51173381,C,A
16,51174702,G,T
16,51175704,G,T
16,51174165,G,T
16,51174492,G,T
16,51174300,T,G
16,51174189,G,A
16,51171020,G,A
16,51173792,G,T
16,51173942,C,A
16,51173271,G,A
16,51176050,G,T
16,51174546,G,T
16,51185080,C,T
16,51174340,G,T
16,51171412,G,T
16,51174199,G,T
16,51174068,A,G
16,51171394,G,C
16,51173618,C,A
16,51175067,C,G
16,51176048,C,T
16,51171263,C,T
16,51175296,G,T
16,51175560,G,T
16,51175198,C,A
16,51172740,G,A
16,51173710,G,T
16,51174397,G,C
16,51174808,G,A
16,51173914,C,T
16,51175648,C,T
16,51171227,G,A
16,51173150,G,A
16,51173730,G,T
16,51171110,G,C
8,119391764,C,T
8,119391877,G,C
8,119391896,C,T
8,119391929,C,A
17,48194999,C,A
17,48191595,T,A
17,48190142,A,T
17,48193255,G,T
17,48191548,C,T
17,48193032,A,T
17,48190269,G,T
17,48195543,C,A
17,48195572,C,T
17,48195635,G,T
19,14199296,T,A
7,92761058,T,C
7,92765060,C,T
7,92761288,C,T
7,92764151,T,C
7,92762765,C,T
7,92762430,C,G
7,92762522,G,A
7,92763399,C,A
7,92761372,C,T
7,92760661,C,A
7,92763046,C,A
7,92760594,C,A
7,92764413,T,C
7,92762347,C,T
7,92763391,T,C
7,92764428,T,A
7,92765029,C,A
7,92764590,C,A
7,92763106,C,T
7,92762906,C,T
7,92764262,C,G
7,92763290,T,C
7,92762155,G,T
7,92762683,C,T
7,92764683,G,A
7,92765094,G,A
7,92764098,A,G
7,92763228,T,G
7,92765007,G,A
7,92761675,C,G
7,92762501,G,A
7,92763448,T,A
7,92762064,C,A
7,92761348,A,G
7,92764557,T,C
7,92762732,C,T
7,92761383,C,T
7,92761099,T,C
7,92763666,C,A
7,92762947,G,T
7,92763767,G,A
7,92763404,C,A
20,35521455,T,G
20,35526319,C,G
20,35540893,T,C
20,35539683,C,A
20,35563504,T,A
20,35563483,C,A
20,35545233,C,A
20,35533856,C,T
21,15918655,G,T
21,15884835,G,T
21,15893514,C,T
21,15858294,A,T
21,15858298,C,A
21,15870823,C,A
21,15882670,G,C
21,15872992,T,C
21,15870868,C,A
21,15889331,C,A
21,15884770,G,T
21,15872969,T,A
21,15858201,G,A
21,15858433,T,A
21,15882746,C,A
21,15858241,T,C
2,128747167,T,A
2,128775444,T,A
2,128747338,G,A
2,128707786,C,G
2,128712767,C,G
2,128757334,G,A
2,128699529,C,A
2,128772485,G,T
2,128775259,T,G
2,128712558,A,C
2,128754025,C,A
2,128699639,G,T
2,238973025,G,T
2,238978020,G,T
2,239003163,G,T
2,238977941,A,T
2,239002643,G,C
2,239006934,G,C
2,238978099,G,T
4,141302217,A,G
4,141302138,A,T
7,29980336,T,A
7,29994843,C,G
7,29983640,C,T
7,29966088,C,T
7,29980415,C,G
7,30008662,A,G
17,26982305,C,A
17,26976080,C,T
17,26988754,G,A
17,26988924,C,T
17,26982419,T,A
17,26982376,G,A
17,26982498,C,A
11,61213472,G,T
11,61197628,T,C
11,61205531,G,T
11,61205550,C,G
1,17371269,C,T
1,17349133,G,A
17,80280235,G,A
4,25780789,C,A
4,25783980,C,A
4,25835118,C,G
4,25831720,C,G
4,25785871,C,T
4,25834645,C,A
4,25780734,A,C
4,25750127,T,A
1,169698456,G,A
1,169699661,G,T
1,169696958,C,A
1,169695872,A,T
1,169698701,C,G
1,169699709,G,T
1,169697307,C,G
1,169701920,G,T
1,169698749,T,C
1,169699641,G,T
1,169698390,C,A
1,169698391,C,T
1,169698684,C,G
1,169698686,G,T
1,169701017,C,G
1,169699613,C,T
1,169698730,G,C
1,169698396,A,T
1,169677568,G,C
1,169677576,C,A
1,169677577,C,A
1,169670752,C,A
1,169660945,T,C
1,169677576,C,A
1,169677577,C,A
1,169677770,T,C
3,50220896,G,T
3,50223371,A,G
3,50223757,C,T
3,50223354,C,T
3,50211518,G,T
3,50197159,C,A
3,50223738,G,T
3,50222217,G,C
3,50220144,C,T
2,97526877,C,A
2,97526878,C,A
2,97526514,G,C
2,97527504,C,A
2,97526585,C,A
2,97527481,G,A
2,97529783,C,A
2,97527635,C,A
2,97529498,C,A
2,97527282,C,T
2,97530493,T,C
16,30456114,T,C
16,30455694,C,G
14,94848951,C,A
14,94849308,G,A
14,94845921,C,A
14,94847422,C,A
14,94848956,C,A
14,94847191,T,A
14,94849303,C,A
14,94849012,C,T
14,94847330,C,T
1,38455751,G,A
1,38447413,G,C
7,37951860,C,T
7,37953814,C,A
7,37953992,C,G
7,37955912,G,A
7,37947142,C,A
7,37949246,C,T
7,37956065,C,T
7,37951859,A,T
7,37953858,C,T
7,37953843,T,A
10,104488200,G,T
10,104489099,C,G
10,104486383,G,T
17,78188529,C,A
17,78184803,C,A
17,78185956,G,A
22,38040934,C,A
22,38051611,G,A
22,38046636,C,T
22,38046679,G,T
5,132159951,T,C
5,132158801,A,C
19,52034550,C,T
19,52034136,G,T
19,52023450,G,T
19,52031048,C,A
19,52034179,C,T
19,52023231,T,C
19,52023400,T,A
19,52033197,G,C
19,52031475,C,A
19,52023488,T,C
19,52033116,C,T
19,52033113,G,T
19,52033171,G,T
19,52034735,G,T
19,52034720,C,A
19,52034668,G,A
11,116767928,C,A
11,116734527,A,G
11,116747710,C,A
11,116728430,T,A
11,116729996,C,A
11,116729004,T,C
1,115323061,C,T
1,115319023,C,A
5,138282915,T,A
5,138282972,G,A
5,138463544,T,A
19,38643486,G,T
19,38621383,C,A
19,38573529,G,A
19,38621396,G,T
19,38572906,G,T
19,38632048,G,T
19,38689157,G,C
19,38600929,G,A
19,38572144,G,T
19,38572907,G,C
19,38573083,G,T
19,38692560,G,T
19,38682942,G,C
19,38692597,G,C
19,38609996,C,T
19,38579466,A,G
19,38610061,G,T
19,38572624,G,T
19,38689090,G,T
19,38689091,G,T
19,38600878,G,C
19,38590664,C,T
19,38610446,G,T
19,38597180,A,T
19,38689108,C,G
19,38643535,G,T
19,38572173,A,G
19,38572407,A,G
20,1617044,G,A
20,1629907,C,T
20,1616135,C,A
20,1617082,G,T
20,1616200,T,G
20,1617081,G,T
20,1616067,G,T
20,1617103,G,T
20,1629931,C,A
20,1616208,C,A
20,1616208,C,G
20,1617058,G,T
20,1629914,G,T
20,1617131,C,A
20,1630034,G,C
20,1616967,G,T
20,1616121,C,G
20,1629958,G,A
20,1616867,G,A
20,1629708,C,A
20,1629930,C,T
6,13591940,C,G
6,13604849,C,G
6,13588622,G,T
6,13612223,G,C
6,13597235,G,C
6,13612256,G,C
19,4179235,C,A
19,4174896,C,G
19,4180786,C,A
13,99362010,G,A
13,99364135,T,A
13,99361875,A,T
13,99340562,A,T
13,99354750,C,A
13,99378637,A,T
13,99368211,A,G
13,99378429,G,T
13,99356687,T,C
13,99378453,G,T
13,99337071,G,T
13,99356551,A,G
13,99340768,G,A
13,99364189,G,T
13,99336994,G,C
8,42275467,C,T
8,42320588,G,A
8,42323300,T,C
8,42329756,A,G
8,42296978,C,A
8,42296979,C,A
8,42294897,C,A
8,42302222,G,A
8,42297122,G,A
8,42275403,C,G
8,42302219,C,G
8,42287590,C,A
8,42287680,C,A
17,73273565,C,G
17,73279629,C,A
1,205884139,G,T
1,205890767,G,C
1,205883992,C,T
1,205884449,G,T
1,205884450,G,T
1,205904837,G,A
1,205883897,C,T
1,205904929,C,A
1,205897189,C,T
1,205904909,C,T
1,205892743,T,A
15,50474890,A,T
15,50519376,G,A
15,50474614,C,T
19,59022759,C,G
19,59021368,G,A
19,59021298,T,C
19,59022778,G,A
19,59010872,C,T
19,59021275,C,A
19,59010976,C,T
19,59021373,C,A
19,59010492,G,T
5,68411752,G,C
5,68425393,A,C
11,47436091,G,T
11,47436401,C,T
11,47436242,G,A
11,47431696,C,G
X,115584296,T,C
X,115590106,C,T
X,115584235,G,A
X,115578013,C,A
X,115582710,C,G
X,115572134,G,T
X,115573940,T,G
X,115574910,G,A
X,46522080,T,G
X,46618218,G,C
X,46532014,C,A
X,46618393,C,T
X,46618198,C,G
X,46466380,G,A
X,46508189,G,T
X,46618330,C,A
X,46466492,C,T
X,46541867,T,C
X,46618270,C,G
15,92459310,C,T
15,92647611,T,G
15,92671693,G,A
15,92459521,G,C
15,92690297,C,T
15,92459340,G,T
15,92671681,A,T
17,33690515,G,T
17,33690603,A,T
17,33680452,C,A
17,33679953,A,C
17,33690157,G,T
17,33690840,C,A
17,33679388,C,T
17,33690515,G,T
17,33687322,G,T
17,33687335,A,G
17,33679476,G,T
17,33680924,C,T
17,33680129,C,T
17,33689860,C,A
17,33679766,C,A
17,33592371,A,T
17,33585721,G,T
17,33591385,C,G
17,33586242,G,T
17,33585880,A,G
17,33585968,G,T
17,33586312,G,A
17,33586427,G,C
17,33592660,C,A
17,33585709,G,A
17,33585887,G,T
17,33592869,G,T
17,33591742,A,T
1,40881975,C,T
1,40882506,C,T
1,40882507,C,T
1,40881913,G,T
X,53432308,C,G
X,53432207,C,G
X,53423454,C,T
X,53439185,C,T
X,53436075,C,T
X,53440276,T,G
X,53409448,C,A
X,53432771,C,T
X,53423251,C,G
X,53409204,G,A
1,246021924,G,A
1,245927387,G,T
1,245912968,T,A
1,246021857,G,C
1,245912930,G,T
1,246093203,T,A
1,246493833,C,T
1,246498757,T,C
1,245927451,C,T
1,245927431,T,C
1,246021808,C,T
1,246078861,C,T
9,15453102,G,T
9,15433602,G,A
9,15423971,C,A
9,15444672,G,A
1,38006165,C,A
1,38006344,G,A
1,38005774,C,A
1,38019721,T,A
1,38005881,T,A
1,38019710,G,A
1,38003406,T,A
19,49601690,C,G
19,49610944,G,T
15,25222149,C,A
15,25221555,C,T
15,25222048,G,T
15,25221498,G,T
15,25223337,T,A
15,25200114,G,T
15,25223399,C,A
15,25223574,C,A
15,25223397,C,G
15,25222052,G,T
15,25219589,G,A
15,25225173,G,C
15,25225174,A,T
15,25200193,G,T
15,25222171,C,A
15,25200159,G,T
15,25219797,T,C
15,25225172,T,A
15,25221477,C,T
15,25213218,A,G
15,25222062,A,T
15,25222142,G,T
15,25222033,G,T
15,25200152,C,A
15,25222115,T,C
15,25221490,G,T
14,55510343,C,T
14,55510836,G,T
2,231406611,G,A
2,231334811,C,T
2,231327148,A,T
2,231338077,T,G
2,231307808,G,A
2,231407586,G,T
2,231359144,G,T
2,231328805,G,A
2,231371124,A,T
2,231314306,A,G
2,231314913,G,T
2,231372747,G,T
2,231308915,A,T
2,231367814,G,C
2,231404078,C,G
2,231379989,G,A
2,231311581,G,T
2,231359138,G,C
2,231338154,G,C
2,231406733,C,A
5,151043764,C,G
5,151055697,G,T
5,151043710,T,G
5,151054176,A,T
5,151051154,G,T
5,151055721,C,G
5,151046005,G,T
5,151049241,G,A
5,151049324,T,C
5,151046061,T,C
5,151047042,T,A
5,151049293,G,T
5,151051184,C,T
3,52741778,G,C
11,74680729,C,T
7,101989021,G,A
19,50926091,G,T
X,57021110,C,A
X,57021331,C,T
X,57020669,C,G
9,33248442,C,A
9,33248468,G,A
15,38643583,A,C
15,38643344,G,T
15,38591588,G,T
15,38632064,A,G
5,139936884,G,A
5,139937006,C,G
1,225976981,A,G
1,225965519,C,A
X,153043799,G,A
X,153047046,G,C
X,153050427,G,T
X,153049512,C,T
X,153049528,C,A
X,153048562,C,G
X,153049525,C,A
X,153047240,G,T
X,153046802,G,T
X,153046700,C,T
X,153048470,C,A
X,153048494,G,A
X,153047620,C,A
X,153051078,G,C
18,23667528,T,C
18,23618527,T,A
18,23637672,C,A
18,23612426,T,C
18,23598156,C,A
18,23619334,T,C
18,23614969,C,T
3,187386920,G,T
3,187386921,C,G
3,187387016,G,A
3,187386820,G,C
3,187387015,C,T
3,187386773,A,G
5,100192038,G,T
5,100152246,C,A
5,100192084,C,A
5,100191957,G,T
5,100147663,C,A
5,100191888,C,A
5,100147608,A,T
5,100152183,G,A
X,123191804,G,T
X,123202495,G,T
X,123211830,C,T
X,123224615,G,A
X,123227890,G,T
X,123190075,C,G
X,123195708,G,A
X,123217337,G,C
X,123217307,G,A
X,123229240,C,T
X,123179098,G,T
X,123197899,G,C
X,123164822,A,T
X,123190030,G,C
X,123211828,A,G
X,123200026,G,T
X,123159690,G,T
X,123179212,C,A
X,123200237,A,G
X,123205171,C,A
X,123210221,T,C
X,123197787,T,A
X,123220443,A,T
X,123224763,A,G
7,66770984,A,T
7,66773926,C,T
7,66773927,G,C
7,66771021,A,C
10,17737165,T,A
10,17737166,A,T
10,17702489,G,C
10,17750819,G,A
10,17750775,G,T
10,17702528,G,T
10,17746987,G,T
10,17747606,G,A
10,17726723,C,A
10,17747010,G,A
10,17756752,A,G
10,17746452,A,T
7,38254007,A,T
7,38256644,A,G
7,38247244,G,A
5,171523435,C,T
5,171544485,C,A
5,171509466,C,T
5,171488252,C,T
5,171583642,C,A
5,171520763,C,T
5,171583631,C,A
5,171488231,C,G
5,171533719,G,C
5,171481639,G,T
5,171520746,C,A
5,171520758,C,A
5,171479999,C,A
5,171509412,C,A
5,171471924,C,A
4,5170040,G,A
4,5448430,G,C
4,5053597,G,T
4,5332984,G,C
4,5332966,G,T
4,5418572,G,T
4,5333033,T,A
4,5461853,C,T
4,5170126,G,T
4,5461931,A,G
11,8496413,G,A
11,8496463,C,G
11,8479028,T,A
11,8496256,T,A
11,8457594,C,A
11,8486361,A,G
11,8435086,C,T
20,43629814,G,A
20,43703836,G,T
20,43623806,T,C
20,43681760,A,C
20,43629042,G,A
20,43703736,G,C
20,43623833,C,T
20,43615794,A,G
20,43681811,G,A
19,39955488,C,G
19,39962243,A,G
19,39963501,G,T
19,39964973,C,T
19,39962317,G,T
19,39955569,G,C
19,39948428,G,A
19,39957358,A,G
19,39959770,C,T
19,39967129,G,T
19,39948326,G,C
19,39962250,A,G
17,27016385,A,G
17,27009765,G,T
17,27009766,G,C
17,27016420,G,C
17,27002105,G,A
17,27016436,A,G
17,27010351,G,T
17,27000440,C,T
17,27011938,A,T
17,27024085,G,C
17,27024087,G,T
17,27011621,C,G
17,27024728,G,A
17,27017988,G,T
17,27020740,G,T
17,27027368,G,C
17,27008931,G,A
17,27013422,A,T
17,27014370,A,G
17,27016441,G,A
17,27004785,C,G
17,27003436,T,G
17,27000441,G,A
17,27002069,G,T
17,27010100,A,T
1,149882375,C,A
1,149884986,C,A
1,149885396,G,T
1,149885107,C,A
1,149878336,G,T
1,149882227,G,C
1,149882396,C,T
1,149877476,A,T
1,149885253,G,C
1,149883349,C,A
1,149881030,A,G
1,149885321,C,T
1,149879341,A,G
1,149884838,C,T
1,149885080,C,T
1,149884826,C,A
1,149877345,C,T
1,149882414,C,T
1,149877220,C,T
1,149884837,C,A
1,149885315,C,A
1,149880793,G,C
1,149882451,G,A
1,149881043,C,A
1,149884879,G,T
1,149882165,C,A
1,149882375,C,T
1,149878386,C,T
1,149885007,C,A
8,110587755,G,T
8,110592173,A,C
8,110587459,G,A
8,110587689,C,G
8,110588223,G,A
8,110631194,C,A
8,110592165,C,A
8,110587660,C,G
8,110631080,C,A
8,110631159,T,C
8,110587637,G,C
9,93650132,G,C
9,93657852,G,A
9,93650066,C,T
9,93637067,G,T
9,93606334,G,A
9,93629456,C,G
9,93637033,G,T
9,93657900,G,T
1,202571541,G,T
1,202565790,A,T
1,202565891,G,T
1,202571038,G,T
1,202568477,G,A
1,27677309,C,T
1,27680383,C,T
1,27677345,G,A
1,27677381,G,T
1,27679907,G,A
1,27676499,G,A
X,30849675,T,A
X,30873035,C,A
X,30873036,G,A
X,30873435,T,C
X,30864700,G,T
X,30872883,C,A
X,30864760,G,T
X,30852176,G,T
X,30873050,A,G
X,30873434,C,A
X,30872362,C,A
X,30873637,C,A
X,30877604,C,A
X,30872722,T,A
X,30872241,T,C
X,70601699,T,G
X,70626589,A,G
X,70597538,A,C
X,70586156,T,A
X,70598707,G,T
X,70613232,A,C
X,70598689,G,T
X,70608668,G,T
X,70603920,G,T
X,70612819,G,A
X,70617292,G,C
X,70598761,G,A
X,70598299,T,A
X,70617267,G,T
X,70614045,C,T
X,70683692,G,A
X,70618499,G,T
X,70586259,G,T
X,70598125,C,G
X,70627911,C,A
X,70674707,G,C
X,70618463,T,A
X,70608161,C,A
X,70596935,C,T
X,70595136,G,T
17,61498475,A,G
17,61489475,G,C
17,61278170,T,A
17,61417549,C,T
17,61497616,A,G
17,61482500,G,T
17,61492920,A,G
17,61492904,G,A
17,61489411,G,A
17,61498459,C,T
17,61466858,G,T
17,61391778,A,G
17,61391823,G,T
1,234527254,T,C
1,234529176,G,A
1,234529116,G,C
1,234529569,C,T
1,234546274,C,T
1,234565957,G,A
1,234599596,T,C
1,234529224,T,C
1,234529405,C,A
1,234584270,C,A
1,234565839,C,A
1,234541755,T,A
1,234566017,C,G
1,234593467,G,A
1,234582570,T,C
1,234606997,C,T
1,234584263,G,C
X,153648424,T,C
X,153641823,C,A
X,153640489,C,A
X,153649074,T,A
X,153649030,G,C
6,37281631,G,A
6,37254842,A,G
6,37299039,G,T
6,37298965,G,T
6,37298895,G,T
X,106070416,A,C
X,106046012,G,T
X,106116957,G,T
X,106109122,C,T
X,106046140,G,A
X,106083313,A,G
X,106084040,G,A
X,106066507,A,G
X,106093413,G,T
X,106109130,C,G
4,107016734,C,G
4,107016641,C,T
4,107092362,T,A
4,106967834,C,A
4,106967751,G,A
4,107169463,C,G
4,107169465,T,A
4,107216292,T,C
4,107230101,T,A
4,107156448,C,A
4,107168317,C,A
6,170871116,G,A
14,92258854,G,C
14,92251689,C,A
14,92280051,G,C
14,92268648,A,T
14,92249481,T,G
14,92268677,G,A
14,92251584,T,C
X,102864703,C,A
X,102864328,A,G
22,42565853,C,A
22,42564737,G,A
22,42609766,C,G
22,42606569,C,A
22,42606592,C,G
22,42608404,C,A
22,42605682,T,A
22,42557230,G,C
22,42610599,G,C
22,42605678,C,A
22,42609497,C,T
22,42565869,C,A
22,42609585,G,C
22,42608764,G,C
22,42608028,T,G
22,42611186,T,A
22,42575679,G,T
22,42607278,C,T
22,42607837,C,T
22,42605808,C,A
22,42607645,G,C
5,133477970,G,A
5,133479136,A,G
5,133482071,T,C
5,133477984,C,G
5,133473755,G,T
5,133451750,G,T
1,152080655,C,G
1,152080695,G,T
1,152083948,T,A
1,152080152,C,G
1,152083562,C,T
1,152079909,G,C
1,152080784,G,T
1,152080220,C,T
1,152080401,C,A
1,152082789,C,G
1,152082275,A,T
1,152083156,G,T
1,152081786,C,T
1,152085432,A,G
1,152081942,G,T
1,152084937,C,A
1,152083102,C,T
1,152082681,C,T
1,152083055,C,T
1,152082425,C,T
1,152083102,C,T
1,152084849,C,G
1,152080046,C,T
1,152084342,G,T
1,152080458,G,A
1,152082760,G,C
1,152081864,G,T
1,152082861,C,T
1,152081260,A,T
1,152081957,C,G
1,152080777,T,G
1,152081243,C,G
1,152079858,C,A
1,152081990,C,A
1,152082419,G,C
1,152083697,C,G
1,152080426,C,T
1,152082391,C,G
1,152081034,A,T
1,152080153,G,T
1,152081321,C,T
1,152081544,C,A
1,152086473,T,A
1,152083666,T,C
1,152080392,C,A
1,152082950,T,C
1,152082377,G,C
12,110354442,A,G
12,110348913,G,T
12,110341741,G,T
11,33094290,T,A
11,33065296,G,T
11,33097901,C,T
11,33090376,G,T
11,33097972,A,T
11,33094160,A,G
6,24651078,C,A
6,24651080,A,G
6,24651011,G,T
12,117476813,C,G
12,117513112,C,A
12,117476964,T,C
20,55209267,C,A
20,55208437,G,T
20,55206867,G,T
20,55206885,C,A
20,55209278,G,A
20,55211799,A,G
20,55204644,G,C
1,36054008,C,A
14,76437955,G,C
8,42693223,C,T
8,42694370,C,T
5,79351729,C,G
5,79368108,A,G
5,79368022,A,C
5,79372781,G,A
5,79378987,G,A
5,79378216,G,T
5,79375018,G,A
5,79355630,C,T
5,79355604,G,A
5,79375746,G,T
5,79368005,C,A
5,79378185,C,T
5,79378926,G,A
5,79367913,G,C
5,79366218,C,A
5,79351687,G,T
1,151867517,C,T
1,151847213,T,C
1,151860831,T,C
1,151882022,G,A
22,29940579,T,C
22,29935324,C,A
22,29913331,C,A
22,29908010,C,A
16,20748556,C,A
16,20748250,T,A
16,20748340,C,T
16,20748497,T,G
16,20748389,G,A
6,43472676,G,T
6,43471128,C,T
6,43473214,C,T
6,43471447,G,T
9,84208062,C,T
9,84228380,G,A
9,84208119,C,A
9,84267185,G,A
9,84226816,C,A
9,84267154,A,T
19,2989616,G,T
19,2987939,C,A
15,63058585,A,T
15,63084882,G,T
15,63069108,A,T
15,63030533,G,T
15,63040641,G,A
15,63102154,G,T
15,63055813,C,T
15,63132786,G,A
15,63019331,G,T
15,63011990,C,T
15,63076138,C,T
15,62939627,G,A
15,63008574,G,C
15,63031603,A,T
15,62978906,C,T
15,63014669,C,T
15,63032754,T,A
15,63055787,T,C
15,63092865,A,G
15,62939636,A,G
15,63102159,G,A
15,63031593,A,T
15,62995024,G,C
15,63053961,C,T
15,63031648,G,T
15,63092602,G,T
15,62944248,G,A
15,62948180,A,T
15,63058593,G,T
15,63063229,C,G
15,63029075,A,C
15,63073381,G,T
15,63004131,G,T
15,62948149,G,A
15,62948150,G,T
15,62989969,G,T
15,62978969,G,A
15,62939619,G,T
15,63029237,G,T
15,63047659,G,T
15,62993362,C,G
1,165721382,T,G
1,165721336,C,A
7,44619123,C,G
7,44621566,C,A
12,48360468,G,A
12,48358151,C,T
12,48361989,G,T
19,11453485,C,A
14,67940036,G,A
14,67940629,G,C
14,67940320,C,A
10,63170490,A,T
10,63170201,C,A
10,63212914,G,A
10,63212678,G,A
10,63212759,C,G
10,63170401,G,A
1,32542848,G,T
1,32566178,C,T
1,32557333,C,G
1,32542833,C,G
1,32542878,C,T
1,32560511,G,T
1,32568034,C,T
1,32566053,G,A
1,32568362,G,A
1,32557579,C,A
1,32542859,G,A
1,32542911,C,G
1,32557320,G,C
1,45125889,T,A
1,45120854,G,A
19,18724997,G,T
19,18731233,C,A
19,18731227,C,T
19,18729267,C,T
19,18727819,A,G
19,18731311,C,A
1,226048664,C,G
1,226034860,G,C
1,226046979,C,A
3,33135177,C,T
3,33134917,C,T
3,33134910,C,A
3,33135131,T,A
3,33135073,G,T
8,22969320,G,A
8,22974613,G,T
4,122075623,C,A
4,122071337,G,C
4,122062978,T,G
4,122063033,G,T
17,7291918,A,C
19,55665576,T,G
19,55669021,G,A
19,55666188,C,G
19,55669071,C,A
19,55665443,G,T
19,55665551,G,T
19,55666180,G,A
19,55668981,C,T
19,55669072,C,A
19,55663164,A,C
19,55666156,C,A
19,55668986,G,A
19,55666160,C,A
1,201334424,C,G
1,201330434,C,A
1,201336051,C,A
1,201335967,T,C
1,201337307,T,A
1,201330356,C,A
1,201332529,C,G
1,201336913,G,T
1,201334414,C,A
22,41833088,C,T
22,41832839,C,A
22,41832725,C,G
3,189349318,C,T
3,189526252,A,G
3,189590799,G,T
3,189585656,T,G
3,189590692,G,A
3,189349229,C,G
3,189526215,C,G
3,189582051,C,A
3,189612211,C,A
3,189455623,G,C
3,189587169,C,A
3,189612219,G,T
3,189612133,G,T
3,189585695,G,T
3,189526191,C,A
3,189526160,A,T
3,189582206,G,T
8,80950451,T,A
8,80976821,C,T
8,80992708,C,A
8,80976712,C,A
8,80976781,C,A
16,67188856,C,G
16,67188799,C,A
16,67190465,C,A
8,126445770,C,G
8,126448348,G,T
8,126448527,C,T
8,126448609,G,T
8,126448750,C,G
8,126445584,A,T
11,4411492,C,A
11,4406703,C,T
11,4411673,C,T
11,4406815,G,C
11,4411570,C,A
11,4409627,T,A
11,4409545,T,G
11,4406605,G,A
11,4406748,G,T
11,4411246,C,T
11,4411619,C,A
11,4406863,T,G
11,4409573,T,A
11,4406953,C,A
11,4406464,T,A
11,4406615,C,T
7,138189108,G,A
7,138189108,G,T
7,138264263,G,C
7,138223465,A,G
7,138239468,G,T
7,138200011,G,T
7,138264217,A,G
7,138223420,C,T
7,138252366,G,A
7,138264108,G,T
11,35827924,G,A
11,35706848,G,T
11,35747573,C,G
11,35828002,G,T
11,35747673,C,G
11,35827975,G,T
5,14507326,T,A
5,14498234,C,A
5,14481384,A,G
5,14280519,C,G
5,14291337,G,T
5,14419959,C,T
5,14291234,G,T
5,14508097,G,T
5,14482705,C,T
5,14369489,A,T
5,14291313,G,A
5,14502699,G,A
5,14420035,G,T
5,14489022,G,C
5,14485256,G,T
5,14507306,G,T
5,14280470,C,T
5,14474198,G,C
5,14287164,G,A
5,14399012,C,G
5,14462950,G,T
5,14472747,G,T
5,14331009,G,T
5,14331010,G,T
5,14280534,C,A
5,14508632,A,C
5,14390383,G,T
5,14330943,G,T
5,14330944,G,T
5,14369527,A,G
5,14489022,G,T
5,14358360,A,T
5,14479403,C,T
5,14474147,G,C
5,14508353,C,T
5,14462918,G,T
5,14358319,G,C
5,14406721,C,T
5,14482690,G,T
5,14508072,G,T
5,14291249,G,T
5,14291250,G,T
5,14419894,G,T
5,14359507,C,T
5,14286999,G,T
5,14481375,G,T
5,14378120,G,T
6,126319437,A,G
6,126333971,C,T
6,126329609,C,T
6,126319441,G,A
6,126334124,G,A
6,126319418,T,C
11,101342064,G,T
11,101347086,A,G
11,101374870,T,C
11,101353888,C,A
11,101374853,G,T
11,101375089,T,A
11,101375428,C,G
11,101375429,G,A
11,101454093,G,C
11,101353723,G,T
11,101344259,G,T
11,101359687,C,T
11,101347075,C,A
11,101374920,C,G
11,101362389,G,A
11,101375132,T,C
11,101375096,G,T
11,101375222,G,T
11,101347224,G,T
11,101343050,A,T
11,101353775,G,A
11,101374853,G,A
11,101375108,G,T
11,101342017,C,A
11,101359749,C,A
11,101342867,C,T
11,101375480,C,A
11,101347148,G,C
11,101341974,C,A
11,101374895,G,T
11,101375285,A,G
19,31767730,G,C
19,31769005,C,G
19,31769253,G,A
19,31769822,G,A
19,31769261,C,A
19,31769262,C,T
19,31769975,C,T
19,31769178,C,A
19,31770648,G,A
19,31767546,G,A
19,31767851,G,T
19,31769071,C,G
19,31767552,G,T
19,31767488,G,T
19,31770504,G,T
19,31768409,C,A
19,31767776,C,A
19,31769068,C,T
19,31767678,G,A
19,31770444,C,A
19,31770030,G,A
19,31769592,C,T
19,31767983,G,T
19,31767491,C,A
19,31770556,G,T
19,31768521,C,A
19,31767509,G,T
19,31768669,C,A
19,31767539,G,T
19,31768285,G,T
19,31770490,T,A
19,31767880,C,A
19,31768106,G,C
19,31768002,G,T
19,31768461,G,T
19,31769536,C,T
19,31768243,G,A
19,31769932,T,G
19,31770398,C,A
19,31769416,G,A
19,31768675,C,T
19,31769850,G,C
19,31768026,C,A
19,31768363,C,T
19,31767880,C,A
19,31768037,C,T
19,31768309,C,A
19,31770554,C,A
19,31770550,T,A
19,31770099,G,T
19,31767716,G,A
19,31768669,C,A
19,31769436,C,G
19,31769222,C,T
19,31768851,C,A
19,31767428,C,G
19,31768654,C,A
19,31768999,G,T
19,31769688,T,A
19,31767987,C,A
19,31769605,C,A
19,31770038,C,T
19,31768572,G,T
19,31768748,C,T
19,31768902,C,T
19,31768461,G,A
19,31768256,G,T
19,31768074,G,T
19,31769817,C,A
19,31767679,G,T
19,31769600,C,A
19,31769601,G,T
19,31768665,G,A
19,31769448,A,G
19,31768401,C,T
19,31769734,T,C
19,31769772,G,C
19,31769504,G,A
19,31768982,G,A
19,31768983,G,T
19,31768533,C,G
19,31768133,C,T
19,31768498,C,A
19,31768499,C,A
19,31768676,G,T
19,31767742,C,G
19,31768280,G,T
19,31769002,G,T
19,31768677,C,T
19,31770491,G,T
19,31768367,C,T
19,31768670,C,A
19,31769261,C,A
19,31769262,C,T
19,31769912,G,A
19,31767460,T,A
19,31768887,C,T
19,31769270,C,A
19,31769532,C,A
19,31767550,A,G
19,31767853,C,T
19,31770628,G,A
19,31769101,G,T
19,31768676,G,A
19,31768163,C,G
1,115596060,G,T
1,115603136,T,C
1,115596001,G,A
1,115596034,A,C
12,58139586,C,A
12,58140819,C,T
12,58140827,C,A
X,99891730,G,A
X,99890233,G,T
7,138833076,C,T
7,138849886,C,T
7,138831962,G,T
7,138831963,G,T
7,138863263,T,A
21,38459658,G,T
21,38525505,C,T
21,38538542,G,T
21,38507791,G,T
21,38537944,G,T
21,38537963,A,T
21,38555135,G,T
21,38559406,A,C
21,38558007,G,C
21,38459593,G,T
21,38538595,A,C
21,38537922,G,C
21,38533142,G,T
2,113260740,A,G
2,113243499,G,T
2,113251938,C,T
2,113286318,A,T
13,113200110,G,C
13,113212686,T,A
13,113176788,G,A
13,113158474,G,A
13,113158371,C,T
13,113158417,G,C
13,113212649,G,C
13,113201997,C,T
22,50656172,T,A
22,50659281,G,A
22,50658074,C,T
22,50656678,A,G
22,50664767,C,G
22,50667893,C,G
22,50660053,G,C
22,50660468,C,A
22,50662598,G,T
22,50660931,C,T
22,50657617,G,A
22,50659383,C,A
22,50660228,C,A
22,50682674,A,G
18,9360051,G,C
X,16850763,C,G
X,16855748,C,G
X,16847891,G,T
X,16859727,T,A
X,16855792,G,C
16,72124580,C,A
10,71899571,C,A
7,66463094,C,T
7,66703391,A,T
7,66479459,G,T
7,66463934,C,T
9,139973038,C,A
9,139974553,A,G
9,34251520,G,A
9,34249796,C,G
9,34242054,C,G
9,34241369,C,G
9,34242063,C,G
9,34249871,G,A
9,34249887,G,A
9,34249829,C,T
9,34249927,G,A
9,34249823,G,T
9,33953410,G,A
9,33963754,G,C
9,33998823,C,T
9,33948372,C,A
9,33923984,A,C
9,33988990,G,C
9,33927878,T,C
9,33923274,G,A
9,33941703,T,C
9,33973196,G,C
9,33988994,C,T
3,23250261,G,A
3,23631271,A,C
3,23250330,G,T
9,33917170,G,A
9,33917224,G,A
16,4902828,A,G
16,4927035,C,T
16,4924437,G,T
16,4911085,C,T
16,4924790,C,A
16,4924688,C,T
16,4910738,C,T
16,4924548,G,A
16,4924403,C,T
1,19467338,T,C
1,19511665,C,A
1,19440472,G,T
1,19518771,C,G
1,19401370,C,A
1,19478261,C,A
1,19523740,C,T
1,19468000,C,A
1,19468001,C,A
1,19447887,C,T
1,19449430,C,A
1,19525148,G,A
1,19482030,A,C
1,19519034,G,A
1,19478267,T,C
1,19444381,A,C
1,19481451,G,T
1,19524200,G,A
1,19513101,G,A
1,19510629,G,A
1,19442079,C,T
1,19441958,G,A
1,19505708,G,C
1,19479826,C,A
1,19431184,C,T
1,19525396,G,A
1,19501515,T,A
1,19454222,C,G
1,19481946,C,T
1,19408099,C,A
1,19433220,C,A
1,19499493,G,C
1,19513693,G,A
1,19525042,T,C
1,19478814,T,C
1,19505624,G,C
1,19412691,G,A
1,19491400,G,C
1,19518753,G,A
1,19474558,T,A
1,19518755,C,A
1,19423145,C,G
1,19446747,G,A
1,19437263,C,T
1,19433433,C,A
1,19443790,C,A
1,19446107,G,T
1,19403330,C,A
1,19447883,C,T
1,19501491,G,A
1,19454761,C,A
1,19497254,A,T
3,196094967,C,G
3,196089416,C,A
3,196089298,C,G
3,196129880,G,A
3,196134252,C,T
3,196088762,C,T
3,196134258,C,T
1,165865517,C,T
1,165876981,G,T
1,165876982,G,T
1,165877060,A,T
1,165872427,G,T
1,165872471,G,T
1,165877066,C,T
1,165877072,C,T
1,165877073,G,C
1,165872437,A,T
1,165865547,G,T
1,165860550,C,T
1,165875191,G,T
1,165860546,G,T
1,165877039,G,C
1,165865506,C,A
1,165865463,G,T
1,165860559,G,T
1,165859550,C,T
13,96505871,C,A
13,96624892,C,T
13,96508411,C,A
13,96553181,C,T
13,96485250,C,G
13,96592221,T,A
13,96553116,C,A
13,96506724,C,T
13,96519616,T,G
13,96579553,A,G
13,96651530,C,A
13,96599352,C,T
13,96515883,C,A
13,96515938,C,A
13,96705546,C,G
13,96601613,G,A
13,96505887,C,G
13,96506611,C,G
13,96638604,G,A
2,99225969,C,T
2,99226378,G,A
2,99234748,A,G
2,99232733,T,A
11,17539001,C,G
11,17554815,G,T
11,17542494,C,T
11,17552770,C,A
11,17517185,C,A
11,17544334,C,G
11,17531201,G,T
11,17554975,A,T
11,17542423,G,T
11,17553016,C,G
11,17553052,G,T
11,17538963,C,T
11,17527396,G,T
11,17531361,G,T
11,17531110,G,T
11,17552946,C,T
11,17554887,A,C
11,17531182,C,A
11,17519757,G,T
11,17545010,C,A
11,17517186,G,T
11,17527437,A,T
11,17552759,C,A
11,17522677,G,T
11,17522697,C,G
11,17522656,G,T
11,17517222,G,A
11,17544442,C,A
11,17553076,C,G
11,17531216,G,A
11,17552840,C,A
11,17554923,G,T
2,234463045,C,T
2,234394426,G,T
2,234465641,C,G
2,234436148,C,A
2,234442344,C,A
2,234436080,T,C
2,234421213,A,G
2,234463172,C,A
2,234394527,C,T
11,75852056,G,T
11,75718610,C,T
11,75852149,G,T
11,75852254,G,A
11,75715105,G,T
11,75826953,T,G
11,75599948,G,T
11,75599907,G,T
11,75727892,G,T
11,75852456,G,T
11,75562951,C,T
10,76989401,G,A
10,76990703,G,T
4,177608555,C,A
4,177608644,C,T
4,177632711,C,A
4,177648996,C,A
4,177649058,C,A
4,177713413,A,G
4,177648948,C,A
4,177608569,G,C
4,177648981,C,T
4,177648969,T,A
4,177649043,C,T
4,177648974,C,A
4,177650751,G,T
4,177609075,C,A
4,177632762,C,A
4,177605168,C,A
4,177608561,C,T
4,177605130,C,A
4,177648957,G,T
4,177608435,G,A
4,177608442,G,A
4,177648957,G,T
4,177605128,T,G
4,177608410,G,T
4,177648962,C,A
3,10188296,A,G
3,10188229,A,C
3,10183655,G,C
16,31105615,C,T
16,31105880,G,T
16,31106838,T,C
16,31105701,C,T
16,31105624,C,A
16,31106861,C,T
9,2635510,C,T
9,2635511,G,A
9,2653872,C,T
9,2635500,C,T
9,2643959,C,T
9,2646540,A,G
9,2652803,G,T
20,2843727,A,T
20,2847154,G,T
20,2841496,C,T
20,2843379,G,T
20,2841893,G,A
20,2840774,G,T
20,2844844,G,A
20,2846072,G,T
20,2844701,G,T
20,2845910,T,G
20,2841419,G,T
20,2844012,A,T
20,2842546,G,T
20,2843550,A,G
8,17137787,G,C
8,17123433,A,G
8,17132344,A,T
8,17132389,A,T
8,17133938,A,T
7,38791787,G,A
7,38796572,C,T
7,38937723,C,A
7,38857421,T,A
7,38785205,C,T
7,38805189,T,C
7,38768292,C,T
7,38908748,T,G
7,38816338,C,A
7,38835164,C,A
7,38785214,C,T
6,142510618,T,C
6,142539888,G,A
6,142539636,G,A
6,142491480,C,T
6,142468431,G,T
6,142491482,G,T
6,142491483,A,T
2,98928447,C,A
2,98928739,G,C
2,98744862,C,A
2,98736074,C,T
2,98887214,G,T
2,98851134,A,G
2,98928442,T,C
2,98872621,C,A
2,98779374,C,T
2,98732114,G,T
2,98887265,A,T
2,98928526,G,T
2,98750290,C,A
2,98779317,C,A
2,98916570,T,C
2,98852870,G,T
2,98853201,G,T
2,98853245,C,A
2,98907030,C,T
2,98887245,A,C
2,98744812,C,A
2,98844751,G,T
2,98907069,T,A
2,98709643,G,T
2,98736075,C,T
2,98797496,G,T
2,98732176,G,C
2,98866890,C,A
2,98709612,G,T
2,98928536,G,A
7,123334896,C,T
7,123332590,C,T
7,123334768,C,A
7,123336783,G,A
7,123346396,T,C
7,123332735,G,A
7,123332669,G,A
7,123388768,C,A
7,123332402,G,T
2,128481960,C,A
2,128482706,C,A
2,128479467,T,C
2,128477085,C,A
2,128477639,C,G
2,128466446,G,A
2,128471188,C,A
2,128522374,T,A
2,128482635,C,A
2,128480604,T,A
2,128471546,C,T
2,128467294,T,G
20,44108642,A,T
2,175436932,G,C
2,175436469,C,T
2,175446110,G,A
2,175436859,T,A
2,175437061,T,G
2,175436453,C,A
2,175436881,T,A
2,175436603,C,G
2,175436472,G,C
2,175436453,C,A
2,175431778,A,C
2,175440024,C,T
2,175436887,C,A
2,175436802,G,A
2,175432714,C,A
2,175436403,C,A
2,175437101,T,A
2,175436481,G,A
3,149374755,G,A
3,149245727,C,A
3,149290690,C,A
3,149374727,C,G
12,69783951,G,C
12,69759413,G,C
1,38269559,C,G
1,38272561,G,A
1,38272818,C,T
3,111312388,C,A
3,111312626,C,G
3,111312502,C,A
3,111312668,G,T
3,111312865,G,T
3,111312691,G,T
3,111312970,C,G
3,111312891,C,A
3,111313116,G,T
11,62521549,C,T
11,62521622,G,T
11,62519825,G,T
11,62520142,G,A
11,62520804,G,A
11,62521620,C,G
11,62519805,G,C
11,62519814,G,A
11,62519813,T,C
11,62521022,G,A
11,62521022,G,C
11,62519745,G,A
11,62519947,A,T
11,62521497,G,A
1,6640757,C,T
1,6641242,G,A
1,6641229,C,T
4,4317667,G,T
4,4322915,G,T
4,4304252,G,T
4,4304774,T,G
4,4317389,G,A
4,4323004,G,T
4,4317644,T,G
4,4304168,G,T
4,4304804,A,T
11,57449913,T,A
11,57440471,C,G
6,38084406,G,A
6,38029416,A,G
9,74975669,G,A
2,43452198,C,G
2,43452607,C,T
14,68220809,C,A
14,68264845,T,A
14,68272204,G,A
14,68274527,C,A
14,68222664,C,A
14,68251091,C,A
14,68222716,T,C
14,68273273,C,G
14,68249766,G,A
14,68220796,C,T
14,68274475,G,T
14,68234553,T,A
14,68257294,G,A
14,68256100,G,C
14,68244283,C,T
14,68249644,C,A
14,68219064,G,A
14,68265321,G,A
14,68257301,C,A
14,68249881,T,A
14,68249514,C,T
14,68244368,G,A
14,68275994,C,G
14,68249655,T,C
14,68229448,C,G
14,68251821,T,C
14,68272236,C,A
14,68273368,T,A
14,68252721,C,A
14,68252722,C,G
14,68244965,C,T
14,68264919,G,A
14,68222835,C,A
6,28334083,G,A
6,28333829,G,T
6,28327678,G,T
6,28331556,G,T
6,28333385,C,A
6,28333386,A,C
6,28327735,G,T
6,28327344,G,T
1,42898847,G,A
1,42898960,C,G
1,42905682,C,T
19,9676986,G,A
19,9677550,C,A
19,9677452,C,A
19,9677032,C,A
1,247320487,C,G
1,247320002,G,A
1,247320033,T,C
1,247319988,A,G
1,247320309,G,T
1,247319842,G,C
4,366543,G,C
4,367427,G,T
4,366963,A,C
4,367593,G,T
4,367610,C,T
4,367007,G,A
4,337570,G,A
2,219507026,C,T
2,219508688,G,A
2,219508601,C,T
2,219508191,C,T
2,219503486,C,A
2,219509212,C,A
2,219509387,T,G
2,219513463,G,A
2,219513427,G,A
2,219507065,G,A
2,219503067,C,T
2,219521075,C,T
2,219503289,G,A
2,219509519,G,A
2,219509702,T,G
2,219510891,T,C
2,219506819,G,A
19,19824913,C,A
19,19824950,C,A
19,19822426,C,A
19,19823380,G,C
19,19822504,T,A
17,11881681,T,A
17,11895767,C,A
17,11895946,G,A
17,11881705,G,C
17,11895931,T,C
19,44570525,G,T
19,44570538,G,A
19,44564659,G,T
19,44570525,G,T
19,44570526,G,T
19,44571045,G,T
19,44564659,G,T
19,44570336,A,G
19,44570323,T,C
19,44570392,A,G
19,44570267,G,T
19,44570937,G,T
19,44571372,G,T
19,44570386,G,T
17,5012681,C,A
17,5009283,C,G
17,5012905,C,A
17,5015118,C,T
17,5009405,T,C
17,5012775,A,G
17,5009656,C,T
19,44662182,C,A
19,44660544,C,A
19,44661726,G,T
19,44661190,G,C
19,44661715,G,T
19,44661977,A,T
19,44661342,G,T
19,44661343,G,T
19,44661636,C,A
19,44652983,G,T
19,44661481,C,T
12,133768117,G,T
12,133779191,A,T
12,133768558,G,T
12,133779409,G,T
12,133779410,A,T
12,133779003,T,C
12,133758615,G,T
12,133779036,G,T
17,15619791,C,G
17,15620368,G,T
17,15620341,G,C
19,54080157,G,T
19,54074859,G,A
19,54080208,G,A
19,54072640,G,T
19,54080202,T,G
19,54080922,C,T
19,54080224,G,A
19,54081028,A,T
19,54080157,G,C
19,54080096,C,T
19,54080559,G,A
19,54080589,A,T
20,45129994,C,G
20,45133262,C,T
20,45130394,T,A
20,45131627,C,A
20,45132908,C,A
20,45130371,T,C
20,45130201,T,C
20,45131250,C,G
20,45130568,G,C
20,45132981,C,A
20,45131272,G,T
20,45130263,T,C
20,45130930,C,T
20,45130108,C,A
20,45130940,C,A
20,45129982,G,A
20,45130851,G,A
20,25656842,G,T
20,25655806,T,C
20,25657370,C,G
20,25656807,C,T
20,25667172,T,C
20,25656823,C,T
20,25656525,G,A
20,25666740,C,T
20,25667060,C,A
20,25667036,G,T
20,25655784,C,A
20,25667111,G,C
5,176471400,G,T
5,176468840,A,T
5,178139986,T,C
5,178139917,G,A
5,178140563,C,A
5,178139467,C,T
5,178140243,T,A
5,178139416,T,A
5,178154111,C,G
5,178139390,T,A
19,37117543,C,A
19,37117328,G,A
19,37117865,G,T
19,37117732,C,T
19,37117917,C,A
19,37117290,G,T
19,37100919,G,T
19,37101549,C,A
19,37118372,T,C
19,37100898,C,G
19,37117086,G,C
19,37117630,C,G
19,37118440,G,T
19,37117340,C,T
19,37117262,A,G
19,37117246,A,T
19,37117284,G,C
19,37118298,C,A
19,37117923,C,A
19,37117555,G,T
19,37118089,C,A
8,28218455,T,C
8,28206278,C,G
8,28214286,C,A
8,28206270,C,T
8,28206337,C,A
8,28209072,C,G
X,47308861,C,A
X,47308566,G,T
X,47307415,C,A
X,47315755,C,T
X,47306910,C,A
X,47306910,C,G
X,47308150,G,C
X,47315755,C,A
X,47306961,C,T
X,47307811,T,A
X,47308730,G,C
X,47308385,G,A
X,47306644,T,C
X,134481012,C,A
X,134481224,C,T
X,134494750,A,C
X,134494262,G,T
X,134483124,C,G
X,134494568,G,T
X,134481132,G,T
X,134494411,C,A
X,134495020,G,T
X,134494331,G,C
6,57012917,G,T
6,57012581,A,G
6,57011930,G,C
6,57018737,G,C
6,57015521,A,T
6,56999642,C,T
6,56989601,G,T
6,57012847,G,T
6,57013339,G,T
6,57006175,C,T
6,57012484,G,A
6,57012630,G,T
19,57803158,G,T
19,57802137,C,T
19,57803456,G,C
19,57802323,G,A
19,57802481,C,T
19,57803220,G,C
19,57803657,G,T
19,57803294,A,G
19,52909845,A,G
19,52919235,G,T
19,52919325,G,C
19,52909814,G,A
19,52918959,C,T
19,52919085,G,T
19,52918844,G,T
19,52905244,A,T
19,7083801,G,C
19,7075719,G,C
19,7083400,T,C
19,7083876,G,A
19,12637860,T,C
19,36940594,C,G
19,36940775,C,T
19,36967453,G,A
19,36967454,A,G
19,36940320,T,C
19,36963907,C,A
19,36940215,C,A
19,36940581,C,A
19,36940216,C,A
19,36967453,G,A
19,36964265,C,A
19,36940118,C,T
8,125988590,G,T
8,125989176,G,T
8,125988733,T,G
8,125989475,A,T
8,125988958,C,T
8,125987892,G,C
8,125988838,G,T
8,125989981,G,T
8,125989914,C,A
8,125988734,G,A
8,125988735,G,T
19,44038585,G,A
19,44039424,C,G
3,48282614,C,T
3,48310838,G,T
12,133502841,C,G
12,133502422,T,A
12,133502297,C,A
12,133503579,C,T
12,133502051,T,C
12,133502631,C,T
12,133503363,A,G
12,133502506,T,A
19,58512098,G,A
19,58490876,G,C
19,58499599,C,A
19,58512667,C,A
19,58489707,G,C
19,58491351,G,A
19,58511176,C,T
19,58499672,T,G
19,58490390,G,C
19,58499575,C,A
19,58490783,T,A
19,58490898,C,T
19,58489748,C,T
19,58490843,T,A
19,58490705,C,G
3,40529119,A,C
3,40529088,C,G
3,40528670,G,A
3,40529172,C,A
3,40528959,G,T
3,40573808,G,C
3,40574363,G,T
3,40573785,G,T
3,40574037,G,T
3,40573774,G,T
3,40573561,G,T
19,12256520,A,G
19,12256740,T,A
16,31072956,C,A
16,31072581,C,A
16,31073585,G,A
16,31072695,G,A
16,31073432,T,A
16,31072772,C,A
16,31072428,C,A
16,31073129,C,A
X,46360723,C,A
X,46360507,C,T
X,46359634,T,A
X,46359636,T,A
X,46387869,C,A
X,46388277,G,A
X,46360580,T,A
1,26695060,C,T
1,26695073,C,A
1,26688623,G,A
1,26688304,C,A
1,26694176,C,A
1,26691246,C,A
1,26691442,G,C
1,26688465,G,C
1,26688417,G,T
1,26688394,C,T
1,26689561,T,A
1,26688288,C,A
1,249152402,T,C
1,249152029,G,A
1,249152134,G,T
1,249152472,G,T
1,249149986,G,A
1,249144947,C,A
1,249144510,C,A
19,9407298,C,A
19,9407341,C,T
19,9407485,C,G
19,9406091,T,C
19,9407173,C,T
19,9406031,C,A
19,9407478,C,A
19,9406916,C,T
19,9408584,C,A
19,9408097,T,C
19,21476571,T,C
19,21477067,T,A
19,21476272,G,T
19,21476864,G,C
19,57133591,G,T
19,57133862,G,T
19,57132930,G,T
19,57133350,A,T
19,57133628,C,T
19,57133270,G,T
19,57133485,G,T
19,57133832,G,T
19,57133357,G,A
19,57133482,G,T
19,57133886,G,T
19,57133426,C,T
19,57133759,G,C
16,30594813,G,A
19,37314698,G,A
19,37310663,C,T
19,37310991,C,T
19,37314611,T,A
19,37309329,A,G
19,37314599,A,G
19,37309614,G,C
19,11849696,G,C
19,11833307,G,A
19,11833620,C,G
19,11832562,C,A
19,11833011,A,G
12,133634482,A,C
12,133635049,A,C
12,133617993,A,T
12,133635087,G,T
12,133634854,G,T
12,133634371,G,T
12,133635355,G,T
1,71544196,C,T
1,71532463,C,T
1,71546696,C,G
1,71546712,T,A
1,71534972,C,A
1,71538211,C,A
1,71535040,C,A
1,71546703,C,A
1,71546733,G,T
6,28097449,A,T
19,58598378,G,A
19,58596357,C,A
19,58598321,C,A
19,58596175,C,T
19,58596125,C,A
19,58600081,C,A
19,58596626,C,G
19,58601308,C,A
19,58596565,G,A
19,58596189,C,A
19,58598331,C,A
19,58601615,G,C
19,58596479,G,T
19,58596425,C,A
19,58597475,C,G
19,58601464,G,A
19,58596514,C,A
15,85164419,G,C
15,85165222,C,A
15,85147051,C,T
19,13939467,G,A
19,13919735,G,A
19,13930173,G,T
19,13941649,G,A
19,13941589,C,T
19,13915656,G,T
